Original Name	New Name	Seq Length	 Seq GC
UCYN_RS05935_WP_012954612.1	012954612_Contig_211_Len1455	1455	29.0721649485
UCYN_RS03000_WP_012954024.1	012954024_Contig_681_Len747	747	29.9866131191
UCYN_RS02795_WP_012953982.1	012953982_Contig_49_Len2286	2286	29.3088363955
UCYN_RS05390_WP_012954502.1	012954502_Contig_220_Len1443	1443	34.9965349965
UCYN_RS03170_WP_012954058.1	012954058_Contig_544_Len936	936	29.1666666667
UCYN_RS04285_WP_012954282.1	012954282_Contig_785_Len621	621	30.2737520129
UCYN_RS00125_WP_012953452.1	012953452_Contig_874_Len504	504	33.1349206349
UCYN_RS02715_WP_012953966.1	012953966_Contig_416_Len1101	1101	35.4223433243
UCYN_RS00790_WP_012953587.1	012953587_Contig_883_Len489	489	38.036809816
UCYN_RS03020_WP_012954028.1	012954028_Contig_835_Len546	546	29.8534798535
UCYN_RS00135_WP_012953454.1	012953454_Contig_567_Len900	900	34.1111111111
UCYN_RS00875_WP_041487712.1	041487712_Contig_370_Len1161	1161	34.1946597761
UCYN_RS00945_WP_012953618.1	012953618_Contig_813_Len570	570	35.4385964912
UCYN_RS01405_WP_041487717.1	041487717_Contig_1099_Len237	237	32.9113924051
UCYN_RS04985_WP_012954421.1	012954421_Contig_516_Len969	969	34.8813209494
UCYN_RS01595_WP_012953748.1	012953748_Contig_894_Len477	477	37.9454926625
UCYN_RS00325_WP_041487795.1	041487795_Contig_810_Len573	573	28.7958115183
UCYN_RS01370_WP_012953703.1	012953703_Contig_1024_Len321	321	36.1370716511
UCYN_RS03770_WP_012954181.1	012954181_Contig_78_Len1995	1995	33.1328320802
UCYN_RS03900_WP_041487757.1	041487757_Contig_730_Len693	693	30.7359307359
UCYN_RS01290_WP_012953686.1	012953686_Contig_194_Len1485	1485	35.0841750842
UCYN_RS04075_WP_012954237.1	012954237_Contig_1026_Len321	321	37.0716510903
UCYN_RS03355_WP_012954093.1	012954093_Contig_765_Len642	642	27.5700934579
UCYN_RS02825_WP_012953988.1	012953988_Contig_759_Len648	648	28.0864197531
UCYN_RS04325_WP_012954290.1	012954290_Contig_564_Len906	906	31.4569536424
UCYN_RS05385_WP_041487783.1	041487783_Contig_430_Len1086	1086	33.7016574586
UCYN_RS03110_WP_012954046.1	012954046_Contig_870_Len513	513	26.3157894737
UCYN_RS04780_WP_012954379.1	012954379_Contig_966_Len390	390	33.3333333333
UCYN_RS03340_WP_012954090.1	012954090_Contig_460_Len1041	1041	31.5081652257
UCYN_RS01785_WP_012953785.1	012953785_Contig_978_Len372	372	29.0322580645
UCYN_RS00880_WP_012953605.1	012953605_Contig_573_Len888	888	33.4459459459
UCYN_RS04175_WP_012954258.1	012954258_Contig_287_Len1308	1308	32.9510703364
UCYN_RS04835_WP_012954391.1	012954391_Contig_1040_Len309	309	32.0388349515
UCYN_RS02330_WP_012953894.1	012953894_Contig_569_Len897	897	24.5261984392
UCYN_RS02900_WP_012954004.1	012954004_Contig_182_Len1530	1530	38.6928104575
UCYN_RS04110_WP_012954244.1	012954244_Contig_292_Len1299	1299	35.5658198614
UCYN_RS03980_WP_012954219.1	012954219_Contig_800_Len591	591	36.717428088
UCYN_RS01935_WP_012953815.1	012953815_Contig_580_Len882	882	37.7551020408
UCYN_RS02985_WP_012954021.1	012954021_Contig_520_Len960	960	28.2291666667
UCYN_RS04540_WP_041487875.1	041487875_Contig_950_Len411	411	35.2798053528
UCYN_RS05560_WP_012954537.1	012954537_Contig_898_Len477	477	27.463312369
UCYN_RS00160_WP_012953459.1	012953459_Contig_84_Len1965	1965	36.2849872774
UCYN_RS01360_WP_012953701.1	012953701_Contig_699_Len732	732	28.4153005464
UCYN_RS02545_WP_012953937.1	012953937_Contig_701_Len732	732	31.8306010929
UCYN_RS04180_WP_012954259.1	012954259_Contig_1072_Len270	270	35.9259259259
UCYN_RS03915_WP_012954209.1	012954209_Contig_361_Len1176	1176	32.7380952381
UCYN_RS01845_WP_041487730.1	041487730_Contig_1046_Len303	303	30.0330033003
UCYN_RS04880_WP_012954400.1	012954400_Contig_1013_Len345	345	33.6231884058
UCYN_RS04845_WP_012954393.1	012954393_Contig_1064_Len282	282	38.6524822695
UCYN_RS03725_WP_012954172.1	012954172_Contig_110_Len1827	1827	33.8259441708
UCYN_RS00965_WP_012953622.1	012953622_Contig_968_Len387	387	36.1757105943
UCYN_RS04480_WP_012954320.1	012954320_Contig_156_Len1623	1623	35.1201478743
UCYN_RS00340_WP_049765564.1	049765564_Contig_631_Len810	810	35.3086419753
UCYN_RS02560_WP_041487838.1	041487838_Contig_933_Len429	429	32.1678321678
UCYN_RS01535_WP_012953736.1	012953736_Contig_1063_Len282	282	29.7872340426
UCYN_RS01825_WP_012953793.1	012953793_Contig_872_Len507	507	31.7554240631
UCYN_RS00620_WP_012953552.1	012953552_Contig_850_Len537	537	35.9404096834
UCYN_RS04270_WP_012954278.1	012954278_Contig_559_Len918	918	33.7690631808
UCYN_RS02960_WP_012954016.1	012954016_Contig_1084_Len252	252	33.7301587302
UCYN_RS05845_WP_012954594.1	012954594_Contig_678_Len753	753	30.8100929615
UCYN_RS05555_WP_012954536.1	012954536_Contig_435_Len1080	1080	32.037037037
UCYN_RS02080_WP_041487734.1	041487734_Contig_272_Len1338	1338	34.3049327354
UCYN_RS01775_WP_012953783.1	012953783_Contig_384_Len1143	1143	33.5958005249
UCYN_RS01795_WP_012953787.1	012953787_Contig_20_Len2856	2856	32.6680672269
UCYN_RS04380_WP_012954300.1	012954300_Contig_210_Len1455	1455	34.8453608247
UCYN_RS05215_WP_012954467.1	012954467_Contig_816_Len564	564	31.914893617
UCYN_RS00700_WP_012953569.1	012953569_Contig_608_Len840	840	29.4047619048
UCYN_RS03225_WP_012954067.1	012954067_Contig_44_Len2358	2358	28.7955894826
UCYN_RS02260_WP_012953880.1	012953880_Contig_63_Len2148	2148	37.5698324022
UCYN_RS02950_WP_012954014.1	012954014_Contig_85_Len1959	1959	33.1291475242
UCYN_RS03585_WP_081440568.1	081440568_Contig_58_Len2196	2196	30.1912568306
UCYN_RS05835_WP_012954592.1	012954592_Contig_298_Len1290	1290	31.1627906977
UCYN_RS04035_WP_012954228.1	012954228_Contig_128_Len1761	1761	30.1533219761
UCYN_RS03985_WP_012954220.1	012954220_Contig_809_Len576	576	30.7291666667
UCYN_RS00630_WP_012953554.1	012953554_Contig_1089_Len246	246	42.2764227642
UCYN_RS05400_WP_012954504.1	012954504_Contig_400_Len1125	1125	31.6444444444
UCYN_RS02855_WP_012953994.1	012953994_Contig_1123_Len207	207	33.3333333333
UCYN_RS02535_WP_012953935.1	012953935_Contig_1106_Len222	222	40.990990991
UCYN_RS05710_WP_012954567.1	012954567_Contig_590_Len870	870	32.4137931034
UCYN_RS01615_WP_012953752.1	012953752_Contig_155_Len1626	1626	31.1193111931
UCYN_RS01035_WP_012953636.1	012953636_Contig_179_Len1548	1548	25.9689922481
UCYN_RS01010_WP_012953631.1	012953631_Contig_376_Len1155	1155	34.2857142857
UCYN_RS01765_WP_012953781.1	012953781_Contig_264_Len1353	1353	26.9770879527
UCYN_RS02970_WP_012954018.1	012954018_Contig_1056_Len291	291	31.9587628866
UCYN_RS00925_WP_012953614.1	012953614_Contig_440_Len1068	1068	28.2771535581
UCYN_RS00385_WP_041487703.1	041487703_Contig_456_Len1044	1044	28.1609195402
UCYN_RS04435_WP_012954311.1	012954311_Contig_1029_Len318	318	27.0440251572
UCYN_RS05350_WP_040055239.1	040055239_Contig_1093_Len243	243	37.8600823045
UCYN_RS01220_WP_012953672.1	012953672_Contig_667_Len762	762	28.6089238845
UCYN_RS00485_WP_012953524.1	012953524_Contig_284_Len1314	1314	33.3333333333
UCYN_RS05020_WP_041487776.1	041487776_Contig_76_Len2010	2010	32.3880597015
UCYN_RS02820_WP_012953987.1	012953987_Contig_120_Len1794	1794	32.6644370123
UCYN_RS03870_WP_012954200.1	012954200_Contig_707_Len726	726	34.5730027548
UCYN_RS05715_WP_041487787.1	041487787_Contig_344_Len1194	1194	35.0083752094
UCYN_RS00730_WP_041487805.1	041487805_Contig_685_Len744	744	31.0483870968
UCYN_RS01990_WP_071813723.1	071813723_Contig_511_Len972	972	37.8600823045
UCYN_RS04260_WP_012954276.1	012954276_Contig_472_Len1032	1032	34.6899224806
UCYN_RS00495_WP_012953527.1	012953527_Contig_548_Len933	933	35.0482315113
UCYN_RS06060_WP_012954510.1	012954510_Contig_706_Len729	729	26.2002743484
UCYN_RS04520_WP_012954329.1	012954329_Contig_1018_Len333	333	36.036036036
UCYN_RS03220_WP_012954066.1	012954066_Contig_1073_Len267	267	34.8314606742
UCYN_RS03705_WP_012954168.1	012954168_Contig_74_Len2016	2016	35.7142857143
UCYN_RS00735_WP_012953575.1	012953575_Contig_1061_Len282	282	37.9432624113
UCYN_RS02580_WP_012953943.1	012953943_Contig_1092_Len243	243	31.6872427984
UCYN_RS05180_WP_012954461.1	012954461_Contig_175_Len1557	1557	26.8464996789
UCYN_RS01630_WP_012953754.1	012953754_Contig_637_Len798	798	33.4586466165
UCYN_RS04770_WP_012954377.1	012954377_Contig_596_Len855	855	30.7602339181
UCYN_RS02235_WP_012953876.1	012953876_Contig_868_Len519	519	33.9113680154
UCYN_RS01770_WP_012953782.1	012953782_Contig_396_Len1128	1128	31.2943262411
UCYN_RS01685_WP_012953765.1	012953765_Contig_646_Len786	786	31.9338422392
UCYN_RS01015_WP_012953632.1	012953632_Contig_540_Len939	939	34.9307774228
UCYN_RS00555_WP_012953539.1	012953539_Contig_285_Len1314	1314	27.5494672755
UCYN_RS01105_WP_049765566.1	049765566_Contig_363_Len1173	1173	26.9394714408
UCYN_RS05135_WP_012954453.1	012954453_Contig_246_Len1389	1389	34.0532757379
UCYN_RS00430_WP_041487704.1	041487704_Contig_133_Len1737	1737	29.6488198043
UCYN_RS01195_WP_012953666.1	012953666_Contig_488_Len996	996	30.1204819277
UCYN_RS01185_WP_041487715.1	041487715_Contig_1090_Len246	246	45.1219512195
UCYN_RS01995_WP_012953829.1	012953829_Contig_1083_Len252	252	30.1587301587
UCYN_RS00855_WP_012953600.1	012953600_Contig_788_Len609	609	33.0049261084
UCYN_RS03040_WP_012954032.1	012954032_Contig_779_Len627	627	33.6523125997
UCYN_RS00835_WP_012953596.1	012953596_Contig_190_Len1509	1509	35.7852882704
UCYN_RS01980_WP_012953826.1	012953826_Contig_212_Len1452	1452	33.4710743802
UCYN_RS05885_WP_012954602.1	012954602_Contig_305_Len1272	1272	28.1446540881
UCYN_RS00475_WP_012953522.1	012953522_Contig_603_Len843	843	34.7568208778
UCYN_RS04240_WP_012954272.1	012954272_Contig_71_Len2049	2049	31.5763787213
UCYN_RS03140_WP_012954052.1	012954052_Contig_274_Len1335	1335	24.1947565543
UCYN_RS05045_WP_041487778.1	041487778_Contig_1096_Len240	240	35.4166666667
UCYN_RS02010_WP_012953832.1	012953832_Contig_1112_Len216	216	34.7222222222
UCYN_RS00930_WP_012953615.1	012953615_Contig_791_Len606	606	41.0891089109
UCYN_RS00395_WP_012953507.1	012953507_Contig_551_Len930	930	37.9569892473
UCYN_RS06075_WP_081440566.1	081440566_Contig_454_Len1053	1053	28.3950617284
UCYN_RS04860_WP_012954396.1	012954396_Contig_942_Len420	420	43.3333333333
UCYN_RS02000_WP_012953830.1	012953830_Contig_1070_Len270	270	37.037037037
UCYN_RS03575_WP_041487750.1	041487750_Contig_66_Len2115	2115	31.6784869976
UCYN_RS01715_WP_012953770.1	012953770_Contig_700_Len732	732	33.0601092896
UCYN_RS05275_WP_012954480.1	012954480_Contig_626_Len819	819	31.8681318681
UCYN_RS01440_WP_012953716.1	012953716_Contig_960_Len396	396	28.7878787879
UCYN_RS01640_WP_012953756.1	012953756_Contig_263_Len1353	1353	34.6637102735
UCYN_RS01490_WP_012953726.1	012953726_Contig_256_Len1362	1362	31.718061674
UCYN_RS05185_WP_012954462.1	012954462_Contig_539_Len945	945	31.4285714286
UCYN_RS05820_WP_012954589.1	012954589_Contig_492_Len990	990	31.1111111111
UCYN_RS02430_WP_012953914.1	012953914_Contig_184_Len1527	1527	33.5297969876
UCYN_RS02250_WP_012953878.1	012953878_Contig_716_Len711	711	27.7074542897
UCYN_RS05450_WP_012954515.1	012954515_Contig_350_Len1185	1185	39.6624472574
UCYN_RS03335_WP_041487748.1	041487748_Contig_247_Len1383	1383	31.8148951555
UCYN_RS03100_WP_012954044.1	012954044_Contig_679_Len750	750	34.6666666667
UCYN_RS02200_WP_012953869.1	012953869_Contig_394_Len1131	1131	28.5587975243
UCYN_RS01155_WP_012953659.1	012953659_Contig_934_Len426	426	37.79342723
UCYN_RS04235_WP_041487763.1	041487763_Contig_597_Len852	852	29.1079812207
UCYN_RS03895_WP_012954205.1	012954205_Contig_1028_Len318	318	37.7358490566
UCYN_RS03780_WP_012954182.1	012954182_Contig_734_Len687	687	32.7510917031
UCYN_RS03075_WP_012954039.1	012954039_Contig_56_Len2232	2232	38.1720430108
UCYN_RS03595_WP_012954146.1	012954146_Contig_844_Len540	540	30.1851851852
UCYN_RS03300_WP_012954082.1	012954082_Contig_449_Len1059	1059	35.4107648725
UCYN_RS04660_WP_012954354.1	012954354_Contig_1068_Len273	273	33.6996336996
UCYN_RS00840_WP_012953597.1	012953597_Contig_91_Len1929	1929	35.7698289269
UCYN_RS05170_WP_012954459.1	012954459_Contig_372_Len1161	1161	32.7304048234
UCYN_RS03685_WP_041487753.1	041487753_Contig_198_Len1485	1485	33.3333333333
UCYN_RS03815_WP_012954189.1	012954189_Contig_311_Len1260	1260	34.6031746032
UCYN_RS02150_WP_012953860.1	012953860_Contig_463_Len1038	1038	31.4065510597
UCYN_RS01860_WP_012953800.1	012953800_Contig_843_Len540	540	39.0740740741
UCYN_RS02385_WP_012953905.1	012953905_Contig_168_Len1578	1578	33.5868187579
UCYN_RS01865_WP_012953801.1	012953801_Contig_295_Len1290	1290	33.6434108527
UCYN_RS00660_WP_012953561.1	012953561_Contig_46_Len2319	2319	30.0991806813
UCYN_RS03235_WP_012954069.1	012954069_Contig_320_Len1245	1245	32.7710843373
UCYN_RS02060_WP_041487824.1	041487824_Contig_661_Len771	771	30.3501945525
UCYN_RS02810_WP_041487840.1	041487840_Contig_1047_Len300	300	28.3333333333
UCYN_RS04215_WP_012954266.1	012954266_Contig_207_Len1464	1464	31.762295082
UCYN_RS03030_WP_012954031.1	012954031_Contig_682_Len747	747	33.1994645248
UCYN_RS05635_WP_012954552.1	012954552_Contig_913_Len459	459	33.7690631808
UCYN_RS04745_WP_012954372.1	012954372_Contig_529_Len954	954	29.035639413
UCYN_RS02765_WP_012953976.1	012953976_Contig_8_Len3312	3312	38.3152173913
UCYN_RS03065_WP_012954037.1	012954037_Contig_871_Len510	510	33.3333333333
UCYN_RS04415_WP_012954307.1	012954307_Contig_828_Len552	552	30.9782608696
UCYN_RS05355_WP_012954495.1	012954495_Contig_180_Len1545	1545	32.8802588997
UCYN_RS02895_WP_012954003.1	012954003_Contig_218_Len1443	1443	39.7782397782
UCYN_RS05280_WP_012954481.1	012954481_Contig_857_Len531	531	30.131826742
UCYN_RS00540_WP_012953536.1	012953536_Contig_576_Len885	885	30.9604519774
UCYN_RS04910_WP_012954406.1	012954406_Contig_908_Len465	465	38.7096774194
UCYN_RS01200_WP_012953667.1	012953667_Contig_34_Len2481	2481	30.0282144297
UCYN_RS00410_WP_012953510.1	012953510_Contig_310_Len1263	1263	33.5708630245
UCYN_RS04385_WP_012954301.1	012954301_Contig_879_Len498	498	35.7429718876
UCYN_RS00980_WP_012953625.1	012953625_Contig_501_Len981	981	33.5372069317
UCYN_RS00560_WP_012953540.1	012953540_Contig_365_Len1167	1167	33.5904027421
UCYN_RS03500_WP_012954123.1	012954123_Contig_157_Len1611	1611	32.1539416511
UCYN_RS00185_WP_012953464.1	012953464_Contig_611_Len837	837	32.3775388292
UCYN_RS04940_WP_012954412.1	012954412_Contig_538_Len945	945	35.5555555556
UCYN_RS04895_WP_012954403.1	012954403_Contig_845_Len540	540	36.1111111111
UCYN_RS03435_WP_012954112.1	012954112_Contig_1071_Len270	270	34.4444444444
UCYN_RS03625_WP_012954152.1	012954152_Contig_804_Len582	582	29.381443299
UCYN_RS05765_WP_012954578.1	012954578_Contig_136_Len1725	1725	31.5942028986
UCYN_RS00515_WP_012953531.1	012953531_Contig_473_Len1026	1026	36.8421052632
UCYN_RS05985_WP_012954622.1	012954622_Contig_660_Len774	774	31.2661498708
UCYN_RS05625_WP_041487890.1	041487890_Contig_952_Len408	408	31.3725490196
UCYN_RS02135_WP_012953856.1	012953856_Contig_494_Len987	987	36.6767983789
UCYN_RS02145_WP_012953858.1	012953858_Contig_200_Len1479	1479	33.0628803245
UCYN_RS00850_WP_012953599.1	012953599_Contig_754_Len651	651	28.1105990783
UCYN_RS03370_WP_012954096.1	012954096_Contig_940_Len420	420	29.7619047619
UCYN_RS02460_WP_012953920.1	012953920_Contig_524_Len957	957	34.0647857889
UCYN_RS00920_WP_012953613.1	012953613_Contig_655_Len777	777	34.8777348777
UCYN_RS01960_WP_012953822.1	012953822_Contig_69_Len2088	2088	37.4042145594
UCYN_RS04600_WP_012954342.1	012954342_Contig_1003_Len354	354	36.1581920904
UCYN_RS00305_WP_012953489.1	012953489_Contig_455_Len1050	1050	34.380952381
UCYN_RS05730_WP_012954571.1	012954571_Contig_922_Len450	450	36.0
UCYN_RS05055_WP_041487779.1	041487779_Contig_158_Len1611	1611	32.278088144
UCYN_RS05690_WP_012954563.1	012954563_Contig_253_Len1374	1374	27.2925764192
UCYN_RS00915_WP_012953612.1	012953612_Contig_93_Len1917	1917	31.1945748565
UCYN_RS04865_WP_012954397.1	012954397_Contig_1101_Len237	237	35.864978903
UCYN_RS02040_WP_012953837.1	012953837_Contig_614_Len834	834	36.9304556355
UCYN_RS03755_WP_012954178.1	012954178_Contig_137_Len1722	1722	31.0104529617
UCYN_RS00975_WP_012953624.1	012953624_Contig_481_Len1017	1017	30.6784660767
UCYN_RS05095_WP_012954446.1	012954446_Contig_1009_Len351	351	29.0598290598
UCYN_RS01720_WP_012953771.1	012953771_Contig_2_Len4584	4584	34.5113438045
UCYN_RS03490_WP_012954122.1	012954122_Contig_21_Len2799	2799	34.7624151483
UCYN_RS01750_WP_041487727.1	041487727_Contig_316_Len1254	1254	31.8181818182
UCYN_RS03505_WP_041487854.1	041487854_Contig_793_Len606	606	36.9636963696
UCYN_RS01625_WP_012953753.1	012953753_Contig_1060_Len285	285	32.9824561404
UCYN_RS03730_WP_012954173.1	012954173_Contig_300_Len1284	1284	35.046728972
UCYN_RS00520_WP_012953532.1	012953532_Contig_485_Len1008	1008	35.6150793651
UCYN_RS01930_WP_012953814.1	012953814_Contig_629_Len813	813	30.012300123
UCYN_RS05550_WP_012954535.1	012954535_Contig_243_Len1392	1392	30.0287356322
UCYN_RS01740_WP_041487726.1	041487726_Contig_60_Len2178	2178	35.3076216713
UCYN_RS02210_WP_012953871.1	012953871_Contig_102_Len1878	1878	33.4930777423
UCYN_RS03960_WP_012954215.1	012954215_Contig_783_Len624	624	33.6538461538
UCYN_RS05990_WP_012954623.1	012954623_Contig_955_Len402	402	31.592039801
UCYN_RS01555_WP_041487722.1	041487722_Contig_96_Len1908	1908	34.2767295597
UCYN_RS00960_WP_012953621.1	012953621_Contig_172_Len1566	1566	30.9067688378
UCYN_RS00415_WP_012953511.1	012953511_Contig_977_Len372	372	33.8709677419
UCYN_RS01080_WP_012953645.1	012953645_Contig_118_Len1794	1794	38.0156075808
UCYN_RS04225_WP_012954269.1	012954269_Contig_25_Len2643	2643	31.0253499811
UCYN_RS01605_WP_012953750.1	012953750_Contig_675_Len753	753	32.802124834
UCYN_RS03565_WP_012954139.1	012954139_Contig_989_Len363	363	36.3636363636
UCYN_RS05250_WP_012954474.1	012954474_Contig_530_Len954	954	35.9538784067
UCYN_RS04255_WP_012954275.1	012954275_Contig_1053_Len294	294	31.9727891156
UCYN_RS01965_WP_012953823.1	012953823_Contig_402_Len1122	1122	30.2139037433
UCYN_RS05060_WP_012954438.1	012954438_Contig_312_Len1260	1260	35.4761904762
UCYN_RS05235_WP_012954472.1	012954472_Contig_1059_Len288	288	31.9444444444
UCYN_RS05505_WP_012954526.1	012954526_Contig_276_Len1332	1332	37.7627627628
UCYN_RS00280_WP_012953484.1	012953484_Contig_159_Len1608	1608	35.5721393035
UCYN_RS01255_WP_012953679.1	012953679_Contig_1122_Len207	207	30.9178743961
UCYN_RS05795_WP_012954584.1	012954584_Contig_146_Len1668	1668	36.6306954436
UCYN_RS04450_WP_012954314.1	012954314_Contig_550_Len933	933	33.2261521972
UCYN_RS02730_WP_012953969.1	012953969_Contig_726_Len696	696	34.0517241379
UCYN_RS02415_WP_012953911.1	012953911_Contig_644_Len789	789	32.9531051965
UCYN_RS02870_WP_012953997.1	012953997_Contig_1118_Len213	213	33.8028169014
UCYN_RS00580_WP_012953544.1	012953544_Contig_1088_Len246	246	34.9593495935
UCYN_RS02525_WP_012953933.1	012953933_Contig_604_Len843	843	33.6892052195
UCYN_RS03190_WP_012954061.1	012954061_Contig_571_Len894	894	30.9843400447
UCYN_RS01920_WP_012953812.1	012953812_Contig_197_Len1485	1485	32.0538720539
UCYN_RS04395_WP_041487767.1	041487767_Contig_349_Len1185	1185	35.1898734177
UCYN_RS02165_WP_012953862.1	012953862_Contig_1001_Len354	354	33.0508474576
UCYN_RS04595_WP_012954341.1	012954341_Contig_525_Len957	957	34.7962382445
UCYN_RS01040_WP_012953637.1	012953637_Contig_88_Len1938	1938	36.5841073271
UCYN_RS05365_WP_012954497.1	012954497_Contig_731_Len693	693	33.9105339105
UCYN_RS00290_WP_012953486.1	012953486_Contig_261_Len1353	1353	33.4811529933
UCYN_RS04900_WP_012954404.1	012954404_Contig_991_Len363	363	41.3223140496
UCYN_RS05805_WP_012954586.1	012954586_Contig_670_Len762	762	30.9711286089
UCYN_RS00285_WP_012953485.1	012953485_Contig_659_Len774	774	30.2325581395
UCYN_RS02445_WP_012953917.1	012953917_Contig_561_Len915	915	28.1967213115
UCYN_RS02770_WP_012953977.1	012953977_Contig_4_Len3912	3912	37.091002045
UCYN_RS01525_WP_012953734.1	012953734_Contig_692_Len735	735	32.7891156463
UCYN_RS05865_WP_012954598.1	012954598_Contig_29_Len2604	2604	32.7188940092
UCYN_RS04280_WP_012954281.1	012954281_Contig_235_Len1404	1404	34.2592592593
UCYN_RS00030_WP_012953433.1	012953433_Contig_438_Len1071	1071	37.441643324
UCYN_RS03515_WP_012954126.1	012954126_Contig_385_Len1143	1143	32.4584426947
UCYN_RS01235_WP_012953675.1	012953675_Contig_216_Len1449	1449	38.4403036577
UCYN_RS05700_WP_041487891.1	041487891_Contig_149_Len1659	1659	30.8619650392
UCYN_RS04620_WP_012954346.1	012954346_Contig_117_Len1797	1797	35.9488035615
UCYN_RS05085_WP_012954444.1	012954444_Contig_752_Len657	657	32.2678843227
UCYN_RS04715_WP_012954366.1	012954366_Contig_566_Len903	903	34.4407530454
UCYN_RS02755_WP_012953974.1	012953974_Contig_353_Len1182	1182	35.1099830795
UCYN_RS03365_WP_012954095.1	012954095_Contig_57_Len2217	2217	39.0166892197
UCYN_RS01135_WP_012953655.1	012953655_Contig_262_Len1353	1353	31.6334072432
UCYN_RS00080_WP_012953443.1	012953443_Contig_1116_Len213	213	24.882629108
UCYN_RS02020_WP_012953834.1	012953834_Contig_671_Len756	756	32.1428571429
UCYN_RS05040_WP_012954433.1	012954433_Contig_589_Len870	870	25.2873563218
UCYN_RS02815_WP_012953986.1	012953986_Contig_664_Len765	765	29.9346405229
UCYN_RS00455_WP_012953518.1	012953518_Contig_425_Len1089	1089	28.4664830119
UCYN_RS02450_WP_012953918.1	012953918_Contig_213_Len1452	1452	27.2038567493
UCYN_RS05670_WP_012954559.1	012954559_Contig_68_Len2091	2091	30.7986609278
UCYN_RS02865_WP_012953996.1	012953996_Contig_388_Len1134	1134	36.0670194004
UCYN_RS03265_WP_012954075.1	012954075_Contig_827_Len552	552	31.1594202899
UCYN_RS04955_WP_012954415.1	012954415_Contig_917_Len456	456	34.649122807
UCYN_RS05760_WP_012954577.1	012954577_Contig_598_Len852	852	27.1126760563
UCYN_RS02605_WP_012953948.1	012953948_Contig_418_Len1098	1098	30.14571949
UCYN_RS02610_WP_012953949.1	012953949_Contig_762_Len645	645	36.5891472868
UCYN_RS03600_WP_012954147.1	012954147_Contig_780_Len627	627	34.1307814992
UCYN_RS04310_WP_012954287.1	012954287_Contig_345_Len1191	1191	27.0361041142
UCYN_RS01225_WP_012953673.1	012953673_Contig_330_Len1224	1224	32.4346405229
UCYN_RS03765_WP_012954180.1	012954180_Contig_297_Len1290	1290	31.7054263566
UCYN_RS06140_WP_071813730.1	071813730_Contig_1144_Len114	114	34.2105263158
UCYN_RS03940_WP_012954212.1	012954212_Contig_439_Len1071	1071	36.4145658263
UCYN_RS02540_WP_012953936.1	012953936_Contig_124_Len1773	1773	31.9232938522
UCYN_RS00785_WP_012953586.1	012953586_Contig_698_Len732	732	30.8743169399
UCYN_RS04505_WP_012954326.1	012954326_Contig_1_Len5949	5949	28.6434694907
UCYN_RS01500_WP_012953728.1	012953728_Contig_789_Len609	609	38.4236453202
UCYN_RS04590_WP_012954340.1	012954340_Contig_916_Len456	456	35.9649122807
UCYN_RS00295_WP_012953487.1	012953487_Contig_54_Len2238	2238	34.3610366399
UCYN_RS05190_WP_041487781.1	041487781_Contig_41_Len2439	2439	35.6293562936
UCYN_RS03760_WP_012954179.1	012954179_Contig_732_Len690	690	31.0144927536
UCYN_RS01330_WP_012953695.1	012953695_Contig_513_Len969	969	31.8885448916
UCYN_RS02805_WP_012953984.1	012953984_Contig_338_Len1203	1203	33.0839567747
UCYN_RS00755_WP_012953579.1	012953579_Contig_64_Len2139	2139	31.556802244
UCYN_RS04765_WP_012954376.1	012954376_Contig_1007_Len351	351	34.4729344729
UCYN_RS02400_WP_012953908.1	012953908_Contig_280_Len1317	1317	36.5223993926
UCYN_RS03710_WP_012954169.1	012954169_Contig_565_Len903	903	25.8028792913
UCYN_RS03465_WP_012954118.1	012954118_Contig_322_Len1242	1242	33.0917874396
UCYN_RS04700_WP_012954363.1	012954363_Contig_547_Len936	936	33.0128205128
UCYN_RS00330_WP_012953494.1	012953494_Contig_1000_Len354	354	33.3333333333
UCYN_RS00400_WP_012953508.1	012953508_Contig_912_Len459	459	35.2941176471
UCYN_RS03995_WP_012954222.1	012954222_Contig_362_Len1176	1176	29.3367346939
UCYN_RS04055_WP_012954232.1	012954232_Contig_18_Len2883	2883	29.448491155
UCYN_RS00510_WP_012953530.1	012953530_Contig_1145_Len102	102	29.4117647059
UCYN_RS03975_WP_012954218.1	012954218_Contig_553_Len927	927	32.1467098166
UCYN_RS01915_WP_012953811.1	012953811_Contig_468_Len1035	1035	34.0096618357
UCYN_RS00695_WP_012953568.1	012953568_Contig_391_Len1131	1131	30.41556145
UCYN_RS04720_WP_012954367.1	012954367_Contig_495_Len987	987	31.8135764944
UCYN_RS02030_WP_012953836.1	012953836_Contig_936_Len426	426	34.5070422535
UCYN_RS05080_WP_012954443.1	012954443_Contig_461_Len1041	1041	34.5821325648
UCYN_RS02390_WP_012953906.1	012953906_Contig_273_Len1335	1335	31.0861423221
UCYN_RS01560_WP_012953741.1	012953741_Contig_140_Len1698	1698	26.3839811543
UCYN_RS04905_WP_012954405.1	012954405_Contig_865_Len522	522	40.0383141762
UCYN_RS03160_WP_012954056.1	012954056_Contig_497_Len984	984	34.9593495935
UCYN_RS04430_WP_041487768.1	041487768_Contig_760_Len648	648	29.3209876543
UCYN_RS01725_WP_012953772.1	012953772_Contig_3_Len3999	3999	35.3088272068
UCYN_RS04050_WP_012954231.1	012954231_Contig_1012_Len345	345	29.2753623188
UCYN_RS01285_WP_012953685.1	012953685_Contig_767_Len639	639	25.0391236307
UCYN_RS00490_WP_012953525.1	012953525_Contig_248_Len1380	1380	34.6376811594
UCYN_RS01025_WP_012953634.1	012953634_Contig_176_Len1554	1554	28.5714285714
UCYN_RS00995_WP_012953628.1	012953628_Contig_649_Len783	783	33.3333333333
UCYN_RS02665_WP_012953960.1	012953960_Contig_145_Len1668	1668	32.8537170264
UCYN_RS04755_WP_012954374.1	012954374_Contig_5_Len3753	3753	31.7612576605
UCYN_RS00615_WP_012953551.1	012953551_Contig_821_Len558	558	37.8136200717
UCYN_RS04670_WP_012954356.1	012954356_Contig_324_Len1239	1239	33.0104923325
UCYN_RS04025_WP_012954227.1	012954227_Contig_81_Len1989	1989	33.2830568125
UCYN_RS02830_WP_012953989.1	012953989_Contig_228_Len1419	1419	27.6250880902
UCYN_RS02015_WP_012953833.1	012953833_Contig_397_Len1125	1125	37.9555555556
UCYN_RS02695_WP_012953962.1	012953962_Contig_615_Len834	834	35.4916067146
UCYN_RS04750_WP_012954373.1	012954373_Contig_50_Len2274	2274	27.528583993
UCYN_RS00435_WP_012953514.1	012953514_Contig_111_Len1821	1821	33.7177375069
UCYN_RS04805_WP_012954384.1	012954384_Contig_610_Len840	840	28.8095238095
UCYN_RS00900_WP_012953609.1	012953609_Contig_414_Len1101	1101	36.8755676658
UCYN_RS03010_WP_041487843.1	041487843_Contig_366_Len1164	1164	39.089347079
UCYN_RS04130_WP_012954249.1	012954249_Contig_373_Len1158	1158	32.7288428325
UCYN_RS02365_WP_012953901.1	012953901_Contig_888_Len486	486	34.1563786008
UCYN_RS03090_WP_012954042.1	012954042_Contig_508_Len975	975	31.1794871795
UCYN_RS00950_WP_012953619.1	012953619_Contig_1015_Len333	333	28.8288288288
UCYN_RS05260_WP_012954476.1	012954476_Contig_970_Len387	387	31.2661498708
UCYN_RS00300_WP_012953488.1	012953488_Contig_953_Len402	402	26.368159204
UCYN_RS00725_WP_012953573.1	012953573_Contig_632_Len807	807	32.5898389095
UCYN_RS00090_WP_012953445.1	012953445_Contig_531_Len951	951	35.436382755
UCYN_RS03745_WP_012954176.1	012954176_Contig_444_Len1062	1062	36.0640301318
UCYN_RS03070_WP_012954038.1	012954038_Contig_640_Len795	795	35.4716981132
UCYN_RS00905_WP_012953610.1	012953610_Contig_712_Len714	714	30.6722689076
UCYN_RS04925_WP_012954409.1	012954409_Contig_1104_Len228	228	33.3333333333
UCYN_RS05415_WP_012954508.1	012954508_Contig_829_Len552	552	28.0797101449
UCYN_RS03520_WP_012954127.1	012954127_Contig_77_Len2001	2001	35.3823088456
UCYN_RS00505_WP_012953529.1	012953529_Contig_422_Len1092	1092	34.4322344322
UCYN_RS02115_WP_012953853.1	012953853_Contig_286_Len1308	1308	34.4036697248
UCYN_RS04100_WP_012954242.1	012954242_Contig_546_Len936	936	30.8760683761
UCYN_RS01475_WP_012953723.1	012953723_Contig_222_Len1437	1437	33.1245650661
UCYN_RS04040_WP_012954229.1	012954229_Contig_475_Len1026	1026	33.7231968811
UCYN_RS00600_WP_012953548.1	012953548_Contig_127_Len1761	1761	30.4940374787
UCYN_RS00115_WP_041487792.1	041487792_Contig_100_Len1881	1881	32.3232323232
UCYN_RS01385_WP_012953706.1	012953706_Contig_594_Len855	855	31.8128654971
UCYN_RS01450_WP_012953718.1	012953718_Contig_387_Len1137	1137	34.7405452946
UCYN_RS06015_WP_012954628.1	012954628_Contig_375_Len1158	1158	30.1381692573
UCYN_RS01395_WP_012953707.1	012953707_Contig_36_Len2475	2475	32.5656565657
UCYN_RS00405_WP_012953509.1	012953509_Contig_309_Len1263	1263	36.3420427553
UCYN_RS05010_WP_012954426.1	012954426_Contig_269_Len1347	1347	33.6302895323
UCYN_RS00595_WP_012953547.1	012953547_Contig_355_Len1176	1176	30.8673469388
UCYN_RS03025_WP_012954029.1	012954029_Contig_852_Len537	537	31.843575419
UCYN_RS05545_WP_012954534.1	012954534_Contig_499_Len984	984	34.3495934959
UCYN_RS05945_WP_041487790.1	041487790_Contig_975_Len381	381	32.5459317585
UCYN_RS02285_WP_012953885.1	012953885_Contig_448_Len1059	1059	34.1831916903
UCYN_RS01215_WP_041487814.1	041487814_Contig_1044_Len303	303	35.3135313531
UCYN_RS05290_WP_012954483.1	012954483_Contig_446_Len1062	1062	33.8041431262
UCYN_RS01295_WP_012953687.1	012953687_Contig_583_Len876	876	33.2191780822
UCYN_RS00865_WP_012953602.1	012953602_Contig_382_Len1143	1143	30.3587051619
UCYN_RS05880_WP_012954601.1	012954601_Contig_717_Len711	711	30.9423347398
UCYN_RS03450_WP_012954115.1	012954115_Contig_170_Len1572	1572	32.951653944
UCYN_RS00035_WP_012953434.1	012953434_Contig_967_Len387	387	31.007751938
UCYN_RS04680_WP_041487771.1	041487771_Contig_51_Len2253	2253	33.0670217488
UCYN_RS01305_WP_012953689.1	012953689_Contig_851_Len537	537	26.6294227188
UCYN_RS04345_WP_012954294.1	012954294_Contig_896_Len477	477	27.8825995807
UCYN_RS05960_WP_012954617.1	012954617_Contig_94_Len1917	1917	35.9937402191
UCYN_RS06105_WP_040054926.1	040054926_Contig_1140_Len129	129	34.8837209302
UCYN_RS01570_WP_012953743.1	012953743_Contig_443_Len1065	1065	34.6478873239
UCYN_RS05140_WP_012954454.1	012954454_Contig_204_Len1473	1473	34.894772573
UCYN_RS02480_WP_012953924.1	012953924_Contig_515_Len969	969	35.0877192982
UCYN_RS00895_WP_012953608.1	012953608_Contig_875_Len504	504	37.5
UCYN_RS02160_WP_012953861.1	012953861_Contig_1011_Len345	345	34.2028985507
UCYN_RS00265_WP_012953481.1	012953481_Contig_641_Len792	792	30.0505050505
UCYN_RS03645_WP_012954156.1	012954156_Contig_1031_Len315	315	31.4285714286
UCYN_RS04205_WP_012954264.1	012954264_Contig_658_Len777	777	35.6499356499
UCYN_RS00610_WP_012953550.1	012953550_Contig_188_Len1512	1512	39.4841269841
UCYN_RS03060_WP_012954036.1	012954036_Contig_1131_Len189	189	32.2751322751
UCYN_RS03635_WP_012954154.1	012954154_Contig_859_Len528	528	27.2727272727
UCYN_RS03560_WP_012954138.1	012954138_Contig_895_Len477	477	32.4947589099
UCYN_RS02595_WP_012953946.1	012953946_Contig_1133_Len186	186	36.0215053763
UCYN_RS05490_WP_012954523.1	012954523_Contig_426_Len1089	1089	37.4655647383
UCYN_RS02620_WP_012953951.1	012953951_Contig_795_Len603	603	33.3333333333
UCYN_RS02075_WP_012953846.1	012953846_Contig_12_Len3027	3027	28.5761480013
UCYN_RS01610_WP_012953751.1	012953751_Contig_834_Len546	546	31.5018315018
UCYN_RS01880_WP_012953804.1	012953804_Contig_139_Len1704	1704	38.2042253521
UCYN_RS03785_WP_012954183.1	012954183_Contig_148_Len1665	1665	31.2912912913
UCYN_RS02315_WP_012953891.1	012953891_Contig_753_Len654	654	38.379204893
UCYN_RS00635_WP_041487708.1	041487708_Contig_673_Len753	753	36.9189907039
UCYN_RS01400_WP_012953708.1	012953708_Contig_770_Len636	636	35.3773584906
UCYN_RS03905_WP_012954207.1	012954207_Contig_490_Len996	996	33.0321285141
UCYN_RS01165_WP_012953661.1	012953661_Contig_1103_Len228	228	37.7192982456
UCYN_RS00390_WP_012953506.1	012953506_Contig_890_Len483	483	30.8488612836
UCYN_RS05540_WP_012954533.1	012954533_Contig_266_Len1350	1350	34.5925925926
UCYN_RS02990_WP_012954022.1	012954022_Contig_1034_Len312	312	39.7435897436
UCYN_RS04005_WP_012954224.1	012954224_Contig_423_Len1092	1092	35.7142857143
UCYN_RS05175_WP_012954460.1	012954460_Contig_121_Len1788	1788	27.6286353468
UCYN_RS04080_WP_012954238.1	012954238_Contig_869_Len516	516	30.6201550388
UCYN_RS03970_WP_012954217.1	012954217_Contig_404_Len1119	1119	37.5335120643
UCYN_RS05975_WP_012954620.1	012954620_Contig_1121_Len210	210	31.9047619048
UCYN_RS04400_WP_012954304.1	012954304_Contig_638_Len798	798	33.8345864662
UCYN_RS00605_WP_012953549.1	012953549_Contig_535_Len945	945	37.2486772487
UCYN_RS00590_WP_041487707.1	041487707_Contig_636_Len798	798	32.7067669173
UCYN_RS01160_WP_012953660.1	012953660_Contig_784_Len621	621	37.8421900161
UCYN_RS02720_WP_041487739.1	041487739_Contig_352_Len1182	1182	29.5262267343
UCYN_RS03125_WP_012954049.1	012954049_Contig_217_Len1446	1446	36.3762102351
UCYN_RS02380_WP_012953904.1	012953904_Contig_138_Len1716	1716	32.4009324009
UCYN_RS02575_WP_012953942.1	012953942_Contig_1142_Len114	114	35.0877192982
UCYN_RS02670_WP_012953961.1	012953961_Contig_690_Len741	741	36.8421052632
UCYN_RS00720_WP_041487709.1	041487709_Contig_563_Len909	909	32.5632563256
UCYN_RS02510_WP_012953930.1	012953930_Contig_464_Len1038	1038	33.8150289017
UCYN_RS01320_WP_012953693.1	012953693_Contig_195_Len1485	1485	31.1784511785
UCYN_RS04425_WP_012954309.1	012954309_Contig_166_Len1587	1587	34.4675488343
UCYN_RS00805_WP_012953590.1	012953590_Contig_1117_Len213	213	31.455399061
UCYN_RS02890_WP_012954002.1	012954002_Contig_591_Len864	864	40.162037037
UCYN_RS03935_WP_012954211.1	012954211_Contig_466_Len1038	1038	36.7052023121
UCYN_RS01275_WP_012953683.1	012953683_Contig_572_Len891	891	32.6599326599
UCYN_RS04475_WP_012954319.1	012954319_Contig_757_Len651	651	34.2549923195
UCYN_RS04665_WP_012954355.1	012954355_Contig_751_Len657	657	30.7458143075
UCYN_RS05310_WP_012954487.1	012954487_Contig_937_Len426	426	31.9248826291
UCYN_RS05225_WP_012954469.1	012954469_Contig_129_Len1761	1761	29.7558205565
UCYN_RS04455_WP_012954315.1	012954315_Contig_695_Len735	735	34.2857142857
UCYN_RS01780_WP_012953784.1	012953784_Contig_694_Len735	735	29.5238095238
UCYN_RS01805_WP_012953789.1	012953789_Contig_441_Len1068	1068	39.2322097378
UCYN_RS04990_WP_012954422.1	012954422_Contig_259_Len1359	1359	29.5805739514
UCYN_RS04245_WP_012954273.1	012954273_Contig_254_Len1371	1371	29.6863603209
UCYN_RS01975_WP_012953825.1	012953825_Contig_668_Len762	762	33.9895013123
UCYN_RS03250_WP_012954072.1	012954072_Contig_831_Len549	549	30.0546448087
UCYN_RS00140_WP_012953455.1	012953455_Contig_482_Len1014	1014	34.0236686391
UCYN_RS05240_WP_012954473.1	012954473_Contig_527_Len957	957	28.1086729363
UCYN_RS02085_WP_012953848.1	012953848_Contig_90_Len1935	1935	31.2144702842
UCYN_RS04915_WP_012954407.1	012954407_Contig_281_Len1317	1317	38.1928625664
UCYN_RS04830_WP_012954390.1	012954390_Contig_773_Len633	633	38.5466034755
UCYN_RS04170_WP_041487762.1	041487762_Contig_214_Len1452	1452	33.2644628099
UCYN_RS05650_WP_012954555.1	012954555_Contig_386_Len1140	1140	31.0526315789
UCYN_RS05500_WP_012954525.1	012954525_Contig_650_Len783	783	34.3550446999
UCYN_RS05265_WP_012954477.1	012954477_Contig_11_Len3030	3030	31.5511551155
UCYN_RS03820_WP_012954190.1	012954190_Contig_947_Len414	414	31.4009661836
UCYN_RS03875_WP_012954201.1	012954201_Contig_976_Len375	375	40.5333333333
UCYN_RS01045_WP_012953638.1	012953638_Contig_27_Len2622	2622	32.6468344775
UCYN_RS02300_WP_012953888.1	012953888_Contig_371_Len1161	1161	34.1946597761
UCYN_RS01905_WP_012953809.1	012953809_Contig_620_Len825	825	30.5454545455
UCYN_RS00565_WP_012953541.1	012953541_Contig_635_Len798	798	36.3408521303
UCYN_RS00110_WP_012953449.1	012953449_Contig_16_Len2901	2901	30.6101344364
UCYN_RS05495_WP_012954524.1	012954524_Contig_39_Len2442	2442	31.9000819001
UCYN_RS03795_WP_012954185.1	012954185_Contig_55_Len2235	2235	33.5123042506
UCYN_RS01710_WP_012953769.1	012953769_Contig_99_Len1887	1887	35.7180710122
UCYN_RS03750_WP_012954177.1	012954177_Contig_1042_Len306	306	29.0849673203
UCYN_RS05035_WP_041487777.1	041487777_Contig_1081_Len255	255	29.8039215686
UCYN_RS00625_WP_012953553.1	012953553_Contig_930_Len432	432	36.1111111111
UCYN_RS01120_WP_012953652.1	012953652_Contig_79_Len1992	1992	40.2610441767
UCYN_RS00800_WP_012953589.1	012953589_Contig_708_Len723	723	39.8340248963
UCYN_RS00940_WP_012953617.1	012953617_Contig_536_Len945	945	30.1587301587
UCYN_RS04850_WP_012954394.1	012954394_Contig_990_Len363	363	40.4958677686
UCYN_RS00350_WP_041487798.1	041487798_Contig_1102_Len234	234	32.905982906
UCYN_RS03480_WP_012954121.1	012954121_Contig_219_Len1443	1443	34.7886347886
UCYN_RS04045_WP_012954230.1	012954230_Contig_389_Len1134	1134	31.2169312169
UCYN_RS01130_WP_041487812.1	041487812_Contig_689_Len741	741	32.1187584345
UCYN_RS04760_WP_012954375.1	012954375_Contig_892_Len483	483	35.1966873706
UCYN_RS01415_WP_012953711.1	012953711_Contig_877_Len498	498	30.7228915663
UCYN_RS01820_WP_041487729.1	041487729_Contig_926_Len441	441	30.612244898
UCYN_RS01790_WP_012953786.1	012953786_Contig_427_Len1086	1086	34.438305709
UCYN_RS00355_WP_012953499.1	012953499_Contig_899_Len474	474	32.4894514768
UCYN_RS03130_WP_012954050.1	012954050_Contig_409_Len1107	1107	31.7073170732
UCYN_RS03320_WP_012954086.1	012954086_Contig_858_Len528	528	29.1666666667
UCYN_RS02055_WP_012953840.1	012953840_Contig_803_Len582	582	32.9896907216
UCYN_RS00535_WP_012953535.1	012953535_Contig_925_Len441	441	32.6530612245
UCYN_RS01435_WP_012953715.1	012953715_Contig_985_Len366	366	34.1530054645
UCYN_RS04800_WP_012954383.1	012954383_Contig_683_Len747	747	30.5220883534
UCYN_RS04625_WP_012954347.1	012954347_Contig_105_Len1857	1857	39.0414647281
UCYN_RS03105_WP_012954045.1	012954045_Contig_489_Len996	996	37.4497991968
UCYN_RS05930_WP_012954611.1	012954611_Contig_201_Len1479	1479	35.7674104124
UCYN_RS03955_WP_012954214.1	012954214_Contig_1038_Len312	312	32.3717948718
UCYN_RS02655_WP_012953958.1	012953958_Contig_299_Len1284	1284	32.8660436137
UCYN_RS02045_WP_012953838.1	012953838_Contig_502_Len981	981	34.9643221203
UCYN_RS01665_WP_012953761.1	012953761_Contig_433_Len1080	1080	31.4814814815
UCYN_RS03660_WP_041487858.1	041487858_Contig_1105_Len225	225	37.7777777778
UCYN_RS01140_WP_012953656.1	012953656_Contig_959_Len396	396	37.3737373737
UCYN_RS04150_WP_012954253.1	012954253_Contig_763_Len645	645	32.4031007752
UCYN_RS02905_WP_012954005.1	012954005_Contig_244_Len1389	1389	35.3491720662
UCYN_RS03865_WP_012954199.1	012954199_Contig_61_Len2172	2172	32.320441989
UCYN_RS04515_WP_012954328.1	012954328_Contig_1048_Len300	300	26.3333333333
UCYN_RS01760_WP_041487728.1	041487728_Contig_453_Len1056	1056	30.2083333333
UCYN_RS01485_WP_041487719.1	041487719_Contig_961_Len396	396	28.7878787879
UCYN_RS05665_WP_012954558.1	012954558_Contig_469_Len1035	1035	37.8743961353
UCYN_RS01115_WP_012953651.1	012953651_Contig_534_Len948	948	36.0759493671
UCYN_RS00935_WP_012953616.1	012953616_Contig_792_Len606	606	27.3927392739
UCYN_RS00690_WP_012953567.1	012953567_Contig_104_Len1866	1866	31.9935691318
UCYN_RS04125_WP_041487761.1	041487761_Contig_116_Len1797	1797	33.9454646633
UCYN_RS02410_WP_012953910.1	012953910_Contig_304_Len1272	1272	37.5
UCYN_RS03550_WP_012954134.1	012954134_Contig_154_Len1629	1629	37.0165745856
UCYN_RS00715_WP_012953571.1	012953571_Contig_406_Len1116	1116	27.8673835125
UCYN_RS00775_WP_081440571.1	081440571_Contig_59_Len2178	2178	30.1652892562
UCYN_RS03990_WP_012954221.1	012954221_Contig_348_Len1185	1185	28.4388185654
UCYN_RS01380_WP_012953705.1	012953705_Contig_1108_Len219	219	33.3333333333
UCYN_RS05725_WP_012954570.1	012954570_Contig_848_Len540	540	30.3703703704
UCYN_RS01580_WP_012953745.1	012953745_Contig_980_Len369	369	30.081300813
UCYN_RS04825_WP_012954389.1	012954389_Contig_769_Len639	639	40.8450704225
UCYN_RS05285_WP_012954482.1	012954482_Contig_150_Len1650	1650	31.2727272727
UCYN_RS00640_WP_012953556.1	012953556_Contig_938_Len420	420	35.4761904762
UCYN_RS02530_WP_012953934.1	012953934_Contig_519_Len960	960	32.8125
UCYN_RS04300_WP_012954285.1	012954285_Contig_92_Len1926	1926	34.5794392523
UCYN_RS06035_WP_012953482.1	012953482_Contig_735_Len684	684	29.2397660819
UCYN_RS03360_WP_012954094.1	012954094_Contig_53_Len2241	2241	38.8219544846
UCYN_RS04195_WP_041487867.1	041487867_Contig_471_Len1032	1032	35.6589147287
UCYN_RS03655_WP_012954158.1	012954158_Contig_193_Len1494	1494	33.8688085676
UCYN_RS05535_WP_012954532.1	012954532_Contig_552_Len930	930	33.1182795699
UCYN_RS02565_WP_041487737.1	041487737_Contig_428_Len1086	1086	37.4769797422
UCYN_RS03475_WP_012954120.1	012954120_Contig_663_Len771	771	30.9987029831
UCYN_RS02325_WP_012953893.1	012953893_Contig_720_Len705	705	30.0709219858
UCYN_RS02965_WP_012954017.1	012954017_Contig_271_Len1341	1341	31.4690529456
UCYN_RS04355_WP_012954296.1	012954296_Contig_23_Len2658	2658	32.3175319789
UCYN_RS01410_WP_041487718.1	041487718_Contig_543_Len936	936	26.8162393162
UCYN_RS03295_WP_012954081.1	012954081_Contig_177_Len1554	1554	28.1853281853
UCYN_RS04525_WP_012954330.1	012954330_Contig_521_Len960	960	33.8541666667
UCYN_RS03415_WP_012954107.1	012954107_Contig_15_Len2952	2952	36.5514905149
UCYN_RS04155_WP_012954254.1	012954254_Contig_109_Len1830	1830	30.3278688525
UCYN_RS06180_WP_081440572.1	081440572_Contig_1039_Len309	309	24.2718446602
UCYN_RS01460_WP_012953720.1	012953720_Contig_1139_Len138	138	42.0289855072
UCYN_RS05775_WP_041487893.1	041487893_Contig_911_Len462	462	32.4675324675
UCYN_RS04265_WP_012954277.1	012954277_Contig_35_Len2478	2478	39.2251815981
UCYN_RS00750_WP_012953578.1	012953578_Contig_915_Len456	456	30.0438596491
UCYN_RS05510_WP_012954527.1	012954527_Contig_1087_Len249	249	33.734939759
UCYN_RS06000_WP_012954625.1	012954625_Contig_169_Len1578	1578	36.4385297845
UCYN_RS02860_WP_012953995.1	012953995_Contig_1033_Len312	312	35.8974358974
UCYN_RS02925_WP_041487742.1	041487742_Contig_981_Len369	369	28.4552845528
UCYN_RS05695_WP_012954564.1	012954564_Contig_1126_Len204	204	26.4705882353
UCYN_RS01955_WP_012953821.1	012953821_Contig_141_Len1692	1692	35.1063829787
UCYN_RS02295_WP_012953887.1	012953887_Contig_841_Len543	543	27.4401473297
UCYN_RS06125_WP_071813728.1	071813728_Contig_1100_Len237	237	29.9578059072
UCYN_RS04160_WP_012954255.1	012954255_Contig_230_Len1416	1416	37.0762711864
UCYN_RS04185_WP_012954260.1	012954260_Contig_504_Len981	981	33.7410805301
UCYN_RS00500_WP_041487800.1	041487800_Contig_1120_Len210	210	31.4285714286
UCYN_RS05580_WP_012954541.1	012954541_Contig_1005_Len354	354	38.9830508475
UCYN_RS03210_WP_012954065.1	012954065_Contig_331_Len1224	1224	37.1732026144
UCYN_RS05370_WP_012954498.1	012954498_Contig_825_Len555	555	33.8738738739
UCYN_RS04440_WP_012954312.1	012954312_Contig_836_Len546	546	34.4322344322
UCYN_RS00815_WP_012953592.1	012953592_Contig_321_Len1242	1242	32.2866344605
UCYN_RS03390_WP_012954100.1	012954100_Contig_738_Len681	681	37.1512481645
UCYN_RS02130_WP_012953855.1	012953855_Contig_1025_Len321	321	34.2679127726
UCYN_RS01815_WP_012953791.1	012953791_Contig_408_Len1110	1110	31.6216216216
UCYN_RS04640_WP_012954350.1	012954350_Contig_125_Len1767	1767	35.7102433503
UCYN_RS03675_WP_012954162.1	012954162_Contig_238_Len1398	1398	33.7625178827
UCYN_RS04500_WP_012954325.1	012954325_Contig_476_Len1026	1026	34.6003898635
UCYN_RS00145_WP_012953456.1	012953456_Contig_817_Len561	561	39.2156862745
UCYN_RS03555_WP_012954135.1	012954135_Contig_185_Len1515	1515	31.9471947195
UCYN_RS05750_WP_012954575.1	012954575_Contig_343_Len1197	1197	31.6624895572
UCYN_RS03145_WP_012954053.1	012954053_Contig_1085_Len249	249	34.1365461847
UCYN_RS00210_WP_012953469.1	012953469_Contig_303_Len1272	1272	34.4339622642
UCYN_RS03240_WP_012954070.1	012954070_Contig_24_Len2655	2655	32.9943502825
UCYN_RS01645_WP_012953757.1	012953757_Contig_826_Len552	552	34.4202898551
UCYN_RS02650_WP_012953957.1	012953957_Contig_160_Len1605	1605	32.2741433022
UCYN_RS02500_WP_012953928.1	012953928_Contig_1113_Len216	216	26.8518518519
UCYN_RS00765_WP_012953581.1	012953581_Contig_1094_Len240	240	35.4166666667
UCYN_RS04585_WP_012954339.1	012954339_Contig_722_Len702	702	36.0398860399
UCYN_RS05645_WP_012954554.1	012954554_Contig_260_Len1356	1356	36.7256637168
UCYN_RS01455_WP_012953719.1	012953719_Contig_986_Len366	366	28.6885245902
UCYN_RS05455_WP_012954516.1	012954516_Contig_252_Len1377	1377	34.8583877996
UCYN_RS00105_WP_041487791.1	041487791_Contig_30_Len2577	2577	33.9930151339
UCYN_RS01900_WP_012953808.1	012953808_Contig_745_Len666	666	33.033033033
UCYN_RS05445_WP_012954514.1	012954514_Contig_830_Len552	552	31.5217391304
UCYN_RS00075_WP_012953442.1	012953442_Contig_364_Len1167	1167	33.7617823479
UCYN_RS02615_WP_012953950.1	012953950_Contig_288_Len1305	1305	31.9540229885
UCYN_RS02920_WP_012954008.1	012954008_Contig_1041_Len306	306	32.0261437908
UCYN_RS05015_WP_012954427.1	012954427_Contig_171_Len1572	1572	31.2340966921
UCYN_RS01000_WP_012953629.1	012953629_Contig_357_Len1176	1176	36.5646258503
UCYN_RS04740_WP_012954371.1	012954371_Contig_47_Len2316	2316	33.9378238342
UCYN_RS05470_WP_012954519.1	012954519_Contig_239_Len1395	1395	27.8136200717
UCYN_RS01240_WP_012953676.1	012953676_Contig_884_Len489	489	32.7198364008
UCYN_RS00180_WP_012953463.1	012953463_Contig_17_Len2883	2883	32.3968088796
UCYN_RS02945_WP_012954013.1	012954013_Contig_998_Len357	357	26.6106442577
UCYN_RS05705_WP_012954566.1	012954566_Contig_112_Len1821	1821	31.5211422295
UCYN_RS04960_WP_041487774.1	041487774_Contig_948_Len414	414	37.6811594203
UCYN_RS03230_WP_012954068.1	012954068_Contig_293_Len1296	1296	34.4907407407
UCYN_RS01635_WP_012953755.1	012953755_Contig_627_Len816	816	35.2941176471
UCYN_RS01515_WP_012953731.1	012953731_Contig_83_Len1968	1968	29.9796747967
UCYN_RS01270_WP_012953682.1	012953682_Contig_333_Len1218	1218	29.5566502463
UCYN_RS02425_WP_012953913.1	012953913_Contig_258_Len1359	1359	36.276674025
UCYN_RS03245_WP_012954071.1	012954071_Contig_994_Len360	360	28.3333333333
UCYN_RS05735_WP_012954572.1	012954572_Contig_1030_Len318	318	32.3899371069
UCYN_RS05330_WP_012954490.1	012954490_Contig_806_Len582	582	31.4432989691
UCYN_RS02780_WP_012953979.1	012953979_Contig_436_Len1077	1077	30.4549675023
UCYN_RS06160_WP_071813731.1	071813731_Contig_1141_Len117	117	33.3333333333
UCYN_RS05840_WP_041487789.1	041487789_Contig_914_Len459	459	35.7298474946
UCYN_RS02710_WP_012953965.1	012953965_Contig_342_Len1197	1197	30.4093567251
UCYN_RS04945_WP_012954413.1	012954413_Contig_1008_Len351	351	41.3105413105
UCYN_RS03280_WP_012954078.1	012954078_Contig_570_Len897	897	33.779264214
UCYN_RS05205_WP_012954465.1	012954465_Contig_445_Len1062	1062	27.9661016949
UCYN_RS01835_WP_012953795.1	012953795_Contig_599_Len849	849	34.7467608952
UCYN_RS05980_WP_012954621.1	012954621_Contig_229_Len1419	1419	31.8534178999
UCYN_RS01315_WP_012953692.1	012953692_Contig_206_Len1470	1470	34.1496598639
UCYN_RS05565_WP_012954538.1	012954538_Contig_153_Len1635	1635	31.620795107
UCYN_RS01575_WP_012953744.1	012953744_Contig_807_Len579	579	30.2245250432
UCYN_RS03690_WP_012954165.1	012954165_Contig_963_Len396	396	28.2828282828
UCYN_RS00585_WP_081440570.1	081440570_Contig_412_Len1101	1101	30.9718437784
UCYN_RS05105_WP_041487780.1	041487780_Contig_1004_Len354	354	34.1807909605
UCYN_RS00095_WP_012953446.1	012953446_Contig_467_Len1035	1035	34.4927536232
UCYN_RS05530_WP_041487785.1	041487785_Contig_126_Len1767	1767	34.9179400113
UCYN_RS03310_WP_012954084.1	012954084_Contig_75_Len2013	2013	38.9965226031
UCYN_RS00655_WP_012953560.1	012953560_Contig_607_Len840	840	29.7619047619
UCYN_RS02495_WP_012953927.1	012953927_Contig_741_Len672	672	30.2083333333
UCYN_RS04060_WP_012954233.1	012954233_Contig_98_Len1890	1890	36.9841269841
UCYN_RS05070_WP_012954440.1	012954440_Contig_897_Len477	477	34.3815513627
UCYN_RS05875_WP_012954600.1	012954600_Contig_999_Len357	357	32.7731092437
UCYN_RS02640_WP_012953955.1	012953955_Contig_956_Len399	399	30.0751879699
UCYN_RS06170_WP_012953558.1	012953558_Contig_951_Len408	408	25.2450980392
UCYN_RS01050_WP_012953639.1	012953639_Contig_509_Len972	972	33.8477366255
UCYN_RS05030_WP_012954431.1	012954431_Contig_900_Len474	474	26.7932489451
UCYN_RS05755_WP_012954576.1	012954576_Contig_87_Len1950	1950	28.7692307692
UCYN_RS01540_WP_012953737.1	012953737_Contig_588_Len870	870	35.7471264368
UCYN_RS01325_WP_012953694.1	012953694_Contig_593_Len858	858	32.0512820513
UCYN_RS01800_WP_012953788.1	012953788_Contig_725_Len696	696	32.4712643678
UCYN_RS03950_WP_012954213.1	012954213_Contig_861_Len525	525	27.2380952381
UCYN_RS03835_WP_041487756.1	041487756_Contig_672_Len756	756	35.1851851852
UCYN_RS05440_WP_012954513.1	012954513_Contig_505_Len981	981	33.8430173293
UCYN_RS04230_WP_012954270.1	012954270_Contig_941_Len420	420	35.2380952381
UCYN_RS02420_WP_012953912.1	012953912_Contig_9_Len3246	3246	35.3974121996
UCYN_RS01875_WP_012953803.1	012953803_Contig_885_Len489	489	34.5603271984
UCYN_RS03275_WP_012954077.1	012954077_Contig_319_Len1248	1248	37.9006410256
UCYN_RS04545_WP_012954334.1	012954334_Contig_743_Len669	669	36.9207772795
UCYN_RS05785_WP_012954582.1	012954582_Contig_923_Len450	450	30.2222222222
UCYN_RS03855_WP_012954197.1	012954197_Contig_587_Len873	873	30.126002291
UCYN_RS04650_WP_012954352.1	012954352_Contig_424_Len1092	1092	34.4322344322
UCYN_RS05395_WP_012954503.1	012954503_Contig_1128_Len198	198	31.3131313131
UCYN_RS01085_WP_012953646.1	012953646_Contig_493_Len987	987	36.7781155015
UCYN_RS04465_WP_012954317.1	012954317_Contig_1130_Len195	195	39.4871794872
UCYN_RS05075_WP_012954442.1	012954442_Contig_1076_Len261	261	30.2681992337
UCYN_RS06150_WP_071813735.1	071813735_Contig_1082_Len255	255	34.1176470588
UCYN_RS00200_WP_012953467.1	012953467_Contig_602_Len843	843	34.8754448399
UCYN_RS01655_WP_012953759.1	012953759_Contig_62_Len2160	2160	32.2222222222
UCYN_RS05165_WP_012954458.1	012954458_Contig_1058_Len291	291	42.2680412371
UCYN_RS02275_WP_012953883.1	012953883_Contig_1016_Len333	333	28.5285285285
UCYN_RS00670_WP_012953563.1	012953563_Contig_306_Len1269	1269	34.5941686367
UCYN_RS03440_WP_041487749.1	041487749_Contig_824_Len555	555	33.8738738739
UCYN_RS02240_WP_012953877.1	012953877_Contig_811_Len573	573	38.0453752182
UCYN_RS05910_WP_049765584.1	049765584_Contig_483_Len1014	1014	32.8402366864
UCYN_RS02735_WP_012953970.1	012953970_Contig_223_Len1437	1437	36.3952679193
UCYN_RS04315_WP_012954288.1	012954288_Contig_346_Len1191	1191	31.4021830395
UCYN_RS00525_WP_041487801.1	041487801_Contig_581_Len879	879	34.2434584755
UCYN_RS03880_WP_012954202.1	012954202_Contig_901_Len471	471	39.91507431
UCYN_RS02265_WP_012953881.1	012953881_Contig_291_Len1299	1299	34.4110854503
UCYN_RS00150_WP_041487698.1	041487698_Contig_903_Len468	468	36.3247863248
UCYN_RS04295_WP_012954284.1	012954284_Contig_123_Len1776	1776	35.8108108108
UCYN_RS02915_WP_012954007.1	012954007_Contig_957_Len399	399	36.8421052632
UCYN_RS05475_WP_012954520.1	012954520_Contig_554_Len927	927	33.0097087379
UCYN_RS06110_WP_071813733.1	071813733_Contig_1147_Len93	93	34.4086021505
UCYN_RS04405_WP_012954305.1	012954305_Contig_294_Len1293	1293	35.0348027842
UCYN_RS02355_WP_012953899.1	012953899_Contig_537_Len945	945	31.5343915344
UCYN_RS03665_WP_041487752.1	041487752_Contig_380_Len1149	1149	26.0226283725
UCYN_RS04140_WP_012954251.1	012954251_Contig_491_Len993	993	33.635448137
UCYN_RS02440_WP_012953916.1	012953916_Contig_514_Len969	969	31.475748194
UCYN_RS00225_WP_012953473.1	012953473_Contig_838_Len543	543	34.6224677716
UCYN_RS02850_WP_012953993.1	012953993_Contig_939_Len420	420	29.2857142857
UCYN_RS01425_WP_012953713.1	012953713_Contig_1062_Len282	282	37.5886524823
UCYN_RS03165_WP_012954057.1	012954057_Contig_231_Len1413	1413	34.677990092
UCYN_RS02305_WP_012953889.1	012953889_Contig_241_Len1392	1392	34.1954022989
UCYN_RS04375_WP_012954299.1	012954299_Contig_702_Len732	732	37.4316939891
UCYN_RS04575_WP_012954338.1	012954338_Contig_750_Len660	660	30.9090909091
UCYN_RS01205_WP_012953668.1	012953668_Contig_556_Len924	924	38.0952380952
UCYN_RS05145_WP_012954455.1	012954455_Contig_72_Len2043	2043	35.7317670093
UCYN_RS03330_WP_041487747.1	041487747_Contig_1017_Len333	333	33.033033033
UCYN_RS03910_WP_012954208.1	012954208_Contig_982_Len369	369	37.6693766938
UCYN_RS05605_WP_012954545.1	012954545_Contig_847_Len540	540	26.6666666667
UCYN_RS05210_WP_012954466.1	012954466_Contig_643_Len792	792	37.3737373737
UCYN_RS02375_WP_012953903.1	012953903_Contig_996_Len357	357	35.0140056022
UCYN_RS00170_WP_012953461.1	012953461_Contig_862_Len522	522	33.3333333333
UCYN_RS01210_WP_012953669.1	012953669_Contig_932_Len429	429	37.7622377622
UCYN_RS02180_WP_012953865.1	012953865_Contig_782_Len624	624	30.4487179487
UCYN_RS00870_WP_012953603.1	012953603_Contig_577_Len885	885	31.7514124294
UCYN_RS02170_WP_012953863.1	012953863_Contig_265_Len1350	1350	35.4074074074
UCYN_RS02910_WP_041487741.1	041487741_Contig_257_Len1362	1362	35.4625550661
UCYN_RS04560_WP_012954337.1	012954337_Contig_964_Len396	396	34.8484848485
UCYN_RS05815_WP_049765576.1	049765576_Contig_882_Len492	492	31.5040650407
UCYN_RS00545_WP_012953537.1	012953537_Contig_761_Len645	645	33.7984496124
UCYN_RS01350_WP_012953699.1	012953699_Contig_584_Len876	876	31.1643835616
UCYN_RS02370_WP_012953902.1	012953902_Contig_26_Len2628	2628	34.3226788432
UCYN_RS04635_WP_012954349.1	012954349_Contig_131_Len1746	1746	29.8396334479
UCYN_RS01075_WP_012953644.1	012953644_Contig_992_Len360	360	35.2777777778
UCYN_RS06135_WP_071813729.1	071813729_Contig_232_Len1413	1413	33.9702760085
UCYN_RS02590_WP_012953945.1	012953945_Contig_621_Len825	825	33.696969697
UCYN_RS04730_WP_012954369.1	012954369_Contig_1054_Len294	294	35.0340136054
UCYN_RS00085_WP_012953444.1	012953444_Contig_240_Len1392	1392	32.183908046
UCYN_RS01180_WP_012953663.1	012953663_Contig_943_Len417	417	34.7721822542
UCYN_RS04335_WP_012954292.1	012954292_Contig_749_Len663	663	30.1659125189
UCYN_RS04785_WP_012954380.1	012954380_Contig_864_Len522	522	27.969348659
UCYN_RS04020_WP_012954226.1	012954226_Contig_557_Len924	924	35.4978354978
UCYN_RS05520_WP_012954529.1	012954529_Contig_486_Len1005	1005	33.4328358209
UCYN_RS01365_WP_012953702.1	012953702_Contig_1055_Len291	291	33.3333333333
UCYN_RS01300_WP_012953688.1	012953688_Contig_1045_Len303	303	29.702970297
UCYN_RS00275_WP_012953483.1	012953483_Contig_839_Len543	543	31.4917127072
UCYN_RS00890_WP_012953607.1	012953607_Contig_733_Len687	687	35.2256186317
UCYN_RS00740_WP_012953576.1	012953576_Contig_1134_Len183	183	30.6010928962
UCYN_RS04495_WP_012954324.1	012954324_Contig_332_Len1221	1221	38.7387387387
UCYN_RS04605_WP_012954343.1	012954343_Contig_945_Len417	417	29.9760191847
UCYN_RS00845_WP_012953598.1	012953598_Contig_686_Len744	744	36.6935483871
UCYN_RS02025_WP_012953835.1	012953835_Contig_995_Len357	357	34.4537815126
UCYN_RS04705_WP_012954364.1	012954364_Contig_815_Len567	567	33.3333333333
UCYN_RS00315_WP_012953491.1	012953491_Contig_163_Len1596	1596	38.1578947368
UCYN_RS01895_WP_012953807.1	012953807_Contig_510_Len972	972	34.7736625514
UCYN_RS01345_WP_012953698.1	012953698_Contig_1027_Len318	318	30.1886792453
UCYN_RS05150_WP_012954456.1	012954456_Contig_405_Len1119	1119	31.7247542449
UCYN_RS04820_WP_041487879.1	041487879_Contig_135_Len1737	1737	36.0967184801
UCYN_RS03420_WP_012954108.1	012954108_Contig_13_Len2997	2997	30.9309309309
UCYN_RS02625_WP_012953952.1	012953952_Contig_162_Len1599	1599	32.707942464
UCYN_RS03460_WP_041487853.1	041487853_Contig_336_Len1209	1209	35.3184449959
UCYN_RS02790_WP_041487839.1	041487839_Contig_881_Len492	492	29.674796748
UCYN_RS00955_WP_012953620.1	012953620_Contig_562_Len912	912	36.1842105263
UCYN_RS00220_WP_012953472.1	012953472_Contig_7_Len3456	3456	32.1180555556
UCYN_RS03650_WP_012954157.1	012954157_Contig_250_Len1377	1377	31.8809005084
UCYN_RS03430_WP_012954111.1	012954111_Contig_209_Len1458	1458	29.561042524
UCYN_RS02700_WP_012953963.1	012953963_Contig_33_Len2520	2520	30.4365079365
UCYN_RS04390_WP_012954302.1	012954302_Contig_705_Len729	729	36.8998628258
UCYN_RS01600_WP_071813722.1	071813722_Contig_798_Len594	594	36.3636363636
UCYN_RS01230_WP_012953674.1	012953674_Contig_949_Len411	411	37.2262773723
UCYN_RS02935_WP_012954011.1	012954011_Contig_997_Len357	357	35.5742296919
UCYN_RS02585_WP_012953944.1	012953944_Contig_326_Len1233	1233	34.1443633414
UCYN_RS05515_WP_012954528.1	012954528_Contig_313_Len1260	1260	38.7301587302
UCYN_RS03045_WP_012954033.1	012954033_Contig_278_Len1320	1320	35.3787878788
UCYN_RS05295_WP_012954484.1	012954484_Contig_568_Len900	900	32.3333333333
UCYN_RS02090_WP_012953849.1	012953849_Contig_886_Len489	489	29.4478527607
UCYN_RS01950_WP_012953820.1	012953820_Contig_653_Len780	780	33.3333333333
UCYN_RS01585_WP_012953746.1	012953746_Contig_814_Len567	567	27.6895943563
UCYN_RS01420_WP_041487817.1	041487817_Contig_442_Len1065	1065	32.4882629108
UCYN_RS01680_WP_012953764.1	012953764_Contig_417_Len1098	1098	28.6885245902
UCYN_RS02185_WP_012953866.1	012953866_Contig_1127_Len201	201	30.3482587065
UCYN_RS05380_WP_012954500.1	012954500_Contig_187_Len1515	1515	32.8052805281
UCYN_RS01245_WP_012953677.1	012953677_Contig_19_Len2868	2868	28.940027894
UCYN_RS03305_WP_081440573.1	081440573_Contig_290_Len1302	1302	33.1797235023
UCYN_RS00425_WP_012953512.1	012953512_Contig_1023_Len321	321	34.8909657321
UCYN_RS00100_WP_012953447.1	012953447_Contig_337_Len1203	1203	32.2527015794
UCYN_RS03085_WP_012954041.1	012954041_Contig_723_Len699	699	24.1773962804
UCYN_RS04920_WP_012954408.1	012954408_Contig_805_Len582	582	35.2233676976
UCYN_RS04655_WP_012954353.1	012954353_Contig_1119_Len213	213	34.7417840376
UCYN_RS03375_WP_012954097.1	012954097_Contig_853_Len537	537	24.9534450652
UCYN_RS03885_WP_012954203.1	012954203_Contig_67_Len2097	2097	34.9546971865
UCYN_RS00040_WP_012953435.1	012953435_Contig_710_Len717	717	34.309623431
UCYN_RS02645_WP_012953956.1	012953956_Contig_532_Len951	951	31.1251314406
UCYN_RS03740_WP_041487755.1	041487755_Contig_302_Len1275	1275	31.137254902
UCYN_RS00060_WP_012953439.1	012953439_Contig_1069_Len270	270	32.5925925926
UCYN_RS03115_WP_041487847.1	041487847_Contig_203_Len1476	1476	32.0460704607
UCYN_RS03810_WP_012954188.1	012954188_Contig_1037_Len312	312	33.6538461538
UCYN_RS05460_WP_012954517.1	012954517_Contig_225_Len1431	1431	33.2634521314
UCYN_RS02955_WP_012954015.1	012954015_Contig_1050_Len297	297	36.0269360269
UCYN_RS03080_WP_012954040.1	012954040_Contig_714_Len714	714	29.5518207283
UCYN_RS03535_WP_041487855.1	041487855_Contig_1002_Len354	354	29.6610169492
UCYN_RS04490_WP_012954323.1	012954323_Contig_921_Len450	450	37.7777777778
UCYN_RS01925_WP_012953813.1	012953813_Contig_639_Len795	795	33.7106918239
UCYN_RS00195_WP_012953466.1	012953466_Contig_301_Len1281	1281	32.318501171
UCYN_RS00460_WP_012953519.1	012953519_Contig_823_Len555	555	29.5495495495
UCYN_RS05200_WP_012954464.1	012954464_Contig_740_Len678	678	33.6283185841
UCYN_RS01125_WP_012953653.1	012953653_Contig_314_Len1257	1257	31.2649164678
UCYN_RS00910_WP_012953611.1	012953611_Contig_919_Len450	450	30.4444444444
UCYN_RS01495_WP_012953727.1	012953727_Contig_713_Len714	714	31.0924369748
UCYN_RS02050_WP_012953839.1	012953839_Contig_503_Len981	981	27.7268093782
UCYN_RS02760_WP_012953975.1	012953975_Contig_1052_Len294	294	38.7755102041
UCYN_RS05610_WP_012954546.1	012954546_Contig_736_Len684	684	34.3567251462
UCYN_RS00795_WP_012953588.1	012953588_Contig_833_Len546	546	31.684981685
UCYN_RS00530_WP_012953534.1	012953534_Contig_411_Len1101	1101	33.6058128974
UCYN_RS02490_WP_012953926.1	012953926_Contig_130_Len1755	1755	31.396011396
UCYN_RS01190_WP_012953665.1	012953665_Contig_969_Len387	387	29.1989664083
UCYN_RS04085_WP_012954239.1	012954239_Contig_677_Len753	753	35.0597609562
UCYN_RS01445_WP_049765567.1	049765567_Contig_935_Len426	426	26.9953051643
UCYN_RS03580_WP_012954143.1	012954143_Contig_1136_Len183	183	37.7049180328
UCYN_RS00245_WP_012953477.1	012953477_Contig_775_Len630	630	31.1111111111
UCYN_RS04675_WP_012954357.1	012954357_Contig_648_Len786	786	27.4809160305
UCYN_RS04930_WP_012954410.1	012954410_Contig_972_Len384	384	40.1041666667
UCYN_RS02230_WP_012953875.1	012953875_Contig_507_Len978	978	33.5378323108
UCYN_RS01660_WP_012953760.1	012953760_Contig_772_Len633	633	30.0157977883
UCYN_RS02475_WP_012953923.1	012953923_Contig_86_Len1953	1953	31.643625192
UCYN_RS00260_WP_041487701.1	041487701_Contig_327_Len1230	1230	32.0325203252
UCYN_RS03385_WP_012954099.1	012954099_Contig_797_Len597	597	38.6934673367
UCYN_RS02070_WP_012953844.1	012953844_Contig_143_Len1683	1683	31.7290552585
UCYN_RS03325_WP_012954087.1	012954087_Contig_647_Len786	786	28.4987277354
UCYN_RS05005_WP_012954425.1	012954425_Contig_909_Len465	465	28.3870967742
UCYN_RS02465_WP_012953921.1	012953921_Contig_691_Len738	738	31.8428184282
UCYN_RS05025_WP_012954429.1	012954429_Contig_282_Len1317	1317	29.7646165528
UCYN_RS05965_WP_012954618.1	012954618_Contig_618_Len831	831	34.5367027677
UCYN_RS03405_WP_012954105.1	012954105_Contig_368_Len1164	1164	37.8006872852
UCYN_RS01705_WP_012953768.1	012953768_Contig_786_Len618	618	32.2006472492
UCYN_RS05595_WP_012954543.1	012954543_Contig_774_Len633	633	39.0205371248
UCYN_RS02345_WP_012953897.1	012953897_Contig_335_Len1209	1209	33.0024813896
UCYN_RS04010_WP_012954225.1	012954225_Contig_42_Len2433	2433	32.6346074805
UCYN_RS04555_WP_012954336.1	012954336_Contig_186_Len1515	1515	29.6369636964
UCYN_RS00780_WP_012953585.1	012953585_Contig_764_Len642	642	30.9968847352
UCYN_RS01830_WP_012953794.1	012953794_Contig_993_Len360	360	29.1666666667
UCYN_RS02930_WP_012954010.1	012954010_Contig_662_Len771	771	37.3540856031
UCYN_RS02140_WP_012953857.1	012953857_Contig_840_Len543	543	41.0681399632
UCYN_RS03630_WP_012954153.1	012954153_Contig_147_Len1665	1665	29.9099099099
UCYN_RS03965_WP_012954216.1	012954216_Contig_799_Len594	594	35.0168350168
UCYN_RS00360_WP_012953500.1	012953500_Contig_480_Len1017	1017	34.6116027532
UCYN_RS03830_WP_012954192.1	012954192_Contig_191_Len1506	1506	33.4661354582
UCYN_RS04875_WP_012954399.1	012954399_Contig_983_Len369	369	42.0054200542
UCYN_RS01005_WP_012953630.1	012953630_Contig_318_Len1248	1248	31.3301282051
UCYN_RS00665_WP_012953562.1	012953562_Contig_1022_Len324	324	39.1975308642
UCYN_RS01670_WP_012953762.1	012953762_Contig_447_Len1059	1059	33.0500472144
UCYN_RS05955_WP_012954616.1	012954616_Contig_221_Len1440	1440	30.0
UCYN_RS00335_WP_012953495.1	012953495_Contig_946_Len414	414	38.6473429952
UCYN_RS05570_WP_012954539.1	012954539_Contig_506_Len981	981	35.2701325178
UCYN_RS05050_WP_012954435.1	012954435_Contig_1091_Len246	246	34.9593495935
UCYN_RS02840_WP_012953991.1	012953991_Contig_431_Len1083	1083	32.5023084026
UCYN_RS04090_WP_012954240.1	012954240_Contig_70_Len2070	2070	34.5410628019
UCYN_RS01020_WP_012953633.1	012953633_Contig_97_Len1902	1902	35.0157728707
UCYN_RS00885_WP_012953606.1	012953606_Contig_1074_Len264	264	25.3787878788
UCYN_RS00825_WP_012953594.1	012953594_Contig_1110_Len216	216	19.4444444444
UCYN_RS00830_WP_041487807.1	041487807_Contig_329_Len1227	1227	31.1328443358
UCYN_RS05900_WP_012954605.1	012954605_Contig_1049_Len300	300	37.0
UCYN_RS01650_WP_012953758.1	012953758_Contig_693_Len735	735	32.7891156463
UCYN_RS05905_WP_012954606.1	012954606_Contig_43_Len2412	2412	35.3648424544
UCYN_RS00235_WP_012953475.1	012953475_Contig_987_Len363	363	37.741046832
UCYN_RS03350_WP_012954092.1	012954092_Contig_10_Len3093	3093	30.8761720013
UCYN_RS03050_WP_012954034.1	012954034_Contig_224_Len1434	1434	37.4476987448
UCYN_RS02270_WP_012953882.1	012953882_Contig_778_Len627	627	31.8979266348
UCYN_RS05525_WP_012954530.1	012954530_Contig_984_Len369	369	32.2493224932
UCYN_RS06095_WP_012953732.1	012953732_Contig_1132_Len186	186	35.4838709677
UCYN_RS04775_WP_012954378.1	012954378_Contig_498_Len984	984	33.7398373984
UCYN_RS05090_WP_012954445.1	012954445_Contig_526_Len957	957	28.631138976
UCYN_RS01260_WP_012953680.1	012953680_Contig_728_Len693	693	33.7662337662
UCYN_RS00175_WP_012953462.1	012953462_Contig_606_Len840	840	32.5
UCYN_RS00675_WP_012953564.1	012953564_Contig_236_Len1398	1398	31.6881258941
UCYN_RS05925_WP_012954610.1	012954610_Contig_151_Len1638	1638	29.0598290598
UCYN_RS05065_WP_012954439.1	012954439_Contig_1097_Len240	240	32.0833333333
UCYN_RS03860_WP_012954198.1	012954198_Contig_122_Len1785	1785	26.106442577
UCYN_RS00470_WP_012953521.1	012953521_Contig_790_Len606	606	34.8184818482
UCYN_RS00985_WP_012953626.1	012953626_Contig_860_Len525	525	34.0952380952
UCYN_RS03290_WP_012954080.1	012954080_Contig_226_Len1422	1422	37.9043600563
UCYN_RS03570_WP_012954141.1	012954141_Contig_277_Len1329	1329	28.2167042889
UCYN_RS02600_WP_012953947.1	012953947_Contig_434_Len1080	1080	34.3518518519
UCYN_RS02745_WP_012953972.1	012953972_Contig_622_Len822	822	30.4136253041
UCYN_RS00990_WP_012953627.1	012953627_Contig_974_Len381	381	30.7086614173
UCYN_RS00710_WP_012953570.1	012953570_Contig_144_Len1671	1671	34.4105326152
UCYN_RS04855_WP_012954395.1	012954395_Contig_709_Len723	723	40.5255878285
UCYN_RS00970_WP_012953623.1	012953623_Contig_1107_Len219	219	27.8538812785
UCYN_RS00480_WP_012953523.1	012953523_Contig_645_Len786	786	32.951653944
UCYN_RS01885_WP_012953805.1	012953805_Contig_579_Len882	882	30.7256235828
UCYN_RS04725_WP_012954368.1	012954368_Contig_727_Len696	696	33.3333333333
UCYN_RS05830_WP_012954591.1	012954591_Contig_924_Len450	450	36.6666666667
UCYN_RS06120_WP_071813726.1	071813726_Contig_1129_Len195	195	36.4102564103
UCYN_RS05620_WP_012954549.1	012954549_Contig_796_Len603	603	37.6451077944
UCYN_RS02310_WP_012953890.1	012953890_Contig_904_Len468	468	27.3504273504
UCYN_RS04995_WP_041487881.1	041487881_Contig_812_Len573	573	30.1919720768
UCYN_RS01070_WP_012953643.1	012953643_Contig_393_Len1131	1131	32.625994695
UCYN_RS02885_WP_012954001.1	012954001_Contig_578_Len885	885	37.0621468927
UCYN_RS00130_WP_041487697.1	041487697_Contig_114_Len1800	1800	34.8888888889
UCYN_RS02940_WP_012954012.1	012954012_Contig_1077_Len258	258	37.2093023256
UCYN_RS03540_WP_012954132.1	012954132_Contig_234_Len1407	1407	33.7597725657
UCYN_RS05000_WP_012954424.1	012954424_Contig_251_Len1377	1377	31.8809005084
UCYN_RS04070_WP_012954236.1	012954236_Contig_279_Len1320	1320	30.1515151515
UCYN_RS05680_WP_012954561.1	012954561_Contig_1014_Len336	336	35.119047619
UCYN_RS05675_WP_012954560.1	012954560_Contig_1148_Len90	90	38.8888888889
UCYN_RS03095_WP_081440567.1	081440567_Contig_771_Len636	636	35.2201257862
UCYN_RS05375_WP_012954499.1	012954499_Contig_931_Len432	432	34.2592592593
UCYN_RS04840_WP_012954392.1	012954392_Contig_619_Len828	828	44.806763285
UCYN_RS02350_WP_012953898.1	012953898_Contig_28_Len2622	2622	34.4012204424
UCYN_RS00055_WP_012953438.1	012953438_Contig_1021_Len324	324	30.8641975309
UCYN_RS04550_WP_012954335.1	012954335_Contig_891_Len483	483	36.6459627329
UCYN_RS05320_WP_012954489.1	012954489_Contig_846_Len540	540	28.3333333333
UCYN_RS04250_WP_012954274.1	012954274_Contig_721_Len702	702	31.4814814815
UCYN_RS05770_WP_041487892.1	041487892_Contig_654_Len780	780	36.6666666667
UCYN_RS04935_WP_012954411.1	012954411_Contig_965_Len393	393	44.7837150127
UCYN_RS01280_WP_012953684.1	012953684_Contig_1111_Len216	216	21.7592592593
UCYN_RS04000_WP_012954223.1	012954223_Contig_420_Len1098	1098	29.5992714026
UCYN_RS05890_WP_012954603.1	012954603_Contig_199_Len1482	1482	27.8002699055
UCYN_RS04695_WP_012954362.1	012954362_Contig_450_Len1059	1059	31.2559017941
UCYN_RS03195_WP_012954062.1	012954062_Contig_38_Len2442	2442	30.1392301392
UCYN_RS00120_WP_041487696.1	041487696_Contig_267_Len1347	1347	31.1061618411
UCYN_RS06100_WP_071813725.1	071813725_Contig_1135_Len183	183	36.0655737705
UCYN_RS02405_WP_012953909.1	012953909_Contig_612_Len837	837	28.1959378734
UCYN_RS06005_WP_012954626.1	012954626_Contig_744_Len669	669	33.1838565022
UCYN_RS05435_WP_012954512.1	012954512_Contig_696_Len735	735	30.3401360544
UCYN_RS05615_WP_012954548.1	012954548_Contig_737_Len684	684	32.1637426901
UCYN_RS02105_WP_012953851.1	012953851_Contig_802_Len585	585	30.9401709402
UCYN_RS04710_WP_012954365.1	012954365_Contig_142_Len1686	1686	31.1981020166
UCYN_RS01735_WP_012953774.1	012953774_Contig_623_Len819	819	32.2344322344
UCYN_RS04095_WP_012954241.1	012954241_Contig_6_Len3597	3597	31.2204614957
UCYN_RS05640_WP_012954553.1	012954553_Contig_183_Len1530	1530	37.2549019608
UCYN_RS03205_WP_012954064.1	012954064_Contig_605_Len843	843	38.0782918149
UCYN_RS03605_WP_012954148.1	012954148_Contig_317_Len1254	1254	28.4688995215
UCYN_RS05335_WP_012954491.1	012954491_Contig_334_Len1215	1215	28.0658436214
UCYN_RS02005_WP_012953831.1	012953831_Contig_512_Len972	972	32.4074074074
UCYN_RS02740_WP_041487740.1	041487740_Contig_359_Len1176	1176	31.6326530612
UCYN_RS04120_WP_012954247.1	012954247_Contig_106_Len1848	1848	33.658008658
UCYN_RS05870_WP_012954599.1	012954599_Contig_528_Len957	957	36.1546499478
UCYN_RS00770_WP_012953582.1	012953582_Contig_392_Len1131	1131	40.3183023873
UCYN_RS03470_WP_012954119.1	012954119_Contig_275_Len1332	1332	28.6786786787
UCYN_RS03180_WP_012954059.1	012954059_Contig_458_Len1044	1044	34.0996168582
UCYN_RS01060_WP_012953641.1	012953641_Contig_237_Len1398	1398	33.3333333333
UCYN_RS04460_WP_012954316.1	012954316_Contig_595_Len855	855	34.0350877193
UCYN_RS05480_WP_012954521.1	012954521_Contig_32_Len2565	2565	34.0740740741
UCYN_RS00050_WP_012953437.1	012953437_Contig_688_Len741	741	33.4682860999
UCYN_RS03640_WP_012954155.1	012954155_Contig_633_Len801	801	26.7166042447
UCYN_RS04275_WP_081440569.1	081440569_Contig_432_Len1083	1083	33.0563250231
UCYN_RS05850_WP_012954595.1	012954595_Contig_574_Len888	888	30.9684684685
UCYN_RS04200_WP_041487868.1	041487868_Contig_642_Len792	792	29.2929292929
UCYN_RS01250_WP_012953678.1	012953678_Contig_781_Len624	624	30.7692307692
UCYN_RS01520_WP_012953733.1	012953733_Contig_181_Len1539	1539	34.0480831709
UCYN_RS04190_WP_012954261.1	012954261_Contig_323_Len1242	1242	30.998389694
UCYN_RS00380_WP_012953504.1	012953504_Contig_1065_Len276	276	35.8695652174
UCYN_RS02205_WP_012953870.1	012953870_Contig_14_Len2955	2955	33.7394247039
UCYN_RS02485_WP_012953925.1	012953925_Contig_541_Len939	939	35.5697550586
UCYN_RS05860_WP_012954597.1	012954597_Contig_205_Len1473	1473	31.7718940937
UCYN_RS01150_WP_012953658.1	012953658_Contig_711_Len717	717	38.3542538354
UCYN_RS05305_WP_012954486.1	012954486_Contig_866_Len522	522	27.969348659
UCYN_RS03615_WP_012954150.1	012954150_Contig_747_Len666	666	30.3303303303
UCYN_RS00320_WP_012953492.1	012953492_Contig_161_Len1602	1602	32.5218476904
UCYN_RS01030_WP_012953635.1	012953635_Contig_178_Len1548	1548	30.4909560724
UCYN_RS00745_WP_012953577.1	012953577_Contig_452_Len1056	1056	36.7424242424
UCYN_RS02750_WP_012953973.1	012953973_Contig_1019_Len330	330	32.1212121212
UCYN_RS05920_WP_012954609.1	012954609_Contig_1138_Len180	180	41.1111111111
UCYN_RS02455_WP_012953919.1	012953919_Contig_880_Len495	495	25.0505050505
UCYN_RS04980_WP_012954420.1	012954420_Contig_905_Len468	468	30.3418803419
UCYN_RS02975_WP_012954019.1	012954019_Contig_979_Len372	372	35.752688172
UCYN_RS04135_WP_012954250.1	012954250_Contig_377_Len1155	1155	29.7835497835
UCYN_RS00685_WP_012953566.1	012953566_Contig_208_Len1461	1461	30.7323750856
UCYN_RS04795_WP_012954382.1	012954382_Contig_242_Len1392	1392	34.1235632184
UCYN_RS04370_WP_041487766.1	041487766_Contig_617_Len831	831	36.1010830325
UCYN_RS04485_WP_012954322.1	012954322_Contig_533_Len951	951	32.4921135647
UCYN_RS01095_WP_012953647.1	012953647_Contig_616_Len831	831	32.4909747292
UCYN_RS02880_WP_012954000.1	012954000_Contig_339_Len1203	1203	37.1571072319
UCYN_RS03285_WP_041487746.1	041487746_Contig_907_Len465	465	30.752688172
UCYN_RS01940_WP_012953816.1	012953816_Contig_518_Len960	960	38.75
UCYN_RS01265_WP_012953681.1	012953681_Contig_307_Len1269	1269	31.914893617
UCYN_RS00255_WP_041487700.1	041487700_Contig_928_Len438	438	33.5616438356
UCYN_RS02470_WP_012953922.1	012953922_Contig_613_Len837	837	32.8554360812
UCYN_RS04645_WP_041487770.1	041487770_Contig_245_Len1389	1389	33.0453563715
UCYN_RS04530_WP_012954331.1	012954331_Contig_1079_Len258	258	32.9457364341
UCYN_RS03260_WP_012954074.1	012954074_Contig_808_Len576	576	31.4236111111
UCYN_RS00365_WP_012953501.1	012953501_Contig_113_Len1812	1812	36.2030905077
UCYN_RS01730_WP_041487725.1	041487725_Contig_167_Len1581	1581	35.2941176471
UCYN_RS01100_WP_012953648.1	012953648_Contig_40_Len2439	2439	33.0463304633
UCYN_RS05800_WP_041487788.1	041487788_Contig_542_Len939	939	35.8892438765
UCYN_RS02255_WP_012953879.1	012953879_Contig_863_Len522	522	31.6091954023
UCYN_RS04290_WP_012954283.1	012954283_Contig_1067_Len273	273	34.4322344322
UCYN_RS03720_WP_041487859.1	041487859_Contig_918_Len453	453	32.4503311258
UCYN_RS01335_WP_012953696.1	012953696_Contig_152_Len1635	1635	35.7186544343
UCYN_RS01755_WP_012953779.1	012953779_Contig_777_Len627	627	33.3333333333
UCYN_RS05465_WP_041487784.1	041487784_Contig_401_Len1125	1125	30.9333333333
UCYN_RS00155_WP_012953458.1	012953458_Contig_354_Len1176	1176	33.5884353741
UCYN_RS06085_WP_071813721.1	071813721_Contig_1032_Len312	312	23.3974358974
UCYN_RS04610_WP_012954344.1	012954344_Contig_1020_Len327	327	26.6055045872
UCYN_RS02660_WP_012953959.1	012953959_Contig_465_Len1038	1038	32.0809248555
UCYN_RS04145_WP_012954252.1	012954252_Contig_437_Len1077	1077	30.269266481
UCYN_RS00445_WP_012953516.1	012953516_Contig_973_Len381	381	35.9580052493
UCYN_RS04165_WP_012954256.1	012954256_Contig_399_Len1125	1125	34.4
UCYN_RS02570_WP_012953941.1	012953941_Contig_889_Len486	486	37.6543209877
UCYN_RS03680_WP_012954163.1	012954163_Contig_1095_Len240	240	35.8333333333
UCYN_RS05855_WP_041487895.1	041487895_Contig_451_Len1059	1059	33.8999055713
UCYN_RS04340_WP_012954293.1	012954293_Contig_164_Len1593	1593	36.4720652856
UCYN_RS01590_WP_012953747.1	012953747_Contig_196_Len1485	1485	32.7946127946
UCYN_RS01910_WP_012953810.1	012953810_Contig_379_Len1149	1149	34.2906875544
UCYN_RS02520_WP_041487836.1	041487836_Contig_704_Len729	729	33.8820301783
UCYN_RS04970_WP_012954418.1	012954418_Contig_410_Len1104	1104	34.5108695652
UCYN_RS04330_WP_012954291.1	012954291_Contig_215_Len1452	1452	33.3333333333
UCYN_RS03155_WP_012954055.1	012954055_Contig_822_Len558	558	30.1075268817
UCYN_RS02775_WP_012953978.1	012953978_Contig_768_Len639	639	33.489827856
UCYN_RS01850_WP_012953798.1	012953798_Contig_558_Len918	918	33.660130719
UCYN_RS03545_WP_012954133.1	012954133_Contig_1036_Len312	312	41.6666666667
UCYN_RS03735_WP_012954174.1	012954174_Contig_893_Len480	480	28.75
UCYN_RS01810_WP_012953790.1	012953790_Contig_415_Len1101	1101	31.8801089918
UCYN_RS03590_WP_012954145.1	012954145_Contig_470_Len1032	1032	36.6279069767
UCYN_RS03185_WP_012954060.1	012954060_Contig_367_Len1164	1164	35.0515463918
UCYN_RS00070_WP_012953441.1	012953441_Contig_103_Len1869	1869	28.1968967362
UCYN_RS02630_WP_012953953.1	012953953_Contig_676_Len753	753	32.2709163347
UCYN_RS02290_WP_012953886.1	012953886_Contig_173_Len1563	1563	35.5726167626
UCYN_RS05230_WP_012954470.1	012954470_Contig_395_Len1131	1131	30.5923961096
UCYN_RS02215_WP_012953872.1	012953872_Contig_119_Len1794	1794	29.7101449275
UCYN_RS05115_WP_012954450.1	012954450_Contig_82_Len1974	1974	31.2563323202
UCYN_RS02705_WP_012953964.1	012953964_Contig_289_Len1302	1302	36.712749616
UCYN_RS03610_WP_012954149.1	012954149_Contig_856_Len531	531	31.8267419962
UCYN_RS05940_WP_012954613.1	012954613_Contig_555_Len927	927	33.2254584682
UCYN_RS01840_WP_012953796.1	012953796_Contig_496_Len984	984	34.1463414634
UCYN_RS03695_WP_012954166.1	012954166_Contig_929_Len435	435	30.5747126437
UCYN_RS00575_WP_012953543.1	012953543_Contig_766_Len639	639	33.1768388106
UCYN_RS03525_WP_012954128.1	012954128_Contig_665_Len765	765	33.8562091503
UCYN_RS05255_WP_012954475.1	012954475_Contig_876_Len501	501	32.9341317365
UCYN_RS00860_WP_012953601.1	012953601_Contig_776_Len630	630	31.746031746
UCYN_RS05220_WP_012954468.1	012954468_Contig_1066_Len276	276	28.6231884058
UCYN_RS05950_WP_012954615.1	012954615_Contig_715_Len714	714	38.0952380952
UCYN_RS06055_WP_081440574.1	081440574_Contig_634_Len801	801	33.5830212235
UCYN_RS04885_WP_012954401.1	012954401_Contig_837_Len546	546	35.8974358974
UCYN_RS01055_WP_012953640.1	012953640_Contig_600_Len846	846	32.3877068558
UCYN_RS04320_WP_012954289.1	012954289_Contig_585_Len876	876	29.5662100457
UCYN_RS05575_WP_012954540.1	012954540_Contig_283_Len1317	1317	28.2460136674
UCYN_RS03700_WP_012954167.1	012954167_Contig_1114_Len216	216	38.4259259259
UCYN_RS00370_WP_041487702.1	041487702_Contig_652_Len780	780	29.7435897436
UCYN_RS05485_WP_012954522.1	012954522_Contig_697_Len735	735	33.3333333333
UCYN_RS03120_WP_012954048.1	012954048_Contig_73_Len2028	2028	36.7357001972
UCYN_RS04350_WP_012954295.1	012954295_Contig_902_Len471	471	28.2377919321
UCYN_RS04115_WP_012954246.1	012954246_Contig_958_Len399	399	28.8220551378
UCYN_RS01700_WP_012953767.1	012953767_Contig_988_Len363	363	38.5674931129
UCYN_RS01175_WP_012953662.1	012953662_Contig_1098_Len237	237	36.7088607595
UCYN_RS04420_WP_012954308.1	012954308_Contig_756_Len651	651	35.0230414747
UCYN_RS05360_WP_012954496.1	012954496_Contig_255_Len1365	1365	32.0879120879
UCYN_RS00005_WP_012953431.1	012953431_Contig_407_Len1110	1110	34.5045045045
UCYN_RS01470_WP_012953722.1	012953722_Contig_560_Len915	915	36.9398907104
UCYN_RS01145_WP_041487813.1	041487813_Contig_818_Len561	561	36.7201426025
UCYN_RS02335_WP_012953895.1	012953895_Contig_746_Len666	666	35.7357357357
UCYN_RS03200_WP_012954063.1	012954063_Contig_419_Len1098	1098	33.7887067395
UCYN_RS04965_WP_012954417.1	012954417_Contig_1080_Len255	255	37.6470588235
UCYN_RS04445_WP_012954313.1	012954313_Contig_1137_Len180	180	27.2222222222
UCYN_RS02980_WP_012954020.1	012954020_Contig_887_Len489	489	36.4008179959
UCYN_RS05430_WP_012954511.1	012954511_Contig_462_Len1041	1041	29.2987512008
UCYN_RS03015_WP_012954027.1	012954027_Contig_22_Len2727	2727	34.0667400073
UCYN_RS06115_WP_012954136.1	012954136_Contig_1146_Len96	96	20.8333333333
UCYN_RS04975_WP_071813734.1	071813734_Contig_669_Len762	762	28.3464566929
UCYN_RS05100_WP_012954447.1	012954447_Contig_189_Len1512	1512	36.1772486772
UCYN_RS01480_WP_012953724.1	012953724_Contig_459_Len1041	1041	38.4245917387
UCYN_RS01430_WP_012953714.1	012953714_Contig_95_Len1911	1911	38.6185243328
UCYN_RS05825_WP_012954590.1	012954590_Contig_479_Len1023	1023	29.9120234604
UCYN_RS05790_WP_012954583.1	012954583_Contig_801_Len588	588	34.693877551
UCYN_RS03890_WP_012954204.1	012954204_Contig_328_Len1230	1230	39.0243902439
UCYN_RS03805_WP_012954187.1	012954187_Contig_1086_Len249	249	31.7269076305
UCYN_RS02360_WP_012953900.1	012953900_Contig_403_Len1119	1119	34.9419124218
UCYN_RS00550_WP_012953538.1	012953538_Contig_500_Len981	981	30.6829765545
UCYN_RS00820_WP_041487711.1	041487711_Contig_325_Len1233	1233	33.3333333333
UCYN_RS01565_WP_012953742.1	012953742_Contig_523_Len957	957	29.1536050157
UCYN_RS01870_WP_012953802.1	012953802_Contig_134_Len1737	1737	33.5636154289
UCYN_RS01675_WP_012953763.1	012953763_Contig_107_Len1839	1839	29.9075584557
UCYN_RS00440_WP_012953515.1	012953515_Contig_1075_Len261	261	39.4636015326
UCYN_RS02280_WP_012953884.1	012953884_Contig_854_Len534	534	28.6516853933
UCYN_RS01510_WP_041487721.1	041487721_Contig_381_Len1146	1146	33.0715532286
UCYN_RS02635_WP_012953954.1	012953954_Contig_755_Len651	651	33.0261136713
UCYN_RS00680_WP_012953565.1	012953565_Contig_356_Len1176	1176	33.6734693878
UCYN_RS02195_WP_012953868.1	012953868_Contig_108_Len1830	1830	32.7322404372
UCYN_RS03315_WP_012954085.1	012954085_Contig_101_Len1881	1881	38.9686337055
UCYN_RS02175_WP_012953864.1	012953864_Contig_192_Len1503	1503	31.2042581504
UCYN_RS03380_WP_012954098.1	012954098_Contig_52_Len2250	2250	32.1333333333
UCYN_RS02875_WP_012953999.1	012953999_Contig_202_Len1476	1476	39.972899729
UCYN_RS06050_WP_012953907.1	012953907_Contig_878_Len498	498	28.5140562249
UCYN_RS04950_WP_012954414.1	012954414_Contig_601_Len846	846	35.4609929078
UCYN_RS02550_WP_012953938.1	012953938_Contig_233_Len1407	1407	33.8308457711
UCYN_RS03345_WP_012954091.1	012954091_Contig_657_Len777	777	28.8288288288
UCYN_RS02785_WP_012953980.1	012953980_Contig_718_Len708	708	31.4971751412
UCYN_RS05585_WP_012954542.1	012954542_Contig_1125_Len204	204	39.7058823529
UCYN_RS00065_WP_012953440.1	012953440_Contig_794_Len603	603	33.8308457711
UCYN_RS03135_WP_012954051.1	012954051_Contig_1035_Len312	312	36.5384615385
UCYN_RS06175_WP_012953559.1	012953559_Contig_867_Len519	519	29.8651252408
UCYN_RS02100_WP_012953850.1	012953850_Contig_729_Len693	693	31.3131313131
UCYN_RS04065_WP_012954234.1	012954234_Contig_748_Len663	663	31.8250377074
UCYN_RS03255_WP_012954073.1	012954073_Contig_910_Len462	462	28.1385281385
UCYN_RS03445_WP_012954114.1	012954114_Contig_474_Len1026	1026	32.4561403509
UCYN_RS05300_WP_012954485.1	012954485_Contig_340_Len1203	1203	34.5802161264
UCYN_RS04815_WP_012954386.1	012954386_Contig_421_Len1095	1095	34.1552511416
UCYN_RS01745_WP_012953777.1	012953777_Contig_687_Len744	744	30.5107526882
UCYN_RS03840_WP_012954194.1	012954194_Contig_45_Len2343	2343	28.5531370038
UCYN_RS03800_WP_012954186.1	012954186_Contig_37_Len2445	2445	35.4601226994
UCYN_RS05970_WP_041487897.1	041487897_Contig_374_Len1158	1158	31.0880829016
UCYN_RS04535_WP_012954332.1	012954332_Contig_628_Len816	816	33.3333333333
UCYN_RS05130_WP_012954452.1	012954452_Contig_390_Len1134	1134	33.7742504409
UCYN_RS00810_WP_012953591.1	012953591_Contig_666_Len762	762	34.6456692913
UCYN_RS03455_WP_012954116.1	012954116_Contig_132_Len1743	1743	33.8496844521
UCYN_RS02190_WP_012953867.1	012953867_Contig_115_Len1800	1800	31.4444444444
UCYN_RS01340_WP_012953697.1	012953697_Contig_656_Len777	777	37.1943371943
UCYN_RS05600_WP_012954544.1	012954544_Contig_227_Len1422	1422	36.2869198312
UCYN_RS01970_WP_012953824.1	012953824_Contig_48_Len2313	2313	35.0194552529
UCYN_RS01550_WP_012953739.1	012953739_Contig_31_Len2565	2565	36.4132553606
UCYN_RS01890_WP_041487731.1	041487731_Contig_487_Len1002	1002	32.3353293413
UCYN_RS00045_WP_012953436.1	012953436_Contig_315_Len1254	1254	29.2663476874
UCYN_RS04510_WP_012954327.1	012954327_Contig_820_Len561	561	31.3725490196
UCYN_RS05315_WP_012954488.1	012954488_Contig_873_Len507	507	34.516765286
UCYN_RS03920_WP_041487758.1	041487758_Contig_80_Len1992	1992	32.3795180723
UCYN_RS03005_WP_012954025.1	012954025_Contig_398_Len1125	1125	32.8888888889
UCYN_RS04810_WP_012954385.1	012954385_Contig_582_Len879	879	34.3572241183
UCYN_RS06165_WP_012953471.1	012953471_Contig_971_Len384	384	29.1666666667
UCYN_RS03850_WP_012954196.1	012954196_Contig_549_Len933	933	35.2625937835
UCYN_RS04790_WP_012954381.1	012954381_Contig_842_Len543	543	31.6758747698
UCYN_RS00165_WP_012953460.1	012953460_Contig_1051_Len294	294	29.9319727891
UCYN_RS05780_WP_012954581.1	012954581_Contig_724_Len699	699	35.4792560801
UCYN_RS00190_WP_041487793.1	041487793_Contig_1124_Len204	204	22.0588235294
UCYN_RS05660_WP_012954557.1	012954557_Contig_174_Len1563	1563	32.3096609085
UCYN_RS01690_WP_012953766.1	012953766_Contig_347_Len1188	1188	31.228956229
UCYN_RS02220_WP_012953873.1	012953873_Contig_89_Len1938	1938	36.0165118679
UCYN_RS02435_WP_012953915.1	012953915_Contig_855_Len531	531	32.0150659134
UCYN_RS05740_WP_012954573.1	012954573_Contig_351_Len1185	1185	32.2362869198
UCYN_RS00310_WP_012953490.1	012953490_Contig_517_Len963	963	38.733125649
UCYN_RS03510_WP_012954125.1	012954125_Contig_360_Len1176	1176	30.6972789116
UCYN_RS06010_WP_081440575.1	081440575_Contig_849_Len540	540	27.2222222222
UCYN_RS04470_WP_012954318.1	012954318_Contig_429_Len1086	1086	34.3462246777
UCYN_RS03790_WP_012954184.1	012954184_Contig_369_Len1164	1164	33.4192439863
UCYN_RS05655_WP_012954556.1	012954556_Contig_1115_Len216	216	34.7222222222
UCYN_RS02800_WP_012953983.1	012953983_Contig_962_Len396	396	31.3131313131
UCYN_RS03670_WP_012954161.1	012954161_Contig_586_Len873	873	35.2806414662
UCYN_RS00465_WP_012953520.1	012953520_Contig_268_Len1347	1347	34.8923533779
UCYN_RS02125_WP_012953854.1	012953854_Contig_927_Len441	441	33.7868480726
UCYN_RS04305_WP_041487871.1	041487871_Contig_920_Len450	450	30.8888888889
UCYN_RS00205_WP_012953468.1	012953468_Contig_742_Len669	669	35.8744394619
UCYN_RS00450_WP_012953517.1	012953517_Contig_1006_Len351	351	29.3447293447
UCYN_RS02845_WP_041487841.1	041487841_Contig_1143_Len114	114	37.7192982456
UCYN_RS03395_WP_012954103.1	012954103_Contig_630_Len813	813	36.9003690037
UCYN_RS04890_WP_012954402.1	012954402_Contig_954_Len402	402	41.5422885572
UCYN_RS00230_WP_012953474.1	012953474_Contig_684_Len744	744	38.0376344086
UCYN_RS00345_WP_012953497.1	012953497_Contig_165_Len1587	1587	33.5853812224
UCYN_RS04685_WP_012954360.1	012954360_Contig_522_Len960	960	32.3958333333
UCYN_RS01465_WP_012953721.1	012953721_Contig_674_Len753	753	35.98937583
UCYN_RS03825_WP_012954191.1	012954191_Contig_545_Len936	936	36.9658119658
UCYN_RS05345_WP_012954493.1	012954493_Contig_65_Len2139	2139	35.904628331
UCYN_RS05405_WP_012954505.1	012954505_Contig_832_Len549	549	35.7012750455
UCYN_RS02320_WP_012953892.1	012953892_Contig_609_Len840	840	33.5714285714
UCYN_RS01065_WP_012953642.1	012953642_Contig_457_Len1044	1044	33.8122605364
UCYN_RS04105_WP_012954243.1	012954243_Contig_944_Len417	417	29.4964028777
UCYN_RS05155_WP_012954457.1	012954457_Contig_758_Len651	651	36.5591397849
UCYN_RS05745_WP_012954574.1	012954574_Contig_787_Len618	618	35.5987055016
UCYN_RS03620_WP_049765582.1	049765582_Contig_719_Len708	708	34.8870056497
UCYN_RS05685_WP_012954562.1	012954562_Contig_680_Len750	750	34.5333333333
UCYN_RS04210_WP_041487869.1	041487869_Contig_739_Len678	678	34.9557522124
UCYN_RS05110_WP_012954449.1	012954449_Contig_906_Len468	468	31.4102564103
UCYN_RS04735_WP_012954370.1	012954370_Contig_625_Len819	819	29.5482295482
UCYN_RS02515_WP_012953931.1	012953931_Contig_270_Len1341	1341	30.4250559284
UCYN_RS03055_WP_012954035.1	012954035_Contig_296_Len1290	1290	31.9379844961
UCYN_RS02725_WP_012953968.1	012953968_Contig_478_Len1023	1023	36.8523949169
UCYN_RS03270_WP_012954076.1	012954076_Contig_484_Len1011	1011	33.6300692384
UCYN_RS01505_WP_041487819.1	041487819_Contig_358_Len1176	1176	36.0544217687
UCYN_RS02995_WP_012954023.1	012954023_Contig_1109_Len219	219	33.3333333333
UCYN_RS03530_WP_012954129.1	012954129_Contig_1010_Len348	348	30.1724137931
UCYN_RS04360_WP_012954297.1	012954297_Contig_1043_Len306	306	34.3137254902
UCYN_RS03845_WP_012954195.1	012954195_Contig_341_Len1200	1200	30.6666666667
UCYN_RS05720_WP_012954569.1	012954569_Contig_651_Len783	783	34.993614304
UCYN_RS00250_WP_041487699.1	041487699_Contig_575_Len885	885	30.9604519774
UCYN_RS01110_WP_012953650.1	012953650_Contig_383_Len1143	1143	32.6334208224
UCYN_RS00570_WP_012953542.1	012953542_Contig_249_Len1380	1380	31.8115942029
UCYN_RS05340_WP_012954492.1	012954492_Contig_592_Len861	861	28.3391405343
UCYN_RS04630_WP_012954348.1	012954348_Contig_1057_Len291	291	31.6151202749
UCYN_RS00760_WP_041487710.1	041487710_Contig_413_Len1101	1101	32.3342415985
UCYN_RS02340_WP_012953896.1	012953896_Contig_624_Len819	819	36.2637362637
UCYN_RS03410_WP_012954106.1	012954106_Contig_1078_Len258	258	32.5581395349
UCYN_RS01855_WP_041487822.1	041487822_Contig_378_Len1149	1149	30.1131418625
UCYN_RS01355_WP_041487716.1	041487716_Contig_477_Len1023	1023	32.8445747801
UCYN_RS01375_WP_012953704.1	012953704_Contig_819_Len561	561	27.6292335116
UCYN_RS05630_WP_012954551.1	012954551_Contig_703_Len732	732	33.1967213115
UCYN_RS03150_WP_012954054.1	012954054_Contig_308_Len1266	1266	27.8830963665
