036534617_Contig_1523_Len726_OG5_127267	Ba_cy_syne_NP897826_OG5_127267	46.0	239	124	2	3	241	2	235	1.5e-49	195.7

036535718_Contig_2638_Len336_OG5_140077	Ba_cy_syne_NP897158_OG5_140077	52.7	110	52	0	2	111	4	113	8e-30	129.0

036536233_Contig_412_Len1416_OG5_127258	Op_ch_mbre_fgenesh1pg.scaffold17000148_OG5_127258	63.5	460	153	1	12	471	4	448	1.9e-165	581.6

036534194_Contig_906_Len1020_OG5_130584	Ba_ch_deth_YP182050_OG5_130584	32.8	311	190	8	5	310	2	298	2.9e-35	148.7

081980704_Contig_166_Len1968_OG5_126616	Ba_cy_syne_NP897393_OG5_126616	72.2	629	167	2	1	621	1	629	1.3e-265	914.8

036532271_Contig_533_Len1284_OG5_131553	Ba_pd_gsul_NP952774_OG5_131553	29.6	423	259	11	3	407	5	406	2.9e-40	165.6

036532855_Contig_970_Len984_OG5_126568	Ba_fb_bant_YP017151_OG5_126568	38.9	332	195	2	2	325	3	334	7.9e-70	263.5

036535213_Contig_611_Len1212_OG5_132730	Ba_fb_spne_NP345540_OG5_132730	29.2	383	241	10	27	384	15	392	8.9e-39	160.6

036533894_Contig_851_Len1059_OG5_151230	Ba_cy_syne_NP898010_OG5_151230	30.4	306	201	8	1	298	1	302	1.4e-40	166.4

036530672_Contig_2753_Len303_OG5_135618	Op_me_cbri_WBGene00038061_OG5_135618	42.9	77	44	0	1	77	6	82	4e-12	70.1

036534039_Contig_1617_Len684_OG5_156566	Ba_cy_syne_NP897247_OG5_156566	52.7	186	88	0	1	186	1	186	1.4e-46	185.7

072016483_Contig_649_Len1188_OG5_127763	Op_me_amel_XP396399_OG5_127763	31.4	401	261	8	1	394	316	709	3.4e-48	191.8

052128347_Contig_225_Len1767_OG5_136143	Sr_st_tpse_thaps1uakg.chr1000325_OG5_136143	56.1	157	62	3	5	154	2	158	3.8e-38	159.1

036533122_Contig_1236_Len849_OG5_129172	Pl_gr_ppat_egw1.205.27.1_OG5_129172	30.0	227	149	4	9	232	62	281	2.6e-21	102.1

036533000_Contig_2797_Len291_OG5_147265	Ba_cy_syne_NP896430_OG5_147265	56.6	99	38	1	1	94	1	99	1.9e-24	110.9

036532687_Contig_188_Len1881_OG5_126673	Op_me_bmor_BGIBMGA001640_OG5_126673	36.5	249	144	5	390	624	1	249	7.6e-34	144.8

036531045_Contig_1557_Len711_OG5_127414	EE_ap_Ttra_Contig8694length726_OG5_127414	45.7	234	122	4	6	235	7	239	7e-44	176.8

052128665_Contig_103_Len2325_OG5_129417	Op_me_phum_PHUM521130_OG5_129417	27.7	441	278	14	237	661	256	671	6.2e-28	125.6

081980596_Contig_522_Len1296_OG5_127023	Ba_fc_cbot_YP001787722.1_OG5_127023	23.7	350	264	2	18	366	6	353	2.6e-28	125.9

036530563_Contig_1062_Len933_OG5_129009	Ba_fb_bant_YP018756_OG5_129009	35.2	332	187	11	1	310	1	326	3.7e-40	164.9

036530496_Contig_1330_Len807_OG5_130207	Ba_pb_bmal_YP106282_OG5_130207	42.8	264	149	2	1	263	1	263	5e-51	200.7

036535308_Contig_49_Len2829_OG5_137907	Ba_pa_atum_NP357504_OG5_137907	29.0	366	216	10	581	940	219	546	9.4e-28	125.2

036530977_Contig_543_Len1278_OG5_128116	Ex_he_Ngru_Contig5577length1488_OG5_128116	30.0	250	147	7	173	398	197	442	9.2e-23	107.5

036533781_Contig_359_Len1476_OG5_129400	Ba_pl_rbal_NP867380_OG5_129400	31.8	512	307	18	1	487	1	495	9.5e-64	243.8

036532232_Contig_292_Len1590_OG5_129510	Ba_pd_gsul_NP951411_OG5_129510	38.7	489	282	8	10	494	9	483	3.1e-97	355.1

072016320_Contig_839_Len1065_OG5_144327	Ba_th_tmar_NP229088_OG5_144327	31.9	345	178	17	1	318	1	315	7.1e-32	137.5

036533243_Contig_1047_Len939_OG5_130710	Ba_de_drad_NP285566_OG5_130710	30.5	226	140	7	88	298	169	392	1.2e-16	86.7

036531633_Contig_741_Len1122_OG5_134495	Ba_pb_rsol_NP520803_OG5_134495	54.2	345	154	2	6	350	3	343	8.4e-97	353.2

036534711_Contig_2518_Len369_OG5_131654	Ba_cy_syne_NP897436_OG5_131654	52.6	76	36	0	24	99	18	93	1.1e-16	85.5

036532871_Contig_1825_Len600_OG5_131757	Ba_cy_syne_NP896373_OG5_131757	65.8	199	62	3	1	199	1	193	2.5e-74	277.7

036531400_Contig_256_Len1674_OG5_134495	Ba_aq_aaeo_NP213511_OG5_134495	38.6	290	146	12	154	429	14	285	1.2e-35	150.6

036532803_Contig_1061_Len933_OG5_126714	EE_ha_Ehux_005758708Contig22557Len708_OG5_126714	49.8	209	103	1	11	217	6	214	3.7e-53	208.0

072016423_Contig_137_Len2142_OG5_135369	Ba_fb_lmon_NP466203_OG5_135369	57.1	690	269	10	30	710	4	675	6.7e-207	719.9

036534198_Contig_1206_Len867_OG5_145089	Pl_gr_vcar_XP002959792_OG5_145089	93.1	145	10	0	71	215	1	145	5.5e-75	280.4

036535906_Contig_1257_Len840_OG5_163526	Ba_pa_bsui_NP699881_OG5_163526	37.1	221	120	4	35	248	34	242	9.2e-35	146.7

052128265_Contig_100_Len2355_OG5_155568	Ba_pg_ecol_AP002817_OG5_155568	29.7	427	261	13	315	723	268	673	1.6e-39	164.1

052128439_Contig_1473_Len747_OG5_127079	Ba_aq_aaeo_NP214305_OG5_127079	30.5	197	132	3	11	206	25	217	2.6e-17	88.6

036535805_Contig_634_Len1194_OG5_129119	Ba_de_drad_NP294195_OG5_129119	28.6	402	262	8	7	395	13	402	1.2e-35	150.2

036536570_Contig_58_Len2739_OG5_126674	Ba_bc_ctep_NP661528_OG5_126674	53.1	877	363	9	47	912	33	872	3.6e-258	890.6

036536399_Contig_1703_Len645_OG5_142772	Ba_pd_gsul_NP952342_OG5_142772	36.4	118	75	0	10	127	3	120	3.3e-16	84.7

036533827_Contig_1003_Len963_OG5_126662	Ba_ac_mlep_YP002503263_OG5_126662	63.9	310	109	2	1	310	1	307	7.7e-110	396.4

036533914_Contig_376_Len1455_OG5_126785	Op_fu_klac_XP455036_OG5_126785	27.1	484	320	13	2	469	14	480	4.2e-43	175.3

036535924_Contig_1239_Len849_OG5_126939	Ba_pl_rbal_NP866367_OG5_126939	44.2	278	138	7	9	274	106	378	1.3e-68	259.2

036535835_Contig_16_Len3609_OG5_149618	Sr_ci_Ptet_001427191Contig7679Len1833_OG5_149618	25.2	365	252	6	71	418	22	382	9.2e-23	109.0

036530196_Contig_638_Len1191_OG5_132937	Op_me_ggal_ENSGALP00000017124_OG5_132937	24.7	368	238	7	61	391	330	695	1.2e-29	130.2

036531271_Contig_697_Len1155_OG5_158970	Sr_st_tpse_estExt_gwp_gw1.C_chr_60164_OG5_158970	34.1	331	194	9	67	382	3	324	4.5e-45	181.4

036533014_Contig_938_Len1002_OG5_153790	Pl_gr_rcom_57980.m000013_OG5_153790	47.7	109	53	1	218	322	15	123	2.2e-19	95.9

036532798_Contig_2945_Len246_OG5_139567	Pl_rh_cmer_CMP058C_OG5_139567	52.0	75	34	1	8	80	63	137	1.3e-13	74.7

036534400_Contig_401_Len1428_OG5_130840	Ba_pb_rsol_NP519831_OG5_130840	24.5	425	301	8	1	416	1	414	1.1e-30	134.0

036531047_Contig_738_Len1122_OG5_132070	Sr_ci_Ptet_001461970Contig22115Len933_OG5_132070	22.2	239	186	0	53	291	71	309	3.3e-16	85.5

036533672_Contig_1153_Len888_OG5_140066	Sr_st_tpse_egw1.26x41.59.1_OG5_140066	26.2	305	200	6	2	290	3	298	9.9e-19	93.6

052128543_Contig_2231_Len459_OG5_133523	Ba_bc_ctep_NP662952_OG5_133523	54.4	90	40	1	61	149	69	158	1.1e-18	92.4

052128923_Contig_503_Len1314_OG5_126568	Ba_pl_rbal_NP867934_OG5_126568	30.3	208	134	1	57	253	21	228	2.2e-22	106.3

036530979_Contig_1331_Len807_OG5_154980	Ba_ac_mtub_NP217573_OG5_154980	32.9	237	135	6	5	221	12	244	3.5e-23	108.2

036532342_Contig_1091_Len915_OG5_126731	Ba_cy_syne_NP897332_OG5_126731	65.5	304	105	0	1	304	1	304	2.2e-114	411.4

036532012_Contig_1882_Len573_OG5_140515	Ba_ac_mtub_NP214959_OG5_140515	35.1	188	117	3	1	185	1	186	7.2e-23	106.7

036535965_Contig_539_Len1281_OG5_127802	Ba_pb_rsol_NP518800_OG5_127802	37.6	415	246	6	10	420	9	414	4.5e-65	248.1

036530438_Contig_2699_Len318_OG5_136865	Ba_cy_syne_NP897969_OG5_136865	41.8	79	45	1	21	99	21	98	2.6e-14	77.4

036534434_Contig_2484_Len378_OG5_142772	Ba_pa_atum_NP353545_OG5_142772	33.1	118	78	1	4	121	3	119	2e-13	74.7

036531566_Contig_828_Len1074_OG5_130798	Ba_sp_tpal_NP219038_OG5_130798	27.6	388	224	16	1	346	2	374	5.7e-21	101.3

036534291_Contig_529_Len1290_OG5_156717	Za_th_nmar_YP001581475_OG5_156717	47.4	424	207	4	1	424	1	408	2.5e-111	401.7

036532537_Contig_387_Len1440_OG5_128544	Ba_cy_syne_NP898136_OG5_128544	39.4	396	212	7	102	475	113	502	6.8e-67	254.2

052128711_Contig_769_Len1104_OG5_128712	Pl_gr_rcom_31433.m000016_OG5_128712	28.2	255	160	6	124	364	97	342	1.1e-16	87.0

081980777_Contig_60_Len2709_OG5_156689	Ba_pg_vcho_NP231080_OG5_156689	28.0	724	453	18	47	732	96	789	8.3e-61	235.0

036534596_Contig_921_Len1011_OG5_127079	Ba_cy_syne_NP898206_OG5_127079	65.8	310	105	1	22	331	7	315	2e-113	408.3

052128716_Contig_131_Len2181_OG5_131048	Ba_fb_bant_YP017917_OG5_131048	35.2	731	443	15	3	724	13	721	1.7e-112	406.4

081980585_Contig_596_Len1224_OG5_133535	Pl_gr_ppat_gw1.4623.3.1_OG5_133535	42.2	102	59	0	179	280	7	108	1.5e-14	80.1

081980790_Contig_590_Len1233_OG5_130326	Op_me_apis_XP001942567_OG5_130326	30.4	148	101	1	215	362	1	146	1.2e-14	80.5

019493624_Contig_2928_Len249_OG5_126818	Ba_cy_syne_NP896585_OG5_126818	84.1	82	13	0	1	82	1	82	6.3e-32	135.6

036535273_Contig_2147_Len489_OG5_128992	Ba_fb_lmon_NP466180_OG5_128992	34.4	160	103	2	1	159	1	159	2.4e-22	104.8

036530146_Contig_782_Len1095_OG5_129399	Ba_ac_mtub_NP218070_OG5_129399	30.0	233	127	10	74	297	44	249	9.9e-13	73.9

036532828_Contig_455_Len1359_OG5_147313	Ba_cy_syne_NP897310_OG5_147313	33.8	376	220	6	94	451	11	375	7.2e-45	181.0

036530455_Contig_1055_Len936_OG5_126778	Pl_gr_crei_140553_OG5_126778	31.7	262	164	8	6	264	4	253	3e-26	118.6

036536170_Contig_1642_Len675_OG5_132290	Ba_fb_spne_NP346502_OG5_132290	41.0	234	128	2	1	224	1	234	1.7e-47	188.7

081980750_Contig_984_Len978_OG5_130584	Ba_ch_deth_YP182050_OG5_130584	33.7	303	188	7	1	293	1	300	2.2e-37	155.6

052128613_Contig_229_Len1752_OG5_128084	Ba_fb_bant_YP020471_OG5_128084	47.7	333	169	2	239	571	1	328	1.5e-82	306.6

036530420_Contig_1872_Len579_OG5_139574	Ba_cy_syne_NP897695_OG5_139574	31.5	178	119	1	14	188	7	184	9.8e-20	96.3

052128300_Contig_568_Len1254_OG5_126837	Za_ea_aful_NP070244_OG5_126837	30.0	444	268	19	6	415	4	438	1.8e-34	146.4

036531443_Contig_217_Len1800_OG5_135299	Ba_cd_cpne_NP224299_OG5_135299	29.2	561	320	21	81	594	78	608	6.2e-49	194.9

036534034_Contig_583_Len1236_OG5_145087	Ba_cy_syne_NP898465_OG5_145087	62.5	395	148	0	16	410	72	466	3.2e-137	487.6

052128381_Contig_1048_Len939_OG5_130074	Ba_cy_syne_NP896774_OG5_130074	37.4	302	165	8	2	296	19	303	8.4e-45	180.3

036532589_Contig_287_Len1608_OG5_142694	Ex_eu_tcon_TcIL3000.0.27490_OG5_142694	41.5	195	109	3	20	213	3	193	1.9e-36	153.3

036532123_Contig_2199_Len471_OG5_144980	Ba_cy_syne_NP896345_OG5_144980	58.6	152	59	1	1	152	1	148	3.6e-44	177.2

036530258_Contig_2808_Len285_OG5_135618	Op_me_cbri_WBGene00038061_OG5_135618	47.4	78	41	0	1	78	6	83	1e-14	78.6

036534911_Contig_735_Len1125_OG5_133535	Pl_gr_ppat_gw1.4623.3.1_OG5_133535	41.3	104	61	0	249	352	5	108	5.1e-17	88.2

052128864_Contig_1493_Len741_OG5_149634	Pl_gr_ppat_egw1.169.77.1_OG5_149634	54.0	224	103	0	11	234	76	299	1.4e-63	242.3

036533156_Contig_1570_Len705_OG5_130962	Ba_fb_bant_YP018577_OG5_130962	31.0	242	153	5	1	230	4	243	4.3e-25	114.4

036533267_Contig_1461_Len753_OG5_126777	Ba_aq_aaeo_NP213855_OG5_126777	45.9	231	119	1	17	247	4	228	2.9e-56	218.0

036533474_Contig_1751_Len627_OG5_143129	Pl_gr_ppat_estExtGenewise1.C800150_OG5_143129	30.8	211	127	4	1	208	20	214	7.1e-24	110.2

036532585_Contig_778_Len1098_OG5_131514	Ba_bc_ctep_NP660940_OG5_131514	31.5	356	226	9	9	349	1	353	3.8e-36	151.8

052128281_Contig_12_Len3660_OG5_137907	Ba_fc_cbot_YP001786979.1_OG5_137907	26.7	292	197	6	924	1210	27	306	1.9e-25	117.9

052128886_Contig_1155_Len888_OG5_129907	Ba_pd_cjej_YP002344053_OG5_129907	47.9	242	114	3	40	280	10	240	1.4e-54	212.6

036534031_Contig_1319_Len813_OG5_126939	Ba_cy_syne_NP898466_OG5_126939	56.1	262	102	4	18	269	22	280	1.1e-85	315.8

052128305_Contig_199_Len1845_OG5_149618	Sr_ci_Ptet_001454184Contig16889Len1182_OG5_149618	30.2	202	140	1	3	204	156	356	4.1e-19	95.9

036536634_Contig_2092_Len507_OG5_129779	Ba_aq_aaeo_NP213370_OG5_129779	45.4	141	71	2	25	163	2	138	3e-28	124.4

036531425_Contig_201_Len1842_OG5_126616	Pl_gr_micr_ACO67253_OG5_126616	62.2	588	212	2	31	609	116	702	6.4e-211	733.0

052128289_Contig_866_Len1050_OG5_144327	Pl_gr_crei_114479_OG5_144327	34.3	181	111	4	1	178	1	176	1.2e-23	110.2

036531672_Contig_646_Len1191_OG5_134775	Ba_pb_rsol_NP521948_OG5_134775	30.3	379	214	15	3	371	13	351	3.1e-25	115.5

036534712_Contig_178_Len1914_OG5_127775	Pl_rh_Gsul_005707063Contig877Len2157_OG5_127775	59.9	624	249	1	12	634	59	682	1.4e-224	778.5

036531258_Contig_55_Len2769_OG5_126674	Ba_fc_cbot_YP001786967.1_OG5_126674	38.3	921	505	12	1	918	1	861	6.3e-170	597.4

036534123_Contig_1530_Len723_OG5_127503	Ba_pd_gsul_NP952493_OG5_127503	43.9	198	103	5	50	239	32	229	6.6e-37	153.7

052128356_Contig_841_Len1065_OG5_129315	EE_cr_Gthe_005826622Contig12535Len873_OG5_129315	40.7	167	92	3	190	352	125	288	2.2e-30	132.5

036532169_Contig_2524_Len366_OG5_128013	EE_cr_Gthe_005833570Contig21686Len366_OG5_128013	43.9	107	58	1	3	109	18	122	2.1e-20	97.8

052128826_Contig_113_Len2268_OG5_158931	Pl_gr_ppat_fgenesh1pg.scaffold2860000002_OG5_158931	29.3	239	154	5	497	734	90	314	1.4e-16	87.8

036531568_Contig_1535_Len723_OG5_126913	Ba_ch_deth_YP181660_OG5_126913	52.7	207	98	0	11	217	7	213	5.1e-58	223.8

036532576_Contig_2393_Len405_OG5_127436	Ba_pb_rsol_NP519634_OG5_127436	51.4	144	53	4	5	131	4	147	1.1e-33	142.1

036531370_Contig_1242_Len849_OG5_153172	Pl_gr_vcar_XP_002957239_OG5_153172	37.7	292	160	11	1	278	120	403	6e-42	170.6

036533155_Contig_1398_Len780_OG5_131262	Ba_cy_syne_NP897833_OG5_131262	41.5	260	132	4	1	258	19	260	3.4e-52	204.5

036535062_Contig_2054_Len516_OG5_128842	Ba_ch_deth_YP181650_OG5_128842	38.4	86	50	1	76	161	64	146	2.6e-11	68.2

052128408_Contig_1049_Len939_OG5_128078	Ba_pd_gsul_NP954144_OG5_128078	38.5	299	166	9	1	299	1	281	3e-42	171.8

036531516_Contig_637_Len1194_OG5_141342	Pl_rh_cmer_CMJ076C_OG5_141342	70.4	388	105	2	20	397	119	506	7.5e-160	562.8

036532667_Contig_506_Len1311_OG5_131553	Ba_ch_deth_YP181520_OG5_131553	38.3	415	244	8	2	409	1	410	2.6e-68	258.8

036536408_Contig_1450_Len759_OG5_175135	Ba_pa_bsui_NP699656_OG5_175135	44.9	216	115	2	9	221	5	219	4.5e-44	177.6

036530960_Contig_1610_Len687_OG5_128013	Ba_ac_mtub_NP215496_OG5_128013	43.9	228	124	1	5	228	1	228	1.1e-46	186.0

036536548_Contig_1836_Len597_OG5_150198	Pl_gr_osat_NP001050086_OG5_150198	36.0	175	99	3	31	193	129	302	2.9e-27	121.3

036533574_Contig_1074_Len927_OG5_126937	Za_th_nmar_YP001581646_OG5_126937	34.9	255	151	7	42	294	26	267	7.1e-36	150.6

072016374_Contig_1072_Len927_OG5_134282	Sr_ci_Scer_OMJ75899Contig19170Len819_OG5_134282	35.3	136	83	1	39	169	129	264	2.7e-11	68.9

036531952_Contig_2596_Len348_OG5_128186	Za_ea_aful_NP070802_OG5_128186	39.0	100	61	0	10	109	2	101	6.8e-16	82.8

081980707_Contig_97_Len2379_OG5_146651	Ba_cy_syne_NP897307_OG5_146651	38.4	279	137	10	512	788	98	343	1.9e-37	157.1

036530435_Contig_1386_Len783_OG5_131675	Pl_gr_micr_ACO62632_OG5_131675	56.5	262	103	4	5	256	58	318	4.6e-76	283.9

036532279_Contig_2586_Len351_OG5_146611	Pl_gr_osat_NP001055758_OG5_146611	47.1	104	55	0	11	114	6	109	4.1e-21	100.1

036533372_Contig_1520_Len726_OG5_127928	Ba_pa_atum_NP396201_OG5_127928	29.5	210	131	2	1	210	1	193	7.3e-20	97.1

052128185_Contig_1116_Len903_OG5_156726	Pl_gr_ppat_fgenesh1pg.scaffold7767000001_OG5_156726	33.0	115	77	0	186	300	45	159	9.1e-12	70.5

052128625_Contig_1184_Len876_OG5_137861	Ba_pb_bmal_YP102888_OG5_137861	55.8	258	114	0	26	283	7	264	1.2e-82	305.8

036533697_Contig_329_Len1518_OG5_133321	Ba_pd_gsul_NP952235_OG5_133321	53.9	492	223	3	5	496	5	492	8.6e-156	549.7

036530572_Contig_3060_Len219_OG5_128626	Ba_cd_cpne_NP225147_OG5_128626	60.7	56	22	0	16	71	27	82	2e-13	73.9

052128427_Contig_508_Len1311_OG5_163913	Ba_pg_vcho_NP231050_OG5_163913	49.9	381	187	2	1	381	1	377	5.4e-98	357.5

036536295_Contig_173_Len1944_OG5_128040	Am_ar_einv_EIN112390_OG5_128040	27.1	321	188	9	8	320	20	302	2.2e-23	110.2

036532638_Contig_2201_Len471_OG5_127867	Ba_pd_cjej_YP002343926_OG5_127867	52.6	156	71	2	3	156	2	156	6.3e-41	166.4

052128887_Contig_134_Len2169_OG5_129763	Ba_fb_bant_YP018195_OG5_129763	32.6	712	409	27	69	722	42	740	1.9e-76	286.6

081980787_Contig_525_Len1293_OG5_127040	Ba_pb_bmal_YP103808_OG5_127040	35.9	415	236	14	18	420	4	400	7.8e-62	237.3

036533483_Contig_1009_Len960_OG5_130885	Ba_cy_syne_NP897146_OG5_130885	41.5	316	175	5	1	313	6	314	1.7e-56	219.2

052128610_Contig_82_Len2517_OG5_126636	Op_fu_egos_AEL223C_OG5_126636	39.6	444	247	6	366	801	346	776	5.4e-86	318.5

036536655_Contig_2687_Len324_OG5_136865	Ba_cy_syne_NP897969_OG5_136865	41.9	105	61	0	3	107	1	105	1.2e-19	95.1

036532273_Contig_744_Len1116_OG5_130058	Sr_ap_tann_TA07415_OG5_130058	30.1	276	170	5	98	351	69	343	2.1e-26	119.4

052128934_Contig_1638_Len678_OG5_127115	Ba_fb_bant_YP021676_OG5_127115	31.3	227	141	5	2	223	189	405	1.9e-22	105.5

036531081_Contig_659_Len1182_OG5_169819	Op_fu_cneo_CNBG5449T0_OG5_169819	28.7	268	163	8	4	256	8	262	1.5e-19	96.7

036535231_Contig_1004_Len963_OG5_130615	Za_ea_aful_NP071247_OG5_130615	47.2	307	157	3	16	319	12	316	6.8e-74	276.9

036534340_Contig_749_Len1116_OG5_127656	Ba_ch_deth_YP181570_OG5_127656	29.8	332	213	7	33	357	35	353	1.4e-33	143.3

036531247_Contig_1585_Len699_OG5_133132	Ba_pg_ecol_AP004353_OG5_133132	55.0	231	101	2	1	231	1	228	1.8e-68	258.5

081980780_Contig_66_Len2667_OG5_128712	Ba_pa_atum_NP355183_OG5_128712	37.2	452	265	8	428	872	232	671	2.6e-80	299.7

036532059_Contig_694_Len1155_OG5_129848	Ba_pb_bmal_YP102370_OG5_129848	33.8	394	233	14	2	378	5	387	5.5e-46	184.5

036535748_Contig_1063_Len933_OG5_147315	Ba_cy_syne_NP898284_OG5_147315	43.0	309	159	9	2	301	9	309	3.3e-65	248.1

052128400_Contig_953_Len993_OG5_141028	Za_th_nmar_YP001582465_OG5_141028	45.8	295	152	6	38	328	47	337	4e-77	287.7

036533297_Contig_1467_Len750_OG5_130330	Ba_cy_syne_NP897063_OG5_130330	39.7	224	118	3	2	225	12	218	6.6e-40	163.7

036532393_Contig_914_Len1014_OG5_126628	Ba_de_drad_NP295066_OG5_126628	54.7	333	147	2	2	334	1	329	3.7e-102	370.9

036534583_Contig_1820_Len603_OG5_130964	Ba_cy_syne_NP898361_OG5_130964	60.6	175	69	0	1	175	1	175	1e-51	202.6

081980761_Contig_1248_Len846_OG5_134183	Ba_pg_cbur_NP820834_OG5_134183	30.4	293	163	14	7	278	252	524	3.8e-25	114.8

036534970_Contig_802_Len1086_OG5_132937	Op_me_tnig_ENSTNIP00000015098_OG5_132937	25.4	405	250	7	9	361	322	726	9.5e-29	127.1

036532600_Contig_837_Len1065_OG5_127400	Sr_st_tpse_gw1.5.288.1_OG5_127400	42.1	228	116	3	128	339	1	228	3.5e-47	188.3

036535516_Contig_2805_Len288_OG5_138109	Ba_cy_syne_NP898063_OG5_138109	47.1	85	43	1	2	86	3	85	4.3e-16	83.2

036536490_Contig_1344_Len801_OG5_137909	Sr_st_pram_gwEuk.1.83.1_OG5_137909	55.0	209	88	3	40	247	1	204	4.8e-54	210.7

036530204_Contig_2007_Len534_OG5_129028	Ba_cy_syne_NP896188_OG5_129028	67.1	173	57	0	5	177	9	181	1.9e-65	248.1

052128892_Contig_402_Len1428_OG5_127927	Ba_pg_sent_NP457662_OG5_127927	42.4	484	258	6	4	471	7	485	6.5e-97	354.0

036533520_Contig_223_Len1779_OG5_160688	Ba_pb_rsol_NP521011_OG5_160688	36.8	606	344	13	17	590	4	602	6.7e-99	360.9

036535878_Contig_1907_Len567_OG5_127373	Ba_pl_rbal_NP869872_OG5_127373	31.8	179	117	3	7	183	44	219	1.4e-13	75.9

036531325_Contig_2025_Len531_OG5_144897	Sr_ch_Vbra_Contig13817length984_OG5_144897	34.4	160	101	3	6	163	80	237	1.2e-16	85.9

036531374_Contig_1013_Len960_OG5_133737	Ba_fb_spne_NP345431_OG5_133737	50.2	311	155	0	6	316	5	315	7.2e-81	300.1

036531113_Contig_1010_Len960_OG5_144563	Ba_pb_bmal_YP106068_OG5_144563	34.9	269	150	6	24	287	41	289	2.2e-32	139.0

036532052_Contig_831_Len1068_OG5_127122	Ba_bc_ctep_NP661642_OG5_127122	44.7	356	188	5	1	349	17	370	7.1e-72	270.4

036530923_Contig_1302_Len822_OG5_138562	Za_ec_mmar_NP987987_OG5_138562	29.1	182	123	4	76	253	85	264	4.4e-13	74.7

036531560_Contig_1424_Len771_OG5_128100	Ba_pb_bmal_YP102443_OG5_128100	34.7	225	112	8	7	213	4	211	8.3e-22	103.6

081980645_Contig_202_Len1833_OG5_141336	Pl_gr_rcom_30677.m000015_OG5_141336	49.6	278	139	1	329	606	72	348	4.8e-68	258.5

036531488_Contig_78_Len2568_OG5_126674	Ba_aq_aaeo_NP213498_OG5_126674	30.2	776	474	17	9	751	6	746	6.2e-103	374.8

081980795_Contig_104_Len2325_OG5_128632	Pl_gr_vcar_XP002948658_OG5_128632	30.0	253	165	4	106	350	55	303	1.5e-26	120.9

052128283_Contig_22_Len3444_OG5_137907	Ba_fc_cbot_YP001786979.1_OG5_137907	26.7	288	202	4	849	1135	27	306	9.7e-27	122.1

036534631_Contig_211_Len1806_OG5_139251	Ba_pa_atum_NP355185_OG5_139251	32.9	423	281	3	163	584	346	766	1.1e-61	237.3

036530517_Contig_2313_Len429_OG5_135372	Op_fu_anid_AN4134_OG5_135372	37.5	120	69	2	15	132	2	117	1.3e-13	75.5

072016321_Contig_1776_Len618_OG5_132580	Ba_cy_syne_NP897021_OG5_132580	65.4	191	66	0	14	204	1	191	2.6e-71	267.7

052128609_Contig_562_Len1257_OG5_168195	Ba_ac_mtub_NP216267_OG5_168195	41.0	393	226	2	13	401	37	427	3.8e-77	288.1

036534190_Contig_890_Len1032_OG5_129173	Ba_cy_syne_NP897952_OG5_129173	45.1	288	125	7	1	286	1	257	3.2e-66	251.5

036531665_Contig_1582_Len702_OG5_132737	Ba_pd_gsul_NP952179_OG5_132737	46.7	180	90	2	44	223	47	220	1.2e-43	176.0

036534045_Contig_1134_Len897_OG5_126809	Ba_pl_rbal_NP865738_OG5_126809	39.9	293	175	1	1	292	7	299	2.5e-54	211.8

036530787_Contig_284_Len1617_OG5_132150	Ba_bc_ctep_NP662981_OG5_132150	27.0	541	343	17	17	521	38	562	3.5e-38	159.1

052128959_Contig_1214_Len864_OG5_137861	Ba_pb_bmal_YP102888_OG5_137861	54.9	266	115	2	17	280	2	264	2e-80	298.5

036530898_Contig_13_Len3624_OG5_135272	Op_ic_Sarc_Contig507length3450_OG5_135272	25.8	687	417	22	6	666	76	695	4.6e-54	213.0

036536616_Contig_11_Len3693_OG5_128914	Sr_rh_Rfil_Contig8804length1224_OG5_128914	40.1	304	164	5	884	1187	122	407	2.3e-53	210.7

036533441_Contig_2788_Len294_OG5_135618	Op_me_cbri_WBGene00038061_OG5_135618	41.6	77	45	0	2	78	7	83	3.2e-14	77.0

036530343_Contig_757_Len1110_OG5_132937	Pl_gr_atha_NP568091_OG5_132937	32.2	369	231	6	9	366	76	436	3e-46	185.3

081980639_Contig_456_Len1359_OG5_128712	Ba_pd_gsul_NP951533_OG5_128712	54.1	438	198	2	11	446	319	755	1.3e-136	485.7

036534657_Contig_779_Len1098_OG5_130678	Za_eh_hwal_YP658400_OG5_130678	30.3	346	210	10	15	351	2	325	4.1e-35	148.3

036531645_Contig_474_Len1344_OG5_127183	Ba_cy_syne_NP897098_OG5_127183	60.6	429	166	3	20	445	9	437	4.7e-137	487.3

036530719_Contig_419_Len1401_OG5_142772	Ba_pg_vcho_NP233476_OG5_142772	32.8	116	78	0	350	465	10	125	2.9e-12	72.8

036530984_Contig_453_Len1362_OG5_126807	Ba_cy_syne_NP897733_OG5_126807	70.2	443	128	1	7	445	12	454	3.6e-177	620.5

036532054_Contig_1060_Len933_OG5_135744	Ba_pb_bmal_YP106283_OG5_135744	32.2	267	163	7	32	293	14	267	8.7e-31	133.7

036532223_Contig_366_Len1467_OG5_128784	Sr_st_tpse_estExtgwpgw1.Cchr200110_OG5_128784	27.2	474	296	12	29	467	61	520	1.4e-38	160.2

081980763_Contig_1232_Len852_OG5_131750	Ba_ac_mtub_NP216555_OG5_131750	40.2	219	130	1	64	281	60	278	8.4e-44	176.8

081980749_Contig_698_Len1152_OG5_144327	Pl_gr_crei_114479_OG5_144327	32.6	184	115	6	41	219	5	184	1e-20	100.5

036535511_Contig_911_Len1017_OG5_126730	Ba_cy_syne_NP897059_OG5_126730	74.8	314	78	1	26	338	18	331	2.4e-135	481.1

036530764_Contig_1135_Len897_OG5_145089	Ba_ch_deth_YP181872_OG5_145089	65.6	276	90	2	6	278	1	274	4.2e-102	370.5

072016324_Contig_2013_Len534_OG5_127031	Ba_fb_spne_NP345617_OG5_127031	30.9	97	67	0	48	144	1	97	2.6e-11	68.2

036534385_Contig_2116_Len498_OG5_144642	Ba_cy_syne_NP896175_OG5_144642	44.8	134	62	2	14	147	30	151	1.2e-24	112.5

081980608_Contig_1748_Len630_OG5_127503	Pl_gr_rcom_29033.m000049_OG5_127503	41.8	194	108	3	4	195	22	212	5e-41	167.2

036531893_Contig_2449_Len387_OG5_127169	Pl_rh_cmer_CMF098C_OG5_127169	45.6	125	67	1	5	128	53	177	5.6e-27	119.8

036531296_Contig_1140_Len897_OG5_132448	Za_eh_hwal_YP658468_OG5_132448	36.5	337	173	8	3	298	17	353	8.1e-53	206.8

036530423_Contig_1541_Len717_OG5_144404	Ba_pg_cbur_NP819505_OG5_144404	30.6	219	138	3	12	225	3	212	7.2e-20	97.1

036536111_Contig_349_Len1488_OG5_127115	Ba_fc_cbot_YP001785690.1_OG5_127115	27.7	242	171	1	247	488	224	461	1.7e-26	120.2

036533090_Contig_1686_Len651_OG5_143262	Ba_pb_rsol_NP519130_OG5_143262	43.7	215	115	3	2	216	64	272	1.1e-40	166.0

036531281_Contig_943_Len1002_OG5_137874	Ba_fb_bant_YP022117_OG5_137874	28.9	301	204	5	8	308	3	293	3.4e-28	125.2

036535012_Contig_1426_Len768_OG5_127079	Ba_fb_bant_YP022364_OG5_127079	25.2	218	151	6	3	218	5	212	5.7e-12	70.9

036532205_Contig_126_Len2196_OG5_138303	Pl_gr_micr_ACO70437_OG5_138303	27.0	637	372	23	146	731	12	606	1.2e-49	197.6

036531701_Contig_979_Len981_OG5_133105	Ba_pa_bsui_NP700154_OG5_133105	46.7	315	149	3	13	325	13	310	3.8e-77	287.7

052128267_Contig_1653_Len666_OG5_142772	Ba_th_tmar_NP228278_OG5_142772	32.8	125	75	3	81	201	1	120	2.7e-13	75.1

052128629_Contig_25_Len3339_OG5_135718	Ba_pb_bmal_YP105698_OG5_135718	25.1	1092	708	30	34	1081	15	1040	2.4e-70	266.9

036530405_Contig_2291_Len438_OG5_160457	Ba_pg_yent_YP001006017.1_OG5_160457	40.6	133	76	2	14	145	3	133	2.6e-20	97.8

036531243_Contig_812_Len1080_OG5_129214	Ba_pg_ftul_YP170314_OG5_129214	63.8	354	128	0	1	354	1	354	1.5e-130	465.3

036531310_Contig_2794_Len294_OG5_141559	Ba_cy_syne_NP896786_OG5_141559	56.2	89	38	1	9	96	6	94	3.8e-20	96.7

036530805_Contig_1933_Len558_OG5_142772	Ba_pa_atum_NP353545_OG5_142772	30.7	114	79	0	5	118	4	117	6e-14	77.0

036533946_Contig_1679_Len654_OG5_127928	Ba_de_drad_NP051615_OG5_127928	44.5	209	113	1	9	217	4	209	6.1e-42	170.2

036535320_Contig_804_Len1083_OG5_151230	Ba_cy_syne_NP897563_OG5_151230	85.8	358	50	1	1	358	1	357	7.7e-188	655.6

036532300_Contig_2925_Len249_OG5_128969	Ba_de_drad_NP294043_OG5_128969	54.5	77	35	0	4	80	3	79	4e-18	89.7

036536555_Contig_1668_Len660_OG5_127179	Am_di_Acas_Contig9518length783_OG5_127179	40.9	186	92	6	12	186	26	204	1.2e-29	129.4

036531468_Contig_2623_Len342_OG5_127463	Pl_gr_osat_NP001056794_OG5_127463	36.8	114	69	2	2	113	67	179	7.8e-17	85.9

081980788_Contig_167_Len1968_OG5_131734	Sr_ci_Ptet_001445750Contig12891Len1422_OG5_131734	28.9	270	170	7	8	261	27	290	7e-25	115.2

036535388_Contig_910_Len1017_OG5_128441	Ba_de_drad_NP295371_OG5_128441	39.2	240	137	4	3	234	26	264	3.4e-39	161.8

052128606_Contig_2663_Len327_OG5_144890	EE_cr_Gthe_005833129Contig22884Len300_OG5_144890	60.3	68	26	1	10	76	4	71	2.4e-15	80.9

036534403_Contig_1609_Len687_OG5_134854	Sr_ch_Vbra_Contig17545length669_OG5_134854	41.2	187	100	2	41	217	24	210	8.3e-34	143.3

052128490_Contig_84_Len2511_OG5_134248	Pl_gr_rcom_34315.m000022_OG5_134248	30.4	253	157	3	578	830	3	236	5.6e-27	122.5

052128395_Contig_1084_Len924_OG5_146227	Pl_gr_ppat_egw1.55.105.1_OG5_146227	38.1	294	158	7	18	292	51	339	3.7e-50	198.0

081980776_Contig_254_Len1680_OG5_131512	Ba_cy_syne_NP897851_OG5_131512	43.8	564	300	5	1	554	34	590	3e-130	464.9

036530227_Contig_1502_Len735_OG5_128013	Ba_cy_syne_NP898335_OG5_128013	87.6	234	29	0	5	238	8	241	9.6e-113	405.6

036533570_Contig_485_Len1329_OG5_134156	Sr_st_tpse_thaps1uakg.chr8000075_OG5_134156	26.3	384	255	11	49	421	83	449	5.6e-26	118.2

036536116_Contig_1688_Len651_OG5_150299	Ba_cy_syne_NP897423_OG5_150299	49.3	211	104	3	3	212	7	215	1.4e-48	192.2

036531595_Contig_1894_Len573_OG5_142321	Pl_gr_crei_171943_OG5_142321	39.7	156	85	4	40	187	73	227	6.4e-19	93.6

081980885_Contig_1266_Len837_OG5_155475	Ba_pa_bsui_NP700037_OG5_155475	38.7	235	140	4	40	272	6	238	2.3e-41	168.7

036531601_Contig_1697_Len648_OG5_131888	Ba_bc_ctep_NP661376_OG5_131888	38.6	202	121	3	3	203	1	200	6.5e-36	150.2

036536045_Contig_1889_Len573_OG5_127031	Sr_ci_Slem_CDW86150Contig19871Len330_OG5_127031	35.1	97	57	3	94	190	19	109	9.8e-12	69.7

036530597_Contig_1035_Len948_OG5_127077	Ba_pg_vcho_NP232391_OG5_127077	36.5	315	172	6	1	314	1	288	5.7e-49	194.1

081980636_Contig_1006_Len963_OG5_146439	Ba_cy_syne_NP896255_OG5_146439	37.6	279	150	5	36	307	2	263	5.1e-45	181.0

036533688_Contig_486_Len1329_OG5_128063	Ba_pb_bmal_YP103043_OG5_128063	40.4	451	241	6	3	441	4	438	6.1e-86	317.4

036535222_Contig_1802_Len609_OG5_134854	Pl_gr_ppat_estExtgwpgw1.C1150008_OG5_134854	39.1	192	109	1	17	200	38	229	6.3e-33	140.2

036536148_Contig_709_Len1143_OG5_127289	Ba_cy_syne_NP898426_OG5_127289	52.3	369	172	3	15	380	25	392	2.6e-96	351.7

036530249_Contig_308_Len1569_OG5_126686	Ba_cy_syne_NP896348_OG5_126686	46.9	522	225	14	4	510	1	485	1.2e-120	433.0

036533589_Contig_1100_Len912_OG5_126754	Op_me_cele_WBGene00011821_OG5_126754	30.7	319	194	7	2	296	38	353	5.7e-38	157.5

036531411_Contig_616_Len1209_OG5_159186	Ba_cy_syne_NP897627_OG5_159186	58.5	410	156	8	1	400	13	418	3.2e-126	451.1

036534926_Contig_2519_Len369_OG5_133082	Ba_cy_syne_NP898371_OG5_133082	41.0	105	56	2	21	122	6	107	2.1e-15	81.3

036535318_Contig_1432_Len765_OG5_126618	Pl_gr_vcar_XP002946788_OG5_126618	63.1	255	87	2	6	253	71	325	8.3e-88	322.8

036531929_Contig_974_Len981_OG5_126568	Ba_fb_bant_YP020019_OG5_126568	37.2	231	135	3	19	247	1	223	7.5e-36	150.6

036530522_Contig_1365_Len792_OG5_128713	Ba_pd_wsuc_NP906787_OG5_128713	52.0	204	97	1	8	211	14	216	3.9e-56	217.6

036533348_Contig_490_Len1323_OG5_147313	Pl_gr_otau_egw1.06.00.337.1_OG5_147313	27.1	214	153	2	222	435	14	224	2.5e-18	92.8

052128532_Contig_14_Len3612_OG5_127440	Ba_cy_syne_NP896436_OG5_127440	42.7	1224	639	22	14	1201	1	1198	3.7e-250	864.4

036535875_Contig_1806_Len609_OG5_143111	Pl_rh_cmer_CMA013C_OG5_143111	40.1	172	82	3	45	195	112	283	2.2e-25	115.2

036533802_Contig_403_Len1422_OG5_141336	Ba_cy_syne_NP896110_OG5_141336	45.3	475	236	5	1	472	1	454	1e-105	383.3

036530766_Contig_1154_Len888_OG5_137245	Pl_gr_osat_NP001065900_OG5_137245	38.7	119	68	2	178	295	36	150	3.3e-14	78.6

052128579_Contig_350_Len1485_OG5_126600	Sr_ci_Ptet_001452952Contig11671Len1491_OG5_126600	26.6	278	167	11	11	275	16	269	4.2e-22	105.5

036533591_Contig_253_Len1683_OG5_127482	Op_me_ggal_ENSGALP00000021655_OG5_127482	29.7	586	349	17	5	560	129	681	1.6e-65	250.0

036532642_Contig_591_Len1230_OG5_126954	Pl_rh_cmer_CMV191C_OG5_126954	79.8	410	82	1	1	409	1	410	5.8e-192	669.5

036531386_Contig_32_Len3135_OG5_132440	Ba_pa_bsui_NP697311_OG5_132440	32.8	1036	646	18	5	1024	14	1015	1.8e-152	539.7

036532180_Contig_922_Len1008_OG5_144993	Ba_cy_syne_NP896300_OG5_144993	45.5	323	169	6	13	333	15	332	2.7e-81	301.6

081980635_Contig_21_Len3510_OG5_128914	Sr_rh_Rfil_Contig9478length1182_OG5_128914	32.5	265	173	6	884	1142	105	369	1.3e-34	148.3

036533224_Contig_1537_Len720_OG5_137858	Ba_fb_bant_YP019428_OG5_137858	40.8	245	123	4	3	225	2	246	2.7e-43	174.9

036531720_Contig_858_Len1056_OG5_127672	Za_cr_ihos_YP001435364_OG5_127672	27.7	253	173	3	8	256	1	247	1.7e-17	89.7

052128257_Contig_1555_Len711_OG5_133744	Ba_pa_bsui_NP698858_OG5_133744	26.7	217	142	6	7	220	57	259	1.3e-13	76.3

052128620_Contig_75_Len2619_OG5_155568	EE_ap_Ttra_Contig2346length2556_OG5_155568	31.1	466	295	13	412	861	374	829	3.2e-41	169.9

081980854_Contig_933_Len1005_OG5_171684	Pl_gr_rcom_31129.m000022_OG5_171684	47.4	114	60	0	39	152	1	114	1.3e-22	106.7

052128802_Contig_1315_Len816_OG5_128712	Pl_gr_rcom_31433.m000016_OG5_128712	27.9	262	168	6	25	266	99	359	5e-14	77.8

036532996_Contig_1645_Len672_OG5_128394	Op_me_trub_ENSTRUP00000008136_OG5_128394	48.3	211	109	0	9	219	21	231	1.4e-54	212.2

036533217_Contig_1021_Len954_OG5_144403	Ba_pb_rsol_NP523083_OG5_144403	38.8	260	127	10	76	308	239	493	4.8e-35	147.9

036531366_Contig_348_Len1491_OG5_127330	Sr_ch_Vbra_Contig6411length1812_OG5_127330	52.1	507	214	8	9	496	86	582	7.2e-147	520.0

072016368_Contig_918_Len1014_OG5_135068	Op_me_drer_ENSDARP00000099138_OG5_135068	32.8	180	105	7	55	231	28	194	1.4e-16	86.7

036531349_Contig_621_Len1203_OG5_127707	Ba_cy_syne_NP898602_OG5_127707	69.5	400	121	1	1	399	1	400	1.6e-165	581.6

036531587_Contig_764_Len1110_OG5_131236	EE_cr_Gthe_005834025Contig6506Len1401_OG5_131236	29.1	388	244	14	3	368	12	390	4.1e-27	121.7

036533668_Contig_971_Len984_OG5_126915	Sr_st_tpse_gw1.9.88.1_OG5_126915	48.8	287	145	1	11	295	1	287	2.8e-75	281.6

036531043_Contig_4_Len4593_OG5_147337	Ba_pb_bmal_YP105696_OG5_147337	31.5	267	150	12	1265	1520	212	456	1.2e-19	99.0

081980699_Contig_1437_Len762_OG5_128273	Ba_fb_bant_YP020235_OG5_128273	29.9	147	90	4	35	172	14	156	6.5e-11	67.4

081980742_Contig_2131_Len492_OG5_129028	Ba_fb_saur_NP372204_OG5_129028	32.7	162	102	2	9	163	8	169	2.4e-22	104.8

072016521_Contig_834_Len1068_OG5_127656	Ba_cy_syne_NP898423_OG5_127656	42.9	357	187	6	5	354	7	353	5.8e-74	277.3

081980715_Contig_515_Len1302_OG5_127082	Ba_pd_wsuc_NP907037_OG5_127082	30.4	441	251	13	3	416	393	804	4.8e-51	201.4

036533488_Contig_899_Len1023_OG5_127036	Ba_cd_cpne_NP225187_OG5_127036	39.3	346	189	6	7	340	2	338	2.5e-66	251.9

036534418_Contig_360_Len1476_OG5_132033	Ba_fb_bant_YP020184_OG5_132033	48.7	491	235	9	5	489	32	511	1.7e-140	498.8

036530903_Contig_1543_Len717_OG5_128008	Pl_rh_cmer_CMR289C_OG5_128008	37.5	208	120	5	6	210	73	273	1.6e-32	139.0

036535177_Contig_1431_Len765_OG5_144972	Pl_rh_cmer_CMD109C_OG5_144972	38.0	163	75	3	3	142	66	225	2.7e-22	105.1

036536531_Contig_1451_Len759_OG5_128013	Ba_cy_syne_NP898325_OG5_128013	73.1	245	56	2	2	245	3	238	5.1e-101	366.7

036535028_Contig_42_Len2967_OG5_126561	Sr_st_Aana_Contig3895length1452_OG5_126561	28.4	503	302	17	509	980	1	476	1e-35	151.8

036532938_Contig_1073_Len927_OG5_126937	Za_th_nmar_YP001581646_OG5_126937	33.7	243	152	6	42	282	26	261	9.2e-36	150.2

036530706_Contig_567_Len1254_OG5_127362	Ba_fb_spne_NP345631_OG5_127362	35.5	304	173	11	130	417	51	347	2.9e-37	155.6

052128673_Contig_665_Len1176_OG5_149618	Sr_ci_Ptet_001458419Contig9461Len1656_OG5_149618	24.4	287	214	2	1	286	229	513	5.1e-23	108.2

036533641_Contig_1178_Len879_OG5_128895	Ba_ac_mlep_YP002503212_OG5_128895	42.0	300	143	12	2	285	7	291	2.8e-42	171.8

036534306_Contig_80_Len2538_OG5_168712	Pl_gr_otau_0000090002_OG5_168712	59.4	207	76	3	435	637	103	305	7.5e-72	271.6

036530562_Contig_559_Len1260_OG5_144855	Ba_fb_lmon_NP464775_OG5_144855	23.9	360	263	3	41	398	37	387	5.3e-26	118.2

036532003_Contig_26_Len3297_OG5_130697	Ba_cy_syne_NP896706_OG5_130697	77.0	1094	238	4	9	1096	12	1097	0	1711.0

052128919_Contig_1274_Len834_OG5_132341	Ba_pd_wsuc_NP908207_OG5_132341	36.5	282	155	6	6	267	7	284	9.2e-35	146.7

036532305_Contig_1514_Len729_OG5_126820	Ba_pb_rsol_NP521134_OG5_126820	50.2	241	115	3	1	241	1	236	1.8e-63	241.9

036534560_Contig_361_Len1476_OG5_127293	Ba_cy_syne_NP896657_OG5_127293	51.0	494	229	9	1	490	1	485	2.7e-130	464.9

081980808_Contig_120_Len2229_OG5_149618	Sr_ci_Ptet_001427191Contig7679Len1833_OG5_149618	27.2	356	228	7	13	342	117	467	6.3e-30	132.1

036536656_Contig_686_Len1164_OG5_126887	Ba_cy_syne_NP896818_OG5_126887	73.4	387	103	0	1	387	1	387	1.2e-170	598.6

081980782_Contig_9_Len3786_OG5_158931	Ba_fb_spne_NP345296_OG5_158931	27.5	284	168	9	980	1252	170	426	3.9e-16	87.0

081980729_Contig_129_Len2190_OG5_144663	Ba_pb_bmal_YP106234_OG5_144663	33.2	503	271	17	113	575	329	806	6.1e-67	255.0

052128799_Contig_465_Len1350_OG5_135541	Ba_pd_gsul_NP953233_OG5_135541	32.0	422	248	12	28	435	27	423	3.1e-32	139.0

036531617_Contig_148_Len2073_OG5_126588	Op_ic_Sarc_Contig1936length1911_OG5_126588	47.3	558	271	9	4	548	9	556	1.9e-134	479.2

036536446_Contig_2468_Len384_OG5_145212	Ba_pd_gsul_NP951234_OG5_145212	64.8	122	41	1	1	120	1	122	2.5e-40	164.1

036532408_Contig_1007_Len960_OG5_129173	Za_eh_hwal_YP657348_OG5_129173	30.1	256	148	9	12	260	6	237	2.2e-21	102.4

036530678_Contig_824_Len1074_OG5_132937	Pl_gr_atha_NP568091_OG5_132937	36.8	356	217	4	5	353	78	432	8.2e-57	220.3

036536305_Contig_2781_Len297_OG5_175684	Ba_cy_syne_NP897859_OG5_175684	51.0	98	48	0	1	98	1	98	4.9e-23	106.3

036536474_Contig_1321_Len813_OG5_138562	Ba_pg_ecol_AP003251_OG5_138562	25.8	186	137	1	68	253	137	321	2.8e-12	72.0

036531150_Contig_1391_Len783_OG5_127267	Am_di_Acas_Contig9783length750_OG5_127267	33.1	251	152	6	1	242	1	244	2.5e-26	118.6

036534674_Contig_1524_Len726_OG5_133955	Sr_st_Aana_Contig7519length771_OG5_133955	44.7	237	122	3	1	229	1	236	8.5e-50	196.4

036535284_Contig_74_Len2622_OG5_126636	Op_ic_Sarc_Contig1178length2430_OG5_126636	52.8	727	324	4	145	862	62	778	2.1e-218	758.4

036531752_Contig_947_Len996_OG5_144563	Ba_pb_rsol_NP522672_OG5_144563	30.4	283	176	8	38	302	30	309	1.4e-26	119.8

036532398_Contig_2244_Len456_OG5_127268	Sr_st_Ptri_002182686Contig9756Len411_OG5_127268	50.8	132	64	1	8	138	4	135	3.7e-30	130.6

036535214_Contig_1498_Len738_OG5_127503	Pl_gr_crei_133249_OG5_127503	43.3	245	113	7	24	243	11	254	4.5e-41	167.5

052128912_Contig_2386_Len408_OG5_179925	Ba_fc_cbot_YP001786186.1_OG5_179925	39.4	137	69	3	4	126	1	137	3.5e-19	94.0

036532839_Contig_177_Len1914_OG5_131887	Sr_ci_Ptet_001424394Contig12293Len1452_OG5_131887	25.9	274	177	8	9	273	119	375	2.3e-20	100.1

036535507_Contig_2548_Len363_OG5_147208	Pl_gr_osat_NP001062675_OG5_147208	67.0	115	38	0	5	119	31	145	1.1e-43	175.3

036535139_Contig_761_Len1110_OG5_143068	Pl_rh_cmer_CMK307C_OG5_143068	49.3	349	154	5	40	367	109	455	4.6e-82	304.3

081980838_Contig_1674_Len657_OG5_129258	Ba_cy_syne_NP896321_OG5_129258	75.3	194	48	0	25	218	3	196	4.5e-82	303.5

036534640_Contig_286_Len1611_OG5_129156	Ba_cy_syne_NP897801_OG5_129156	39.5	501	273	8	8	495	3	486	4.1e-100	364.8

036535419_Contig_695_Len1155_OG5_129978	Ba_pl_rbal_NP867047_OG5_129978	41.5	357	189	8	29	375	18	364	8.1e-74	276.9

052128343_Contig_1208_Len867_OG5_132068	Sr_st_tpse_thaps1uakg.chr2000151_OG5_132068	34.9	238	138	9	18	242	7	240	2.9e-23	108.6

036534649_Contig_843_Len1062_OG5_130461	Ba_pl_rbal_NP867627_OG5_130461	44.8	353	182	7	1	349	1	344	8e-81	300.1

052128594_Contig_2120_Len495_OG5_126941	Ba_bc_ctep_NP661285_OG5_126941	42.7	143	82	0	22	164	8	150	7.3e-24	109.8

036534446_Contig_1848_Len591_OG5_135185	Ba_de_drad_NP295436_OG5_135185	46.9	192	90	4	12	195	22	209	8.7e-40	162.9

036533805_Contig_948_Len996_OG5_130584	Ba_ch_deth_YP182050_OG5_130584	35.6	323	181	9	1	314	1	305	1.2e-41	169.9

036531246_Contig_2980_Len240_OG5_131688	Sr_ch_Vbra_Contig21394length357_OG5_131688	45.2	73	39	1	4	75	13	85	7.5e-14	75.5

036534481_Contig_1906_Len567_OG5_142321	Pl_gr_crei_171943_OG5_142321	39.7	141	80	3	28	168	69	204	4.1e-18	90.9

036534671_Contig_1468_Len750_OG5_133955	Ba_cy_syne_NP897970_OG5_133955	56.6	258	102	2	1	249	7	263	1.4e-71	268.9

072016317_Contig_374_Len1458_OG5_126638	Op_fu_spom_NP594582_OG5_126638	42.8	484	267	4	4	483	18	495	1.3e-103	376.3

081980728_Contig_1366_Len792_OG5_126906	Ba_pl_rbal_NP869744_OG5_126906	39.7	229	129	2	33	261	38	257	3.3e-42	171.4

081980653_Contig_790_Len1092_OG5_129849	Op_me_clup_ENSCAFP00000023160_OG5_129849	26.7	262	172	4	80	329	22	275	8.7e-17	87.4

036532369_Contig_439_Len1383_OG5_132291	Ba_cy_syne_NP897629_OG5_132291	57.6	462	189	2	3	457	3	464	6e-148	523.5

036531023_Contig_1249_Len846_OG5_126568	Za_cr_cmaq_YP001540200_OG5_126568	46.2	249	122	5	2	246	5	245	3.6e-55	214.5

036530177_Contig_1267_Len834_OG5_127211	Ba_cy_syne_NP897765_OG5_127211	35.4	147	75	4	17	148	8	149	3.4e-13	75.1

036530680_Contig_2989_Len237_OG5_130709	Pl_gr_ppat_estExtgwpgw1.C770010_OG5_130709	55.8	77	34	0	2	78	53	129	2.1e-21	100.5

036536470_Contig_1295_Len825_OG5_138437	Ba_pg_ftul_YP169238_OG5_138437	39.5	210	124	2	40	249	29	235	1e-38	159.8

036535823_Contig_1936_Len558_OG5_134862	Ba_cy_syne_NP897936_OG5_134862	28.2	188	107	5	7	179	11	185	6.6e-13	73.6

036531184_Contig_509_Len1308_OG5_130525	Ba_fb_spne_NP345248_OG5_130525	25.9	429	269	17	11	434	2	386	5.2e-24	111.7

036536553_Contig_965_Len987_OG5_126662	Ba_ac_mtub_YP177868_OG5_126662	38.4	315	173	6	1	308	1	301	7.8e-49	193.7

036532249_Contig_1170_Len882_OG5_126810	Ba_pb_rsol_NP519281_OG5_126810	23.9	284	179	10	1	264	4	270	2.3e-12	72.4

052128880_Contig_1423_Len771_OG5_129962	Op_fu_calb_calbsc5314orf19.3106_OG5_129962	35.2	244	140	8	16	247	11	248	9.7e-31	133.3

036531372_Contig_1662_Len663_OG5_137858	Ba_fb_bant_YP019428_OG5_137858	37.1	240	129	5	2	219	6	245	2.1e-34	145.2

036534922_Contig_2485_Len378_OG5_170758	Ba_pg_vcho_NP231041_OG5_170758	36.3	124	75	1	1	124	1	120	1.3e-17	88.6

036535529_Contig_840_Len1065_OG5_128712	Pl_gr_rcom_31433.m000016_OG5_128712	27.2	235	159	5	119	345	93	323	8.2e-17	87.4

072016397_Contig_881_Len1038_OG5_133115	Ba_pd_gsul_NP953138_OG5_133115	61.7	339	125	2	2	337	7	343	2.3e-115	414.8

036533717_Contig_886_Len1035_OG5_127216	Ba_cy_syne_NP897713_OG5_127216	71.1	339	98	0	4	342	22	360	7.4e-143	506.1

036536850_Contig_1415_Len774_OG5_129240	Ba_pa_atum_NP356289_OG5_129240	67.7	257	83	0	1	257	1	257	9.3e-98	355.9

036535534_Contig_1611_Len687_OG5_128013	Ba_pb_rsol_NP522603_OG5_128013	43.3	224	124	3	1	224	1	221	4e-44	177.6

081980802_Contig_57_Len2742_OG5_133535	Ba_fb_lmon_NP464219_OG5_133535	33.1	378	233	4	378	746	248	614	1.7e-61	237.3

036533500_Contig_883_Len1038_OG5_144327	Ba_th_tmar_NP229142_OG5_144327	27.1	332	196	14	12	323	1	306	2.8e-25	115.5

036531238_Contig_2768_Len300_OG5_131654	Pl_gr_ppat_estExtgwpgw1.C1430096_OG5_131654	66.3	98	33	0	1	98	48	145	1.3e-34	144.8

036530909_Contig_1511_Len732_OG5_132447	Ba_cy_syne_NP896187_OG5_132447	43.8	208	105	4	32	234	55	255	1.1e-39	162.9

052128446_Contig_128_Len2193_OG5_129763	Ba_pa_atum_NP353951_OG5_129763	35.8	556	319	13	187	730	142	671	5.9e-89	328.2

036536415_Contig_685_Len1164_OG5_130963	Pl_rh_cmer_CMK049C_OG5_130963	39.3	377	212	5	1	372	10	374	9.8e-67	253.4

036532450_Contig_1720_Len639_OG5_128757	Ba_ch_deth_YP181337_OG5_128757	40.5	190	110	3	14	203	2	188	7.1e-35	146.7

036536441_Contig_547_Len1275_OG5_129400	Ba_cy_syne_NP897093_OG5_129400	64.8	423	149	0	1	423	1	423	1.1e-169	595.5

036533101_Contig_112_Len2271_OG5_146642	Ba_pb_bmal_YP106168_OG5_146642	32.5	673	396	16	66	716	161	797	1.9e-82	306.6

036531573_Contig_1051_Len939_OG5_137874	Ba_pg_ecol_AP000990_OG5_137874	30.7	228	157	1	7	233	4	231	2.1e-27	122.5

036532000_Contig_1429_Len765_OG5_128013	Ba_cy_syne_NP898325_OG5_128013	35.1	148	95	1	1	148	1	147	5.5e-18	90.9

036535691_Contig_1129_Len900_OG5_126700	Ba_cy_syne_NP896639_OG5_126700	44.6	296	149	6	3	297	6	287	1.4e-57	222.6

036534699_Contig_2021_Len531_OG5_127668	Za_cr_msed_YP001191529_OG5_127668	60.6	155	61	0	3	157	1	155	4.6e-48	190.3

036533116_Contig_2743_Len306_OG5_135618	Op_me_cbri_WBGene00038061_OG5_135618	47.4	78	41	0	1	78	6	83	4.3e-14	76.6

036531750_Contig_432_Len1389_OG5_126785	Ba_ac_mtub_YP177910_OG5_126785	29.5	322	215	6	138	453	133	448	8.4e-33	141.0

052128297_Contig_56_Len2751_OG5_159030	Pl_gr_rcom_28072.m000037_OG5_159030	37.0	219	131	3	517	729	15	232	8e-27	122.1

052128485_Contig_1194_Len870_OG5_133987	Ba_cy_syne_NP896577_OG5_133987	58.4	267	107	2	1	265	2	266	3.2e-78	291.2

052128914_Contig_115_Len2259_OG5_133331	Ba_bc_ctep_NP662288_OG5_133331	43.9	734	391	8	17	745	10	727	1.3e-168	592.8

036535852_Contig_1283_Len831_OG5_130461	Ba_pb_rsol_NP519248_OG5_130461	54.9	268	115	1	7	268	7	274	1.8e-75	282.0

036535061_Contig_1485_Len744_OG5_127327	Ba_cy_syne_NP896303_OG5_127327	72.8	213	53	1	16	228	17	224	8.4e-88	322.8

036533230_Contig_1577_Len702_OG5_128013	Ba_pb_rsol_NP523001_OG5_128013	39.3	229	131	3	1	227	1	223	4.1e-36	151.0

036532671_Contig_963_Len987_OG5_126816	Ba_cy_syne_NP896633_OG5_126816	58.1	313	125	2	1	307	1	313	7.9e-107	386.3

036532544_Contig_1297_Len822_OG5_126801	Op_fu_cimm_CIMG05390T0_OG5_126801	36.5	315	140	12	5	271	20	322	4.1e-35	147.9

036533251_Contig_1205_Len867_OG5_137861	Ba_pa_atum_NP357108_OG5_137861	32.7	248	164	1	37	284	32	276	1.4e-33	142.9

036533490_Contig_838_Len1065_OG5_127161	Ba_de_drad_NP294732_OG5_127161	39.6	298	156	10	63	350	12	295	2.1e-41	169.1

036531114_Contig_1064_Len933_OG5_127078	Ba_pa_rpro_NP220886.1_OG5_127078	31.1	309	183	9	6	300	6	298	5.1e-31	134.4

036534959_Contig_1199_Len870_OG5_128013	Ba_fc_cbot_YP001785600.1_OG5_128013	36.0	161	88	3	13	162	3	159	2.5e-19	95.5

036530149_Contig_966_Len984_OG5_126662	Ba_ac_mlep_YP002503263_OG5_126662	53.4	313	143	2	1	313	1	310	9.1e-90	329.7

036532562_Contig_1342_Len801_OG5_140506	EE_cr_Gthe_005835151Contig14027Len777_OG5_140506	35.7	224	120	6	25	234	2	215	1.6e-31	136.0

036530752_Contig_2765_Len300_OG5_131654	Sr_st_tpse_egw1.26x41.163.1_OG5_131654	54.1	98	44	1	1	98	1	97	3.7e-26	116.7

052128617_Contig_1377_Len789_OG5_127533	Ba_cy_syne_NP897822_OG5_127533	43.5	237	118	7	11	243	9	233	4.9e-43	174.1

036532284_Contig_3021_Len228_OG5_130791	Ba_pd_gsul_NP952800_OG5_130791	69.4	72	22	0	1	72	1	72	2.2e-23	107.1

036535261_Contig_1636_Len678_OG5_129511	Ba_pl_rbal_NP870472_OG5_129511	43.2	206	106	6	1	200	1	201	6.7e-36	150.2

036533104_Contig_566_Len1254_OG5_132730	Ba_bc_ctep_NP660941_OG5_132730	29.2	346	209	11	80	416	54	372	2.1e-27	122.9

036532386_Contig_337_Len1509_OG5_126616	Sr_ci_Ptet_001452972Contig15524Len1263_OG5_126616	29.2	284	177	9	205	476	146	417	1.7e-23	110.2

036534504_Contig_1407_Len777_OG5_140265	Op_fu_aory_AO090010000692_OG5_140265	29.0	238	139	7	21	255	88	298	1.6e-20	99.4

072016439_Contig_1314_Len816_OG5_136244	Sr_st_Aana_Contig11421length183_OG5_136244	49.2	61	31	0	6	66	1	61	5.1e-11	67.8

036530768_Contig_620_Len1203_OG5_168746	Ba_pa_rpro_NP220864.1_OG5_168746	37.1	377	220	6	4	373	1	367	2.5e-57	222.2

036534180_Contig_1430_Len765_OG5_133730	Ba_pd_gsul_NP953761_OG5_133730	47.8	245	107	6	11	254	6	230	3.4e-52	204.5

036531962_Contig_1494_Len738_OG5_153790	Pl_gr_rcom_57980.m000013_OG5_153790	43.4	113	55	3	131	234	16	128	2.2e-16	85.5

036530528_Contig_437_Len1386_OG5_128563	Ba_fb_bant_YP017223_OG5_128563	39.5	395	210	10	9	383	5	390	2.7e-63	242.3

036536054_Contig_146_Len2082_OG5_132296	Ba_cy_syne_NP897131_OG5_132296	51.9	680	303	9	1	675	1	661	1.1e-196	686.0

036532040_Contig_1548_Len714_OG5_129907	Ba_cy_syne_NP897507_OG5_129907	62.4	218	78	1	1	218	1	214	3.5e-75	280.8

036533120_Contig_3034_Len225_OG5_134504	Ba_cy_syne_NP897370_OG5_134504	79.2	72	14	1	1	72	1	71	1.1e-30	131.3

036534103_Contig_2038_Len525_OG5_135281	Pl_gr_atha_NP196161_OG5_135281	51.5	99	43	4	77	174	49	143	2e-19	95.1

036531233_Contig_699_Len1152_OG5_128590	Ba_cy_syne_NP898364_OG5_128590	69.1	375	116	0	7	381	19	393	4.5e-157	553.5

036531391_Contig_944_Len1002_OG5_133114	Ba_ch_deth_YP182119_OG5_133114	36.6	331	185	9	7	320	5	327	2.6e-52	205.3

036535671_Contig_696_Len1155_OG5_133523	Ba_aq_aaeo_NP213946_OG5_133523	57.1	91	38	1	287	377	54	143	4.3e-22	105.1

036531133_Contig_903_Len1023_OG5_142514	Ba_fb_spne_NP345728_OG5_142514	31.0	329	198	13	21	339	8	317	9.6e-26	117.1

036531954_Contig_227_Len1755_OG5_127076	Ba_pa_atum_NP354646_OG5_127076	40.1	583	309	9	1	580	11	556	3.2e-111	401.7

036532676_Contig_2141_Len489_OG5_156694	Ba_fb_spne_NP345328_OG5_156694	28.0	175	96	5	1	151	1	169	3.2e-11	67.8

081980781_Contig_153_Len2040_OG5_135721	Ba_cy_syne_NP898448_OG5_135721	57.1	643	258	5	40	677	9	638	1.6e-207	721.8

081980579_Contig_1408_Len774_OG5_128903	Sr_st_tpse_egw1.26x41.70.1_OG5_128903	66.2	240	78	2	10	248	5	242	3.8e-91	334.0

036530541_Contig_1519_Len726_OG5_127234	Ba_cy_syne_NP896371_OG5_127234	54.6	238	108	0	4	241	7	244	3.9e-66	250.8

036532640_Contig_147_Len2079_OG5_126923	Ba_th_tmar_NP229451_OG5_126923	39.3	684	400	6	7	689	4	673	4.2e-145	514.6

072016433_Contig_1454_Len756_OG5_141719	Pl_gr_crei_119438_OG5_141719	32.7	162	96	2	69	228	12	162	1.4e-18	92.8

036530352_Contig_1716_Len639_OG5_129378	Ba_aq_aaeo_NP214196_OG5_129378	27.0	200	142	3	4	202	20	216	1.6e-15	82.4

081980755_Contig_859_Len1053_OG5_128289	Sr_ci_Ptet_001441666Contig19482Len1053_OG5_128289	25.4	224	158	4	37	258	120	336	3.9e-14	78.6

036534727_Contig_704_Len1146_OG5_158925	Za_eh_halo_NP045972_OG5_158925	42.7	267	147	3	11	276	61	322	2.1e-50	199.1

036534743_Contig_444_Len1377_OG5_132024	Ba_cy_syne_NP896625_OG5_132024	43.4	468	235	10	1	455	1	451	2.2e-99	362.1

052128443_Contig_1718_Len639_OG5_129907	Ba_ac_mtub_NP216368_OG5_129907	59.8	194	78	0	4	197	26	219	3.5e-58	224.2

036534454_Contig_578_Len1242_OG5_142557	Ba_pb_rsol_NP519222_OG5_142557	46.7	411	216	2	3	413	7	414	5.8e-107	387.1

036534421_Contig_1463_Len753_OG5_130942	Sr_st_tpse_gw1.4.520.1_OG5_130942	43.1	218	106	4	2	210	1	209	4.6e-41	167.5

036535967_Contig_327_Len1521_OG5_142650	Ba_bc_ctep_NP661725_OG5_142650	40.3	489	277	5	11	491	6	487	1.1e-89	330.1

036532264_Contig_299_Len1581_OG5_163187	Ba_fb_saur_NP371744_OG5_163187	28.8	219	140	7	29	246	5	208	6.9e-23	108.2

036531989_Contig_1037_Len945_OG5_132448	Ba_de_drad_NP295843_OG5_132448	58.0	324	103	8	1	314	1	301	3.3e-97	354.4

081980670_Contig_1758_Len624_OG5_144636	Pl_gr_rcom_28738.m000149_OG5_144636	28.7	202	115	6	26	203	3	199	3.7e-12	71.2

052128889_Contig_820_Len1077_OG5_128695	Pl_gr_crei_140111_OG5_128695	30.1	239	154	6	67	298	172	404	1e-22	107.1

052128432_Contig_789_Len1095_OG5_132289	Ba_fb_bant_YP018655_OG5_132289	31.8	239	150	4	65	292	76	312	1.3e-25	116.7

081980686_Contig_95_Len2409_OG5_129763	Ba_pb_bmal_YP106383_OG5_129763	31.4	606	363	19	50	622	57	642	1.3e-57	224.2

036536183_Contig_371_Len1461_OG5_147337	Ba_pb_bmal_YP105696_OG5_147337	30.3	294	197	5	189	481	171	457	1.5e-32	140.2

036532010_Contig_386_Len1440_OG5_153790	Pl_gr_rcom_57980.m000013_OG5_153790	43.2	118	63	1	366	479	16	133	2.2e-17	89.7

036533350_Contig_181_Len1908_OG5_128323	Ex_eu_lbra_LbrM.34.0090_OG5_128323	24.0	275	195	6	331	592	62	335	1.1e-19	97.8

036533621_Contig_1069_Len930_OG5_136324	Ba_de_drad_NP295407_OG5_136324	46.2	303	150	5	1	303	24	313	2.3e-71	268.5

036532570_Contig_777_Len1098_OG5_135372	Ba_sp_tpal_NP219069_OG5_135372	32.4	355	203	10	13	363	71	392	1.9e-32	139.4

036531997_Contig_1442_Len759_OG5_128100	Ba_fb_bant_YP018787_OG5_128100	45.1	253	125	3	5	250	3	248	1.8e-53	208.8

036530692_Contig_2483_Len378_OG5_142772	Pl_gr_rcom_27930.m000072_OG5_142772	29.3	116	82	0	4	119	5	120	2.6e-13	74.3

036530139_Contig_2155_Len486_OG5_144980	Ba_cy_syne_NP896345_OG5_144980	50.3	147	72	1	6	151	2	148	1.3e-36	152.1

036535352_Contig_2758_Len303_OG5_128452	Pl_gr_otau_gw1.01.00.540.1_OG5_128452	40.7	91	49	1	5	95	1	86	1.6e-13	74.7

036532098_Contig_1033_Len948_OG5_126568	Ba_pl_rbal_NP863810_OG5_126568	39.4	312	181	4	7	315	2	308	4.3e-57	221.1

052128943_Contig_218_Len1797_OG5_149618	Sr_ci_Ptet_001454423Contig9977Len1611_OG5_149618	26.0	381	278	2	200	578	2	380	8.6e-38	157.9

036531865_Contig_240_Len1719_OG5_128616	Ba_de_drad_NP294198_OG5_128616	33.4	524	324	12	1	516	100	606	6.9e-69	261.2

052128688_Contig_158_Len2016_OG5_141336	Ba_fb_bant_YP017622_OG5_141336	24.5	319	186	11	9	290	3	303	2.1e-16	87.0

036534142_Contig_1263_Len837_OG5_131750	Ba_th_tmar_NP228621_OG5_131750	38.7	266	161	2	12	277	7	270	2.7e-55	214.9

036535043_Contig_2546_Len363_OG5_129936	Ba_cy_syne_NP897915_OG5_129936	69.5	118	36	0	1	118	37	154	2.3e-43	174.1

072016409_Contig_34_Len3099_OG5_126574	Ex_he_Ngru_Contig3375length1968_OG5_126574	27.6	557	328	21	358	879	77	593	3.4e-42	173.3

036534646_Contig_2254_Len453_OG5_143133	Pl_rh_Gsul_005706329Contig5539Len606_OG5_143133	38.8	103	62	1	44	145	92	194	7e-13	73.2

036533437_Contig_1562_Len708_OG5_127728	Ba_cy_syne_NP896247_OG5_127728	39.9	223	133	1	8	229	5	227	2.7e-35	148.3

081980625_Contig_862_Len1053_OG5_130963	Za_ec_mjan_NP247420_OG5_130963	38.0	324	173	11	2	306	38	352	1.9e-48	192.6

036531134_Contig_2162_Len486_OG5_141647	Ba_cy_syne_NP897926_OG5_141647	53.4	161	72	2	1	161	1	158	4.1e-43	173.7

036532731_Contig_1270_Len834_OG5_136077	Ba_cy_syne_NP898277_OG5_136077	38.8	250	140	4	25	270	27	267	3.5e-39	161.4

036532170_Contig_676_Len1167_OG5_128013	Ba_fb_bant_YP018854_OG5_128013	35.3	184	101	4	11	181	5	183	2e-19	96.3

036536504_Contig_2656_Len330_OG5_132922	Ba_pg_ecol_AP001497_OG5_132922	41.7	108	61	1	1	108	1	106	4.7e-19	93.2

036534875_Contig_501_Len1314_OG5_126889	Ba_cy_syne_NP897728_OG5_126889	35.0	417	237	7	14	428	17	401	5e-59	228.0

036530795_Contig_958_Len990_OG5_144327	Ba_th_tmar_NP229142_OG5_144327	37.1	175	103	3	5	177	1	170	2.1e-25	115.9

036533125_Contig_1576_Len702_OG5_127821	Ex_fo_glam_GL5080315127_OG5_127821	44.7	215	111	4	9	215	39	253	3.7e-42	171.0

036532313_Contig_1731_Len633_OG5_127316	Pl_gr_otau_egw1.16.00.219.1_OG5_127316	48.0	200	104	0	11	210	42	241	6.1e-47	186.8

036535633_Contig_1185_Len876_OG5_146651	Ba_pd_gsul_NP952887_OG5_146651	38.5	130	77	2	140	269	70	196	1.1e-14	80.1

036533149_Contig_1347_Len798_OG5_134492	Ba_pg_cbur_NP819048_OG5_134492	28.3	230	160	4	7	235	6	231	1.4e-24	112.8

081980805_Contig_1180_Len879_OG5_132290	Op_me_sman_Smp112220_OG5_132290	31.6	155	98	2	136	290	7	153	1.2e-13	76.6

036533694_Contig_1161_Len885_OG5_128895	Am_my_ddis_DDBG0280135_OG5_128895	25.3	293	188	9	1	268	11	297	9.1e-17	87.0

036532665_Contig_1027_Len951_OG5_127872	Op_me_amel_XP001121058_OG5_127872	36.5	312	176	5	5	302	9	312	4.7e-48	191.0

052128855_Contig_92_Len2430_OG5_126855	Ba_cy_syne_NP898328_OG5_126855	46.4	797	382	11	11	791	1	768	2.6e-178	625.2

036533106_Contig_815_Len1077_OG5_147239	Pl_rh_cmer_CMV149C_OG5_147239	62.1	335	120	2	13	341	1	334	3.7e-121	434.1

036532239_Contig_1561_Len708_OG5_145026	EE_ha_Ehux_005786728Contig9861Len1242_OG5_145026	30.7	264	134	7	4	221	122	382	1.5e-25	115.9

036531127_Contig_1201_Len870_OG5_128545	Ba_pb_bmal_YP103799_OG5_128545	40.9	269	147	5	22	287	33	292	7.1e-46	183.7

036534983_Contig_469_Len1347_OG5_126785	Pl_gr_atha_NP189059_OG5_126785	44.4	464	238	6	2	448	23	483	7.5e-103	373.6

036534512_Contig_2494_Len375_OG5_142772	Ba_pa_atum_NP353545_OG5_142772	33.9	121	79	1	3	123	2	121	9e-14	75.9

036533222_Contig_603_Len1218_OG5_126906	Ba_bc_ctep_NP661282_OG5_126906	38.6	402	236	5	7	403	254	649	6e-67	254.2

081980735_Contig_40_Len2967_OG5_149618	Sr_ci_Ptet_001458419Contig9461Len1656_OG5_149618	24.8	323	241	1	528	850	185	505	1.4e-29	131.3

081980810_Contig_215_Len1800_OG5_141336	Pl_gr_rcom_30677.m000015_OG5_141336	50.2	277	136	2	324	599	74	349	3.7e-73	275.4

036532286_Contig_1883_Len573_OG5_134283	Sr_ap_ncan_NCLIV040820_OG5_134283	47.6	126	61	2	3	128	12	132	3.1e-26	117.9

036530259_Contig_846_Len1059_OG5_128464	Ba_th_tmar_NP229579_OG5_128464	43.9	346	186	5	7	352	2	339	1.7e-81	302.4

036530958_Contig_1090_Len918_OG5_127041	Ba_cy_syne_NP897692_OG5_127041	60.2	299	119	0	1	299	1	299	5.4e-102	370.2

036535296_Contig_362_Len1476_OG5_127621	Ba_pg_sent_NP456956_OG5_127621	40.0	457	246	11	1	452	1	434	5.7e-88	324.3

036531465_Contig_2204_Len471_OG5_127887	Ba_pl_rbal_NP866874_OG5_127887	44.3	149	83	0	3	151	5	153	2e-34	144.8

036535350_Contig_2757_Len303_OG5_135618	Op_me_cbri_WBGene00038061_OG5_135618	46.8	77	41	0	1	77	6	82	1.6e-13	74.7

036532446_Contig_1504_Len735_OG5_165864	Ba_cy_syne_NP897177_OG5_165864	45.9	231	114	3	15	242	14	236	4.3e-49	194.1

036532331_Contig_332_Len1512_OG5_133541	Ba_pb_bpse_YP332363.1_OG5_133541	28.3	527	288	23	4	499	37	504	2.4e-33	142.9

036536400_Contig_1241_Len849_OG5_137861	Ba_pa_atum_NP357108_OG5_137861	31.9	285	181	4	2	282	3	278	3.3e-32	138.3

081980630_Contig_1336_Len807_OG5_127668	Ba_cy_syne_NP897401_OG5_127668	43.4	272	137	5	7	268	141	405	7.2e-53	206.8

036536823_Contig_2275_Len447_OG5_127887	Ba_pl_rbal_NP866874_OG5_127887	46.7	150	69	3	6	147	8	154	9.6e-31	132.5

036532920_Contig_623_Len1200_OG5_126783	Op_me_sman_Smp045260_OG5_126783	32.7	355	226	7	41	389	209	556	1.3e-42	173.3

036534496_Contig_920_Len1011_OG5_126628	Ba_pa_wend_YP001974973_OG5_126628	42.4	337	169	10	1	328	1	321	8.5e-67	253.4

036530172_Contig_274_Len1638_OG5_152391	Pl_gr_ppat_estExtfgenesh1pg.C1820012_OG5_152391	41.1	538	300	9	1	528	47	577	4.2e-113	407.9

036536209_Contig_1157_Len888_OG5_132070	Sr_rh_Rfil_Contig13625length978_OG5_132070	29.4	218	139	6	40	250	24	233	1.5e-11	69.7

036534557_Contig_553_Len1266_OG5_158970	Sr_st_tpse_estExt_gwp_gw1.C_chr_60164_OG5_158970	28.3	332	191	10	95	406	15	319	4.1e-31	135.2

036533412_Contig_1399_Len780_OG5_130184	Ba_bc_ctep_NP662765_OG5_130184	28.6	259	174	4	1	249	1	258	2.8e-22	105.1

052128557_Contig_601_Len1218_OG5_130169	Ba_pl_rbal_NP870537_OG5_130169	28.8	208	118	4	176	362	153	351	1.1e-15	84.0

052128458_Contig_140_Len2103_OG5_149618	Sr_ci_Ptet_001454423Contig9977Len1611_OG5_149618	25.2	282	200	6	28	308	5	276	9.8e-17	88.2

052128725_Contig_1983_Len543_OG5_130547	Ba_bc_ctep_NP662291_OG5_130547	37.5	144	82	3	3	140	14	155	3e-18	91.3

036530785_Contig_107_Len2286_OG5_127579	Ba_cy_syne_NP897587_OG5_127579	61.5	753	280	4	10	760	16	760	5.8e-297	1019.2

052128786_Contig_377_Len1455_OG5_158931	Pl_gr_ppat_fgenesh1pg.scaffold2860000002_OG5_158931	33.1	248	149	4	141	387	83	314	8.5e-28	124.4

036537146_Contig_1866_Len582_OG5_150198	Pl_gr_osat_NP001050086_OG5_150198	35.8	173	100	2	31	192	129	301	1.7e-27	122.1

081980771_Contig_760_Len1110_OG5_128695	Op_fu_spom_NP587941_OG5_128695	26.5	392	222	15	4	361	69	428	5.3e-27	121.3

081980734_Contig_758_Len1110_OG5_126600	EE_ap_Ttra_Contig7576length951_OG5_126600	27.8	230	142	9	42	253	63	286	4.7e-18	91.7

036534086_Contig_44_Len2913_OG5_128979	Op_fu_ylip_XP499639_OG5_128979	30.3	580	351	19	420	961	474	1038	1.9e-60	233.8

036535452_Contig_394_Len1434_OG5_127226	Ba_ch_deth_YP181254_OG5_127226	36.1	490	271	12	1	466	1	472	1e-78	293.5

036534710_Contig_1179_Len879_OG5_126810	Ba_pd_gsul_NP951996_OG5_126810	46.7	255	130	5	12	264	5	255	2.8e-55	214.9

081980748_Contig_799_Len1089_OG5_131993	Pl_gr_vcar_XP002948279_OG5_131993	48.5	309	138	6	1	303	39	332	3.9e-70	264.6

052128696_Contig_816_Len1077_OG5_127170	Ba_cy_syne_NP898019_OG5_127170	62.3	329	122	1	1	329	1	327	7.1e-112	403.3

036536472_Contig_417_Len1404_OG5_156730	Ba_pb_rsol_NP518502_OG5_156730	32.1	405	240	11	54	455	47	419	1.8e-56	219.5

052128639_Contig_39_Len2970_OG5_127115	Ba_fb_bant_YP016880_OG5_127115	24.2	293	196	5	685	973	227	497	5.1e-19	96.3

036534578_Contig_742_Len1119_OG5_128714	Ba_cy_syne_NP898363_OG5_128714	72.8	372	100	1	1	372	2	372	3.8e-158	557.0

072016398_Contig_2103_Len501_OG5_127571	Pl_gr_ppat_egw1.30.131.1_OG5_127571	51.6	161	70	2	5	157	16	176	4.4e-40	163.7

036535779_Contig_1130_Len900_OG5_132741	Ba_cy_syne_NP897246_OG5_132741	48.3	302	149	5	1	296	1	301	1.2e-69	262.7

036535842_Contig_1470_Len750_OG5_133320	Ba_cy_syne_NP896279_OG5_133320	56.3	252	101	1	1	243	4	255	3.7e-75	280.8

036535312_Contig_2531_Len366_OG5_128013	EE_cr_Gthe_005833570Contig21686Len366_OG5_128013	41.5	106	60	1	3	108	18	121	3.8e-17	87.0

081980641_Contig_37_Len2985_OG5_171417	Pl_gr_rcom_33328.m000024_OG5_171417	33.9	242	134	6	754	982	55	283	4.9e-22	106.3

052128456_Contig_110_Len2280_OG5_155568	Ba_pg_ecol_AP002817_OG5_155568	32.2	454	251	15	141	583	360	767	2.1e-44	180.3

036536881_Contig_2828_Len282_OG5_130206	Ba_cy_syne_NP896680_OG5_130206	56.7	90	39	0	1	90	1	90	9.3e-24	108.6

036532277_Contig_2361_Len414_OG5_127478	Ba_cy_syne_NP898185_OG5_127478	73.5	132	35	0	6	137	2	133	2.8e-53	207.2

081980756_Contig_2475_Len381_OG5_172388	Ba_cy_syne_NP896749_OG5_172388	48.2	114	57	1	7	120	14	125	2.3e-25	114.4

036536326_Contig_216_Len1800_OG5_133524	Ba_sp_tpal_NP218941_OG5_133524	32.7	560	352	12	31	569	15	570	1.5e-66	253.4

052128644_Contig_1388_Len783_OG5_132290	Ba_fb_bant_YP016879_OG5_132290	30.9	233	155	2	1	227	1	233	8.1e-33	140.2

072016405_Contig_1921_Len561_OG5_149392	Ba_cy_syne_NP898348_OG5_149392	36.0	175	106	3	16	186	32	204	1.2e-33	142.5

052128663_Contig_343_Len1503_OG5_149618	Sr_ci_Ptet_001454423Contig9977Len1611_OG5_149618	26.9	335	219	5	40	367	132	447	8.8e-28	124.4

036535839_Contig_1627_Len681_OG5_164435	Pl_gr_atha_NP176678_OG5_164435	51.4	218	96	4	6	214	24	240	8.8e-57	219.5

036533584_Contig_797_Len1089_OG5_128304	Pl_gr_ppat_estExtgwpgw1.C280117_OG5_128304	66.8	364	118	1	2	362	73	436	2.7e-143	507.7

036532050_Contig_1474_Len747_OG5_136094	Ba_bc_ctep_NP661599_OG5_136094	40.8	233	131	2	16	245	14	242	9.4e-47	186.4

081980872_Contig_1940_Len558_OG5_127235	Op_me_ggal_ENSGALP00000011241_OG5_127235	35.3	173	103	4	4	169	55	225	1.6e-19	95.5

036535702_Contig_1256_Len840_OG5_132068	Ba_pa_atum_NP356434_OG5_132068	36.1	249	153	2	8	255	36	279	8.7e-33	140.2

036531187_Contig_1335_Len807_OG5_126763	Ba_ac_mlep_YP002503791_OG5_126763	48.4	213	103	3	50	255	27	239	5.9e-52	203.8

036532044_Contig_1417_Len771_OG5_127485	Ba_pa_bsui_NP699981_OG5_127485	38.5	247	137	7	17	254	16	256	1.2e-36	152.9

036530846_Contig_528_Len1290_OG5_128210	Ba_th_tmar_NP228053_OG5_128210	31.5	413	206	16	3	396	2	356	6.8e-37	154.5

036532617_Contig_18_Len3546_OG5_149618	Sr_ci_Ptet_001454423Contig9977Len1611_OG5_149618	24.9	277	193	8	17	286	247	515	6.7e-18	92.8

036535029_Contig_2693_Len321_OG5_131654	Ba_cy_syne_NP897436_OG5_131654	41.3	92	51	1	4	95	3	91	9.1e-15	79.0

081980779_Contig_1867_Len582_OG5_126908	Ba_pg_cbur_NP820328_OG5_126908	48.4	186	89	3	1	185	14	193	3.6e-38	157.5

036534392_Contig_209_Len1806_OG5_131049	Ba_fc_cbot_YP001787877.1_OG5_131049	44.1	558	297	7	10	563	22	568	2.6e-135	481.9

081980733_Contig_1307_Len819_OG5_130011	Op_me_trub_ENSTRUP00000019669_OG5_130011	33.1	266	165	3	4	269	21	273	3e-38	158.3

036531419_Contig_1192_Len873_OG5_138778	Ba_fb_spne_NP345407_OG5_138778	28.6	283	172	9	22	290	2	268	8.5e-20	97.1

052128827_Contig_1370_Len792_OG5_134248	Sr_st_Aana_Contig10336length375_OG5_134248	44.1	93	46	3	46	133	2	93	1.4e-13	76.3

052128977_Contig_1892_Len573_OG5_156551	Pl_rh_Gsul_005705522Contig4779Len780_OG5_156551	38.0	179	102	6	14	190	80	251	1.3e-24	112.5

036531974_Contig_571_Len1248_OG5_127079	EE_cr_Gthe_005828963Contig13502Len810_OG5_127079	37.6	237	130	8	30	258	5	231	3.6e-32	138.7

036536011_Contig_613_Len1212_OG5_168746	Ba_pa_rpro_NP220864.1_OG5_168746	29.7	391	240	10	2	383	1	365	3.9e-42	171.8

036531609_Contig_1251_Len846_OG5_130716	Ba_pd_gsul_NP951589_OG5_130716	45.8	284	140	6	3	280	1	276	1e-62	239.6

036531103_Contig_1057_Len936_OG5_128948	Ba_pg_ftul_YP169810_OG5_128948	43.9	287	145	3	9	293	3	275	1.3e-53	209.5

052128373_Contig_207_Len1812_OG5_176242	Ba_fb_saur_NP373118_OG5_176242	34.6	569	320	13	45	601	17	545	1.3e-81	303.5

036535543_Contig_2161_Len486_OG5_126941	Sr_st_Ptri_002183799Contig9437Len480_OG5_126941	36.5	104	62	2	6	107	9	110	1.8e-11	68.6

052128436_Contig_536_Len1284_OG5_135373	Ba_pb_rsol_NP518132_OG5_135373	31.7	341	214	7	80	409	42	374	2.6e-33	142.5

036531628_Contig_176_Len1926_OG5_143264	Ba_pa_wend_YP001976004_OG5_143264	37.8	550	309	9	4	544	15	540	1.4e-97	356.7

052128304_Contig_237_Len1731_OG5_158940	Ba_pl_rbal_NP870585_OG5_158940	35.6	191	114	7	381	564	151	339	7.3e-23	108.2

081980778_Contig_1095_Len915_OG5_131887	Sr_ci_Ptet_001424627Contig15611Len1257_OG5_131887	28.6	311	166	13	1	283	106	388	2.1e-19	95.9

036532592_Contig_1117_Len903_OG5_127157	Sr_ci_Scer_OMJ84041Contig10290Len1335_OG5_127157	24.2	236	167	6	13	243	181	409	1.7e-15	82.8

036533763_Contig_1367_Len792_OG5_128046	Ba_aq_aaeo_NP214378_OG5_128046	50.6	253	125	0	1	253	1	253	2.3e-72	271.6

036534791_Contig_258_Len1671_OG5_158940	Pl_gr_rcom_31573.m000014_OG5_158940	42.9	175	95	2	377	550	139	309	1e-29	131.0

036536508_Contig_856_Len1056_OG5_133515	Ba_cy_syne_NP896930_OG5_133515	34.1	302	171	7	24	317	8	289	5.1e-38	157.9

081980860_Contig_1864_Len585_OG5_158931	Pl_gr_ppat_fgenesh1pg.scaffold2860000002_OG5_158931	32.3	186	122	3	1	184	131	314	1.1e-15	82.8

036532194_Contig_2213_Len465_OG5_135655	Ba_cy_syne_NP896863_OG5_135655	46.6	146	78	0	9	154	1	146	2.4e-32	137.9

036535677_Contig_164_Len1980_OG5_144951	EE_ha_Ehux_005771911Contig3138Len2067_OG5_144951	29.8	456	271	11	17	427	3	454	7e-49	194.9

052128905_Contig_1324_Len810_OG5_134282	Am_di_Acas_Contig8074length948_OG5_134282	29.8	168	109	3	9	170	140	304	6.9e-11	67.4

036533034_Contig_2962_Len243_OG5_137245	Sr_st_Aana_Contig10584length342_OG5_137245	66.7	78	26	0	3	80	1	78	4.2e-25	112.8

036535393_Contig_1411_Len774_OG5_158970	Sr_st_Ptri_002178078Contig5628Len1077_OG5_158970	25.3	245	162	7	24	252	96	335	2.1e-14	79.0

036533353_Contig_2880_Len264_OG5_147252	Pl_gr_crei_115597_OG5_147252	53.8	65	30	0	15	79	5	69	7.2e-18	89.0

036533188_Contig_1445_Len759_OG5_144479	Ba_cy_syne_NP898528_OG5_144479	60.0	250	100	0	3	252	1	250	5e-80	297.0

036533317_Contig_142_Len2097_OG5_128850	Ba_cy_syne_NP898351_OG5_128850	59.7	698	244	8	1	697	1	662	1.4e-236	818.5

036530088_Contig_461_Len1353_OG5_131890	Ba_cy_syne_NP898468_OG5_131890	67.6	445	142	2	3	446	15	458	2.3e-168	591.3

036535902_Contig_1250_Len846_OG5_138562	Za_ec_mmar_NP987987_OG5_138562	24.2	186	139	1	82	267	85	268	3.8e-12	71.6

052128435_Contig_1978_Len546_OG5_129074	Ba_de_drad_NP295812_OG5_129074	47.1	170	81	4	2	162	50	219	2.6e-38	157.9

036530257_Contig_586_Len1233_OG5_130373	Ba_cy_syne_NP896347_OG5_130373	66.1	407	129	2	1	406	1	399	3.6e-160	563.9

036535531_Contig_193_Len1863_OG5_126897	Ba_ac_mtub_NP215788_OG5_126897	31.8	658	376	15	1	615	1	628	1.2e-82	307.0

052128945_Contig_1356_Len798_OG5_126997	Ba_cy_syne_NP898070_OG5_126997	47.1	263	125	6	1	262	18	267	2.2e-54	211.8

036534095_Contig_482_Len1332_OG5_155576	Ba_pa_bsui_NP700020_OG5_155576	26.2	474	279	16	4	441	26	464	1.6e-33	143.3

036530884_Contig_1380_Len789_OG5_134241	Am_di_Acas_Contig9211length819_OG5_134241	34.0	259	140	8	16	250	11	262	3.8e-30	131.3

081980659_Contig_1053_Len936_OG5_128013	Ba_ac_mtub_NP215496_OG5_128013	43.4	189	98	6	109	295	48	229	5.5e-36	151.0

036535981_Contig_995_Len969_OG5_137873	Ba_fb_bant_YP019080_OG5_137873	31.2	282	182	5	1	280	4	275	2.8e-27	122.1

072016347_Contig_2537_Len366_OG5_170675	Ba_cy_syne_NP897298_OG5_170675	54.5	110	48	1	4	113	8	115	3.8e-33	140.2

036536849_Contig_1182_Len879_OG5_160506	Ba_fc_cbot_YP001786373.1_OG5_160506	25.6	172	116	5	130	290	155	325	9.7e-11	67.0

052128942_Contig_1901_Len570_OG5_128914	Sr_rh_Rfil_Contig29122length534_OG5_128914	33.6	107	71	0	74	180	2	108	2e-12	72.0

081980568_Contig_138_Len2127_OG5_153298	Ba_bc_ctep_NP661357_OG5_153298	35.3	498	304	11	126	619	1	484	2.3e-69	263.1

036530971_Contig_1449_Len759_OG5_130584	Za_cr_hbut_YP001012593_OG5_130584	36.8	204	122	4	25	223	20	221	4.9e-24	110.9

081980866_Contig_435_Len1389_OG5_146245	Ba_bc_ctep_NP662891_OG5_146245	40.0	255	152	1	8	261	33	287	2.3e-51	202.6

036534212_Contig_1492_Len741_OG5_128441	Ba_pa_atum_NP354578_OG5_128441	55.6	241	105	1	2	242	18	256	2e-73	275.0

036532684_Contig_523_Len1293_OG5_127023	Ba_ac_mtub_NP217298_OG5_127023	28.3	424	296	6	7	428	6	423	9.8e-36	150.6

072016401_Contig_1831_Len597_OG5_181668	Op_me_hsap_ENSP00000381059_OG5_181668	33.1	127	73	3	22	148	21	135	5e-11	67.4

036532068_Contig_1640_Len675_OG5_127928	Pl_gr_ppat_fgenesh1pg.scaffold3980000001_OG5_127928	44.9	205	107	3	2	205	4	203	1.6e-40	165.6

036531211_Contig_1414_Len774_OG5_149620	Op_fu_aory_AO090026000580_OG5_149620	40.4	255	137	8	3	250	8	254	4.4e-39	161.0

036535919_Contig_1005_Len963_OG5_135402	EE_cr_Gthe_005836929Contig3693Len1947_OG5_135402	48.6	331	151	5	1	319	85	408	3.5e-83	307.8

036533020_Contig_2078_Len507_OG5_132913	Ba_pb_bmal_YP102992_OG5_132913	54.3	162	73	1	3	164	10	170	5.9e-45	179.9

036531436_Contig_2248_Len456_OG5_136315	Ba_cd_cpne_NP224300_OG5_136315	40.0	140	82	1	5	142	1	140	4.4e-23	107.1

036536637_Contig_480_Len1335_OG5_181668	Op_me_hsap_ENSP00000381059_OG5_181668	36.1	147	75	4	215	348	2	142	2.2e-14	79.7

036535039_Contig_2708_Len318_OG5_135618	Op_me_cbri_WBGene00038061_OG5_135618	49.4	77	39	0	1	77	6	82	2.4e-15	80.9

036530442_Contig_1509_Len732_OG5_129962	Ba_de_drad_NP285339_OG5_129962	38.2	251	127	9	1	241	16	248	2.2e-32	138.7

081980879_Contig_842_Len1065_OG5_133988	Ba_pa_atum_NP354120_OG5_133988	32.8	293	174	6	49	338	96	368	1.1e-35	150.2

036535500_Contig_459_Len1356_OG5_132298	Ba_cy_syne_NP896416_OG5_132298	34.4	393	232	9	44	434	6	374	1.2e-42	173.7

081980768_Contig_1422_Len771_OG5_134566	Ba_cy_syne_NP896107_OG5_134566	63.8	210	75	1	20	229	9	217	1.6e-73	275.4

036534439_Contig_719_Len1137_OG5_129399	Ba_fb_lmon_NP464341_OG5_129399	29.2	277	149	11	15	291	10	239	4e-25	115.2

036533894_Contig_849_Len1059_OG5_151230	Ba_cy_syne_NP898010_OG5_151230	30.4	306	201	8	1	298	1	302	1.4e-40	166.4

081980848_Contig_1149_Len891_OG5_126714	Za_cr_cmaq_YP001539911_OG5_126714	41.2	233	134	2	22	254	16	245	1.2e-45	183.0

072016370_Contig_3237_Len141_OG5_129150	Ba_cy_syne_NP897978_OG5_129150	68.9	45	14	0	1	45	1	45	1.2e-11	67.4

052128612_Contig_47_Len2859_OG5_127115	Ba_pd_gsul_NP951657_OG5_127115	28.0	375	248	10	349	720	156	511	2.1e-33	144.1

052128862_Contig_1804_Len609_OG5_127503	Pl_gr_crei_133249_OG5_127503	46.0	198	96	1	13	199	57	254	1.1e-42	172.6

036534832_Contig_1532_Len723_OG5_137558	Ba_pd_wsuc_NP906884_OG5_137558	36.4	225	132	3	9	227	2	221	1.4e-28	125.9

036533685_Contig_2821_Len282_OG5_131873	Ba_cy_syne_NP896387_OG5_131873	51.1	92	45	0	2	93	4	95	1.1e-16	85.1

036530244_Contig_1284_Len828_OG5_140478	Pl_gr_ppat_estExtgwpgw1.C250037_OG5_140478	48.5	274	115	7	12	271	65	326	5.3e-59	227.3

036531661_Contig_2229_Len462_OG5_132746	Ba_pb_rsol_NP520906_OG5_132746	54.6	141	59	2	3	140	12	150	6.6e-35	146.4

036533023_Contig_372_Len1458_OG5_131113	Ba_pg_ecol_AP004621_OG5_131113	25.7	470	307	13	20	471	1	446	4.4e-37	155.2

036535195_Contig_1777_Len618_OG5_127329	Ba_cy_syne_NP896343_OG5_127329	40.1	192	95	8	20	201	5	186	1.3e-25	115.9

036533820_Contig_297_Len1584_OG5_127006	Ba_cy_syne_NP896628_OG5_127006	66.7	528	175	1	1	527	1	528	2.1e-205	714.5

036534964_Contig_1224_Len855_OG5_131386	Ba_cy_syne_NP898593_OG5_131386	59.9	277	111	0	8	284	3	279	2.6e-90	331.3

052128780_Contig_668_Len1176_OG5_130525	Ba_de_drad_NP295845_OG5_130525	60.9	376	146	1	16	391	13	387	1.1e-131	469.2

052128823_Contig_2465_Len384_OG5_136476	Ba_aq_aaeo_NP213199_OG5_136476	46.2	104	56	0	17	120	60	163	5e-20	96.7

036531730_Contig_83_Len2511_OG5_131372	EE_cr_Gthe_005837223Contig4860Len1668_OG5_131372	35.9	415	246	8	402	809	151	552	2.8e-60	233.0

081980772_Contig_363_Len1473_OG5_137907	Ba_fb_bant_YP017313_OG5_137907	26.5	283	196	4	202	483	36	307	2.4e-22	106.3

036531883_Contig_945_Len999_OG5_149659	Ba_fc_cbot_YP001788029.1_OG5_149659	31.4	325	201	8	10	323	8	321	2.1e-41	169.1

036536650_Contig_830_Len1071_OG5_131273	Ba_aq_aaeo_NP214294_OG5_131273	38.5	200	112	5	79	274	43	235	1.6e-26	119.8

036535299_Contig_544_Len1278_OG5_127485	Ba_pg_ecol_AP001486_OG5_127485	33.3	249	153	5	163	403	116	359	2.1e-30	132.9

036531464_Contig_1572_Len705_OG5_132290	Ba_fb_bant_YP016897_OG5_132290	43.4	228	126	1	3	230	6	230	1.4e-47	189.1

036531591_Contig_752_Len1116_OG5_127412	Ba_cy_syne_NP898514_OG5_127412	56.6	364	156	1	9	370	3	366	2.1e-108	391.7

036530684_Contig_1580_Len702_OG5_126906	Ex_eu_linf_LinJ.11.0040_OG5_126906	39.7	204	113	3	23	220	23	222	3.1e-36	151.4

036533347_Contig_624_Len1200_OG5_133183	Ba_cy_syne_NP896844_OG5_133183	53.0	355	161	4	48	399	35	386	1.3e-109	396.0

036530957_Contig_993_Len969_OG5_140066	Pl_gr_ppat_estExtgwpgw1.C1640056_OG5_140066	56.4	305	130	2	3	306	102	404	1.7e-96	352.1

036531792_Contig_737_Len1122_OG5_136231	Ba_th_tmar_NP228660_OG5_136231	31.9	370	194	17	7	365	15	337	3.9e-28	125.2

036534936_Contig_1198_Len870_OG5_129519	Ba_pl_rbal_NP868327_OG5_129519	48.1	295	143	4	1	287	26	318	1.4e-78	292.4

036533451_Contig_725_Len1134_OG5_131216	Pl_gr_crei_121326_OG5_131216	41.3	387	208	8	3	371	1	386	9.9e-72	270.0

081980609_Contig_1277_Len834_OG5_130962	Za_cr_ssol_NP344156_OG5_130962	37.9	253	145	3	29	276	3	248	1.2e-45	183.0

036530415_Contig_214_Len1800_OG5_158931	Pl_gr_ppat_fgenesh1pg.scaffold2860000002_OG5_158931	28.5	316	189	10	296	596	21	314	6e-23	108.6

052128559_Contig_228_Len1752_OG5_163245	Pl_gr_crei_102299_OG5_163245	33.4	554	346	9	41	583	1	542	9.2e-82	303.9

036532153_Contig_919_Len1011_OG5_130678	Ba_cy_syne_NP896295_OG5_130678	63.7	336	119	1	4	336	5	340	8.9e-117	419.5

052128836_Contig_172_Len1944_OG5_155568	Am_di_Acas_Contig2941length1875_OG5_155568	36.0	339	193	8	31	362	70	391	1.9e-38	160.2

036530595_Contig_328_Len1518_OG5_127099	Ba_sp_tpal_NP218842_OG5_127099	28.3	410	271	9	26	423	19	417	5.4e-33	141.7

036536007_Contig_1258_Len840_OG5_127079	Ba_fb_spne_NP346050_OG5_127079	27.6	246	153	8	7	238	1	235	5.3e-19	94.4

081980655_Contig_956_Len990_OG5_130678	Za_eh_halo_NP279221_OG5_130678	33.5	322	196	6	11	322	2	315	3.2e-42	171.8

036536145_Contig_470_Len1347_OG5_128747	Ba_pg_yent_YP001005145.1_OG5_128747	35.0	274	148	9	8	268	5	261	1.3e-27	123.6

036531229_Contig_277_Len1635_OG5_127226	Ba_cy_syne_NP898245_OG5_127226	60.7	544	212	2	2	544	10	552	6.6e-191	666.4

036536875_Contig_266_Len1653_OG5_130742	Ba_cy_syne_NP896178_OG5_130742	34.5	238	132	7	300	520	4	234	6.1e-27	121.7

036532645_Contig_1706_Len642_OG5_137743	Pl_gr_osat_NP001059749_OG5_137743	46.2	210	104	4	11	212	71	279	8.4e-44	176.4

052128775_Contig_54_Len2769_OG5_128712	Ba_aq_aaeo_NP213784_OG5_128712	35.3	416	263	4	484	898	384	794	1.5e-65	250.8

052128322_Contig_353_Len1485_OG5_134248	Sr_st_Aana_Contig10336length375_OG5_134248	38.0	121	63	2	268	388	2	110	1.1e-14	80.9

036533027_Contig_20_Len3522_OG5_162856	Ba_pb_rsol_NP523003_OG5_162856	29.5	1079	629	52	2	1017	287	1296	2.8e-77	290.0

036531886_Contig_263_Len1659_OG5_128100	Sr_st_pram_gwEuk.61.24.1_OG5_128100	43.7	231	128	2	6	235	1	230	8.5e-48	191.0

036531263_Contig_767_Len1107_OG5_135375	Pl_rh_Gsul_005706568Contig1273Len1857_OG5_135375	38.8	353	210	4	4	354	34	382	2.5e-64	245.4

036536264_Contig_2040_Len525_OG5_127373	Ex_pa_tvag_TVAG093980_OG5_127373	32.1	193	109	5	1	171	2	194	1.1e-17	89.4

081980757_Contig_653_Len1185_OG5_127006	Ba_pd_gsul_NP952251_OG5_127006	33.2	292	186	4	109	392	31	321	1.1e-44	180.3

036530753_Contig_2529_Len366_OG5_127463	Pl_gr_osat_NP001056794_OG5_127463	40.3	124	66	4	2	121	66	185	3.4e-18	90.5

036531353_Contig_622_Len1203_OG5_168746	Ba_pa_wend_YP001975579_OG5_168746	33.0	373	223	13	6	371	4	356	4.7e-48	191.4

072016319_Contig_1389_Len783_OG5_128713	Ba_pd_wsuc_NP906787_OG5_128713	49.3	209	105	1	45	253	4	211	7.5e-52	203.4

036533797_Contig_1293_Len825_OG5_133113	Ba_cy_syne_NP896653_OG5_133113	49.3	268	126	3	5	269	10	270	4.5e-66	250.8

036532633_Contig_2895_Len258_OG5_126864	Ba_pg_cbur_NP820503_OG5_126864	52.4	82	39	0	4	85	3	84	1.6e-17	87.8

036533965_Contig_429_Len1392_OG5_130737	Ba_fb_bant_YP019784_OG5_130737	55.3	387	164	5	86	463	6	392	2.3e-115	415.2

036532196_Contig_1648_Len669_OG5_153412	Pl_rh_Gsul_005703343Contig4906Len750_OG5_153412	37.8	185	115	0	6	190	57	241	6.9e-30	130.2

036536670_Contig_934_Len1005_OG5_132290	Op_me_sman_Smp112220_OG5_132290	30.9	191	118	3	10	186	7	197	2.1e-17	89.4

036532504_Contig_418_Len1401_OG5_131759	Ba_ch_deth_YP181271_OG5_131759	44.6	460	249	6	5	462	1	456	4.4e-106	384.4

036533237_Contig_30_Len3159_OG5_135718	Ba_aq_aaeo_NP213766_OG5_135718	28.1	1023	696	14	21	1022	16	1019	8.9e-123	441.0

081980599_Contig_195_Len1854_OG5_129763	Ba_pd_gsul_NP952612_OG5_129763	36.8	620	352	10	7	617	5	593	6.4e-105	380.9

036530988_Contig_43_Len2961_OG5_127218	Ba_cy_syne_NP896795_OG5_127218	53.4	1000	404	14	22	986	9	981	2e-270	931.4

036535754_Contig_2135_Len492_OG5_129882	Op_me_tadh_gw1.40.39.1_OG5_129882	38.0	150	93	0	5	154	37	186	3.2e-27	120.9

036531186_Contig_775_Len1101_OG5_132937	Pl_gr_atha_NP568091_OG5_132937	32.8	369	222	6	8	362	76	432	2.2e-49	195.7

036536510_Contig_340_Len1506_OG5_126755	Ba_pb_bmal_YP103282_OG5_126755	44.0	500	239	9	2	499	3	463	7.6e-109	393.7

036530999_Contig_2134_Len492_OG5_127031	Ba_fb_spne_NP345617_OG5_127031	30.9	97	67	0	34	130	1	97	7.1e-11	66.6

036531094_Contig_243_Len1710_OG5_137907	Ba_fb_bant_YP017313_OG5_137907	24.7	299	204	7	264	548	9	300	5e-16	85.5

036531206_Contig_190_Len1878_OG5_128850	Ba_pg_ftul_YP169118_OG5_128850	30.3	488	291	15	70	539	71	527	1.3e-52	207.2

052128355_Contig_1393_Len783_OG5_135387	Ba_pb_bmal_YP102848_OG5_135387	38.8	237	132	5	4	232	6	237	5.4e-34	144.1

036532444_Contig_1586_Len696_OG5_155247	Ba_pl_rbal_NP865688_OG5_155247	55.5	229	99	2	3	228	10	238	5.1e-63	240.4

036535218_Contig_219_Len1794_OG5_132736	Pl_gr_rcom_34064.m000016_OG5_132736	56.2	370	162	0	1	370	1	370	4.5e-116	417.9

081980823_Contig_1612_Len687_OG5_149273	Ba_cy_syne_NP896720_OG5_149273	36.2	141	71	4	25	160	12	138	3.6e-13	74.7

036534016_Contig_680_Len1167_OG5_144422	Ba_pd_wsuc_NP906312_OG5_144422	34.2	392	233	8	1	384	1	375	1.7e-55	216.1

052128202_Contig_242_Len1710_OG5_127275	Ba_cy_syne_NP897356_OG5_127275	67.6	466	140	3	10	471	36	494	2.7e-171	601.3

036530629_Contig_701_Len1149_OG5_129848	Ba_pb_bmal_YP102370_OG5_129848	36.4	341	204	6	41	372	41	377	1.2e-56	219.9

081980796_Contig_1290_Len828_OG5_127772	Am_di_Acas_Contig8615length885_OG5_127772	29.1	227	128	7	27	245	38	239	8.9e-22	103.6

036532015_Contig_1327_Len807_OG5_134862	Ba_cd_cpne_NP225263_OG5_134862	51.2	80	38	1	15	93	2	81	1.6e-12	72.8

036530922_Contig_1282_Len831_OG5_137893	Ba_pg_vcho_NP232991_OG5_137893	41.1	246	133	6	6	248	22	258	6.5e-41	167.2

036534518_Contig_174_Len1926_OG5_132290	Ba_fc_cper_YP695076_OG5_132290	34.2	225	147	1	2	225	5	229	2.4e-38	159.8

036530798_Contig_433_Len1389_OG5_127227	Za_cr_ssol_NP341729_OG5_127227	27.3	443	280	8	18	456	19	423	3.8e-41	168.7

036533368_Contig_399_Len1428_OG5_126906	Ba_aq_aaeo_NP213293_OG5_126906	42.2	223	121	5	8	230	4	218	4.6e-34	145.2

036530953_Contig_554_Len1266_OG5_127023	Ba_ac_mlep_YP002503274_OG5_127023	28.9	419	269	11	16	420	5	408	9e-34	144.1

036531483_Contig_1065_Len933_OG5_129259	Ba_pg_vcho_NP233420_OG5_129259	28.5	281	165	4	33	304	1	254	7.2e-25	114.0

036535635_Contig_2196_Len474_OG5_128452	Ba_cy_syne_NP898344_OG5_128452	39.4	155	81	2	1	155	1	142	1.9e-21	101.7

036534588_Contig_1087_Len921_OG5_127041	Ba_cy_syne_NP898359_OG5_127041	46.8	316	151	4	1	305	1	310	8.5e-71	266.5

036535004_Contig_1108_Len909_OG5_138689	Ba_fb_spne_NP345794_OG5_138689	30.1	272	147	9	3	267	4	239	1.3e-21	103.2

036532167_Contig_1560_Len708_OG5_137868	Ba_fb_bant_YP018120_OG5_137868	44.1	236	117	4	3	231	7	234	1.8e-44	178.7

036535904_Contig_162_Len2001_OG5_156730	Ba_pl_rbal_NP863867_OG5_156730	35.1	413	235	8	270	655	102	508	3.6e-66	252.3

081980793_Contig_118_Len2244_OG5_131734	Op_fu_pchr_gwh2.14.142.1_OG5_131734	29.0	221	139	9	478	692	10	218	2.1e-17	90.5

072016410_Contig_29_Len3195_OG5_132440	Ba_pd_gsul_NP952662_OG5_132440	29.7	1044	699	15	4	1040	1	1016	1e-126	454.1

036535976_Contig_897_Len1026_OG5_127485	Ba_ac_mtub_YP177879_OG5_127485	50.7	351	140	5	2	339	4	334	8.8e-88	323.2

036535761_Contig_1469_Len750_OG5_126777	Za_eb_msmi_YP001272669_OG5_126777	42.9	240	134	3	11	247	14	253	3.3e-52	204.5

052128474_Contig_1254_Len840_OG5_126665	Ba_cy_syne_NP896705_OG5_126665	53.5	258	117	2	3	260	7	261	3.9e-73	274.2

036533494_Contig_2207_Len468_OG5_127122	Am_di_Acas_Contig10878length633_OG5_127122	53.1	145	65	1	2	146	44	185	1.4e-35	148.7

036532020_Contig_379_Len1452_OG5_127099	Sr_ch_Vbra_Contig7960length1590_OG5_127099	68.1	470	143	3	11	480	61	523	1.8e-179	628.2

036535979_Contig_1372_Len792_OG5_130200	Ba_pb_bmal_YP103606_OG5_130200	36.4	261	152	6	6	260	9	261	1e-35	149.8

036534394_Contig_1163_Len885_OG5_131987	Ba_pg_ecol_AP003767_OG5_131987	30.1	292	202	2	1	291	2	292	1.1e-30	133.3

036534687_Contig_644_Len1191_OG5_132238	Ba_de_drad_NP295989_OG5_132238	43.9	383	207	5	4	385	4	379	5.7e-86	317.4

081980589_Contig_464_Len1350_OG5_146397	Ba_cy_syne_NP897854_OG5_146397	45.2	454	224	12	1	449	7	440	3e-101	368.2

036531499_Contig_1545_Len717_OG5_180830	Ba_cy_syne_NP896911_OG5_180830	36.1	216	130	2	1	214	1	210	3.7e-32	137.9

036533776_Contig_1598_Len690_OG5_156571	EE_ha_Ehux_005784336Contig25629Len606_OG5_156571	36.4	209	120	6	6	209	1	201	7.7e-27	120.2

036535928_Contig_1056_Len936_OG5_136324	Pl_gr_crei_106648_OG5_136324	32.6	270	139	11	37	286	54	300	1.4e-23	109.8

081980631_Contig_180_Len1911_OG5_156261	Op_ic_Sarc_Contig10402length498_OG5_156261	39.4	104	57	2	459	562	1	98	4.1e-14	79.3

036536403_Contig_1472_Len750_OG5_172391	Ba_cy_syne_NP896171_OG5_172391	63.3	240	88	0	3	242	7	246	4.7e-78	290.4

036533667_Contig_2541_Len363_OG5_127389	Ba_cy_syne_NP896216_OG5_127389	67.5	114	36	1	1	114	1	113	6.4e-41	166.0

036534715_Contig_819_Len1077_OG5_147314	Pl_gr_crei_101649_OG5_147314	42.0	386	184	12	11	358	2	385	8.4e-81	300.1

036535502_Contig_1355_Len798_OG5_155248	Za_cr_hbut_YP001013211_OG5_155248	37.7	252	145	6	1	250	17	258	9.7e-42	169.9

036532364_Contig_2567_Len357_OG5_127463	Pl_rh_Gsul_005702551Contig6591Len339_OG5_127463	54.2	107	48	1	12	117	6	112	1.1e-29	128.6

036534405_Contig_468_Len1347_OG5_129971	Pl_gr_osat_NP001056145_OG5_129971	50.5	196	77	4	130	320	14	194	7.8e-44	177.6

036536207_Contig_1591_Len696_OG5_130231	Ba_cy_syne_NP898323_OG5_130231	50.0	222	106	3	3	222	20	238	3.5e-53	207.6

036533293_Contig_520_Len1296_OG5_158436	Sr_ch_Vbra_Contig7593length1638_OG5_158436	41.0	446	232	9	4	426	39	476	1.4e-90	332.8

052128544_Contig_864_Len1050_OG5_149618	Sr_ci_Ptet_001454423Contig9977Len1611_OG5_149618	27.1	288	199	3	54	332	244	529	6.6e-30	131.0

036535504_Contig_392_Len1437_OG5_129985	Pl_gr_vcar_XP002952498_OG5_129985	76.2	474	113	0	5	478	62	535	3.8e-214	743.4

036533142_Contig_373_Len1458_OG5_141344	Ba_ac_mtub_NP215779_OG5_141344	32.2	485	265	16	17	483	24	462	9.8e-48	190.7

081980873_Contig_1593_Len696_OG5_139498	Pl_gr_otau_egw1.11.00.213.1_OG5_139498	60.7	214	81	2	13	226	42	252	2.6e-72	271.2

036533420_Contig_683_Len1164_OG5_126697	Ba_cy_syne_NP897264_OG5_126697	46.4	384	204	2	2	383	6	389	4.1e-97	354.4

036530788_Contig_2778_Len297_OG5_170911	Pl_gr_ppat_gw1.4.407.1_OG5_170911	47.1	87	46	0	8	94	4	90	1.7e-15	81.3

081980784_Contig_3_Len4644_OG5_158931	Pl_gr_ppat_fgenesh1pg.scaffold2860000002_OG5_158931	28.4	257	168	6	1292	1544	71	315	2.9e-21	104.4

036533479_Contig_518_Len1299_OG5_129427	Ba_cy_syne_NP897900_OG5_129427	77.1	419	96	0	6	424	1	419	4.9e-192	669.8

036533129_Contig_351_Len1485_OG5_131329	Ba_cy_syne_NP896322_OG5_131329	48.5	491	236	8	9	488	4	488	8.7e-129	459.9

036534331_Contig_2264_Len450_OG5_132519	EE_ha_Ehux_005777078Contig32336Len408_OG5_132519	36.3	135	83	1	2	133	1	135	6.1e-17	86.7

052128772_Contig_1711_Len642_OG5_127355	Ba_pb_rsol_NP520691_OG5_127355	57.5	193	82	0	9	201	166	358	1.9e-56	218.4

036533144_Contig_2251_Len453_OG5_130215	Op_me_mdom_ENSMODP00000006701_OG5_130215	42.9	154	70	3	2	137	36	189	7.7e-28	122.9

036531285_Contig_1566_Len708_OG5_137868	Sr_st_tpse_thaps1uakg.chr15000006_OG5_137868	36.4	162	89	4	5	154	1	160	8.1e-24	110.2

036535365_Contig_2059_Len513_OG5_128875	Za_eb_msmi_YP001272771_OG5_128875	60.3	116	46	0	40	155	2	117	2.1e-37	154.8

036532956_Contig_990_Len972_OG5_126937	Ba_fb_lmon_NP466164_OG5_126937	31.6	320	208	5	8	321	10	324	2.4e-42	172.2

036531761_Contig_1738_Len630_OG5_127928	Ba_pg_ecol_AP002529_OG5_127928	32.9	210	133	1	7	208	2	211	4e-30	131.0

036536731_Contig_780_Len1098_OG5_127243	Ba_de_drad_NP296054_OG5_127243	31.3	243	151	7	10	246	6	238	2.8e-20	99.0

052128180_Contig_1261_Len837_OG5_130200	Ba_bc_ctep_NP661637_OG5_130200	65.1	278	97	0	1	278	1	278	1.5e-95	348.6

036534669_Contig_2637_Len336_OG5_136865	Ba_cy_syne_NP897969_OG5_136865	53.8	104	48	0	4	107	2	105	1.8e-26	117.9

036533235_Contig_1496_Len738_OG5_135718	Op_me_nvec_fgenesh1pg.scaffold9185000001_OG5_135718	35.0	234	138	5	3	235	6	226	3.3e-28	124.8

081980822_Contig_116_Len2253_OG5_146737	Op_fu_pchr_egwh2.3.60.1_OG5_146737	26.1	708	424	21	67	700	128	810	1.8e-40	167.2

052128792_Contig_184_Len1896_OG5_147337	Ba_pb_bmal_YP105696_OG5_147337	24.7	292	194	8	332	615	186	459	4.1e-19	95.9

036532811_Contig_1625_Len681_OG5_127728	Ba_bc_ctep_NP662993_OG5_127728	38.5	218	123	6	12	223	44	256	5.6e-30	130.6

036530717_Contig_2543_Len363_OG5_127928	Ba_pd_gsul_NP953268_OG5_127928	34.2	117	76	1	4	120	6	121	1.2e-18	92.0

052128881_Contig_285_Len1614_OG5_129569	Ba_th_tmar_NP228883_OG5_129569	47.9	267	131	1	33	299	21	279	4.9e-69	261.5

036535537_Contig_1400_Len780_OG5_134236	Ba_fb_bant_YP021831_OG5_134236	31.3	259	173	2	1	256	1	257	2.1e-33	142.1

052128646_Contig_1152_Len888_OG5_147315	EE_cr_Gthe_005836464Contig22921Len297_OG5_147315	50.6	89	42	1	208	294	5	93	1e-20	100.1

052128574_Contig_23_Len3384_OG5_139251	Pl_gr_rcom_50844.m000013_OG5_139251	28.9	343	203	7	519	859	11	314	2.4e-30	134.0

036531031_Contig_114_Len2265_OG5_130541	Ba_pd_wsuc_NP906390_OG5_130541	24.8	674	405	27	110	748	57	663	1.5e-36	154.1

036531242_Contig_151_Len2061_OG5_126923	Ba_th_tmar_NP229451_OG5_126923	31.9	687	427	14	6	672	4	669	1.6e-88	326.6

052128675_Contig_1144_Len894_OG5_128803	Sr_st_Pinf_002904299Contig5558Len1353_OG5_128803	52.5	280	128	2	16	293	173	449	1.6e-77	288.9

036532337_Contig_1034_Len948_OG5_126796	Ba_pl_rbal_NP869471_OG5_126796	35.4	271	146	10	45	304	85	337	3.1e-31	135.2

036533779_Contig_1539_Len720_OG5_132290	Op_me_sman_Smp112220_OG5_132290	27.6	163	110	2	4	158	8	170	1e-13	76.6

036530350_Contig_88_Len2469_OG5_126999	Ba_pg_vcho_NP232414_OG5_126999	48.5	784	402	2	39	821	33	815	1e-227	789.3

036531980_Contig_1858_Len585_OG5_128902	Ba_cy_syne_NP896177_OG5_128902	61.8	157	56	1	1	157	1	153	1.3e-51	202.2

072016415_Contig_341_Len1503_OG5_127105	Ba_ac_mlep_YP002503812_OG5_127105	27.4	402	251	11	57	444	40	414	5e-28	125.2

036530514_Contig_723_Len1134_OG5_132290	Ba_fc_cper_YP695076_OG5_132290	38.5	130	78	1	3	132	5	132	1.8e-20	99.8

052128325_Contig_605_Len1218_OG5_127413	Ba_aq_aaeo_NP214198_OG5_127413	42.2	384	194	6	35	404	21	390	5.9e-83	307.4

052128848_Contig_1673_Len657_OG5_153467	Ba_pg_ecol_AP002156_OG5_153467	32.3	167	108	3	47	213	124	285	7.3e-19	93.6

052128372_Contig_319_Len1536_OG5_142661	Pl_gr_rcom_28753.m000078_OG5_142661	30.9	363	239	4	157	508	78	439	5.6e-38	158.3

081980682_Contig_791_Len1092_OG5_130678	Za_eh_hwal_YP658400_OG5_130678	27.1	339	211	8	39	363	3	319	1.2e-29	130.2

052128209_Contig_1015_Len957_OG5_150433	Ba_pa_atum_NP356003_OG5_150433	32.9	164	99	3	138	292	121	282	9.6e-17	87.0

036534051_Contig_711_Len1140_OG5_127105	Ba_pd_gsul_NP953025_OG5_127105	27.7	375	223	13	1	351	1	351	1.7e-20	99.8

036534157_Contig_729_Len1131_OG5_127243	Ba_fc_cper_YP695149_OG5_127243	27.4	274	170	8	8	272	2	255	8.4e-20	97.4

036534931_Contig_2476_Len381_OG5_136865	Ba_cy_syne_NP897969_OG5_136865	35.3	102	66	0	1	102	1	102	3.5e-13	73.9

036533227_Contig_477_Len1338_OG5_158931	Pl_gr_ppat_fgenesh1pg.scaffold2860000002_OG5_158931	32.2	289	174	7	162	440	38	314	5.4e-29	128.3

036534934_Contig_1667_Len660_OG5_129694	Ba_pb_rsol_NP520575_OG5_129694	42.9	177	101	0	36	212	6	182	2.1e-34	145.2

036536414_Contig_1433_Len765_OG5_141296	Sr_st_tpse_estExtfgenesh1pg.Cchr70094_OG5_141296	43.6	225	121	4	3	224	37	258	4e-45	181.0

036533469_Contig_792_Len1092_OG5_140476	Ba_cy_syne_NP897407_OG5_140476	34.5	359	214	13	6	354	3	350	2.4e-43	175.6

036531589_Contig_175_Len1926_OG5_127171	Pl_rh_cmer_CMI002C_OG5_127171	45.4	635	334	5	12	641	4	630	3.9e-169	594.3

036531197_Contig_2387_Len408_OG5_172374	Ba_cy_syne_NP897360_OG5_172374	46.7	135	59	3	1	135	15	136	3.8e-26	117.1

036531212_Contig_884_Len1038_OG5_132290	Ba_fb_bant_YP018619_OG5_132290	30.7	199	129	3	8	201	1	195	6.6e-22	104.4

036531860_Contig_1896_Len570_OG5_126970	Ba_pg_cbur_NP819098_OG5_126970	45.9	196	98	4	1	188	1	196	1.9e-36	151.8

036536518_Contig_516_Len1302_OG5_143180	Ba_de_drad_NP294156_OG5_143180	28.2	266	169	9	181	430	1	260	1e-16	87.4

081980588_Contig_712_Len1140_OG5_143300	Ba_pd_wsuc_NP908236_OG5_143300	42.3	300	168	2	79	378	25	319	9.6e-64	243.4

036536431_Contig_67_Len2667_OG5_128384	Am_ar_einv_EIN238920_OG5_128384	34.8	543	305	16	7	515	62	589	1.5e-72	273.9

036534214_Contig_355_Len1482_OG5_149820	Ba_pb_bmal_YP105944_OG5_149820	39.4	493	281	7	5	484	7	494	4.1e-94	344.7

036535224_Contig_1814_Len606_OG5_127887	Ex_pa_tvag_TVAG487570_OG5_127887	38.8	188	102	4	9	195	7	182	9e-32	136.3

036534108_Contig_2644_Len333_OG5_135845	Ba_pl_rbal_NP869718_OG5_135845	34.9	106	69	0	3	108	2	107	2.7e-14	77.4

036533416_Contig_2652_Len330_OG5_131654	Sr_st_tpse_egw1.26x41.163.1_OG5_131654	43.4	99	55	1	1	99	1	98	1.6e-19	94.7

052128832_Contig_1166_Len885_OG5_142675	Ba_ac_mtub_NP217231_OG5_142675	30.2	255	149	7	30	266	25	268	1.3e-18	93.2

036533644_Contig_823_Len1074_OG5_127105	Za_eh_hwal_YP659216_OG5_127105	29.2	236	142	5	125	341	130	359	1.6e-20	99.8

036531210_Contig_2603_Len348_OG5_129693	Ba_cy_syne_NP896365_OG5_129693	55.4	74	33	0	1	74	1	74	1.6e-17	88.2

036535616_Contig_1959_Len552_OG5_147237	Ba_cy_syne_NP897020_OG5_147237	45.2	168	86	5	15	181	1	163	3.7e-32	137.5

036530346_Contig_776_Len1098_OG5_132937	Pl_gr_atha_NP568091_OG5_132937	31.4	363	236	5	9	363	76	433	2.4e-48	192.2

036533157_Contig_497_Len1317_OG5_130525	Ba_pd_gsul_NP954441_OG5_130525	28.1	360	241	11	33	383	11	361	7.3e-26	117.9

036531228_Contig_1928_Len561_OG5_134282	Sr_ci_Scer_OMJ75899Contig19170Len819_OG5_134282	34.5	139	90	1	26	163	130	268	1.3e-13	75.9

036535037_Contig_526_Len1293_OG5_126837	Za_cr_cmaq_YP001540015_OG5_126837	29.2	435	262	20	22	421	19	442	9.3e-34	144.1

036536395_Contig_275_Len1638_OG5_127343	Ba_ac_mlep_YP002503004_OG5_127343	52.9	526	245	3	1	525	1	524	2.9e-149	528.1

052128520_Contig_821_Len1074_OG5_129979	Ba_fb_saur_NP372949_OG5_129979	47.2	335	175	2	13	346	2	335	7.1e-85	313.5

036532219_Contig_968_Len984_OG5_128323	Ba_pa_atum_NP357137_OG5_128323	41.3	317	166	3	1	300	1	314	5e-61	234.2

052128462_Contig_244_Len1707_OG5_149659	Ba_cy_syne_NP896540_OG5_149659	35.1	322	181	8	243	544	2	315	1.1e-37	157.5

081980683_Contig_59_Len2727_OG5_126636	Pl_gr_otau_estExtgwpGeneWisePlus.CChr05.00010425_OG5_126636	59.1	841	329	7	51	887	3	832	5.5e-278	956.4

052128754_Contig_156_Len2025_OG5_127115	Za_ea_aful_NP070549_OG5_127115	20.3	571	365	18	3	557	2	498	1.5e-22	107.5

036536542_Contig_585_Len1236_OG5_130192	Pl_gr_osat_NP001066680_OG5_130192	25.8	407	263	18	4	388	18	407	2.6e-17	89.4

036533767_Contig_1647_Len672_OG5_150381	Pl_rh_cmer_CMP280C_OG5_150381	36.3	212	127	2	10	213	67	278	2.8e-26	118.2

036536203_Contig_149_Len2067_OG5_131146	Ba_cy_syne_NP896172_OG5_131146	69.8	699	174	3	1	684	1	677	1.7e-276	951.0

052128666_Contig_1133_Len897_OG5_132573	Pl_rh_cmer_CMV207C_OG5_132573	57.7	265	106	2	29	293	15	273	4.8e-82	303.9

052128757_Contig_41_Len2967_OG5_127115	Ba_fb_bant_YP021564_OG5_127115	24.3	259	190	4	203	459	222	476	4.5e-23	109.8

036535472_Contig_36_Len3033_OG5_149618	Sr_ci_Ptet_001454184Contig16889Len1182_OG5_149618	26.3	247	168	3	122	368	16	248	5.7e-18	92.8

052128346_Contig_951_Len993_OG5_158970	Sr_st_tpse_estExt_gwp_gw1.C_chr_60164_OG5_158970	31.6	316	193	8	21	319	10	319	2.5e-36	152.1

036535900_Contig_466_Len1350_OG5_156730	Ba_pa_atum_NP356729_OG5_156730	47.4	445	203	9	3	447	5	418	5e-112	404.1

081980673_Contig_187_Len1890_OG5_132469	Ba_cy_syne_NP898155_OG5_132469	55.0	489	180	7	30	498	1	469	8.3e-132	470.3

036536544_Contig_1595_Len693_OG5_134854	Ba_cy_syne_NP897741_OG5_134854	68.2	223	63	3	6	227	1	216	1.2e-83	308.9

081980680_Contig_300_Len1581_OG5_127706	Ba_de_drad_NP293944_OG5_127706	53.5	477	205	9	50	522	13	476	5.5e-126	450.7

052128327_Contig_805_Len1083_OG5_134073	Ba_pl_rbal_NP869765_OG5_134073	44.7	338	182	4	11	344	7	343	9.6e-77	286.6

081980709_Contig_682_Len1164_OG5_127115	Ba_fc_cbot_YP001785703.1_OG5_127115	28.0	271	177	6	93	362	245	498	8.1e-21	100.9

036531078_Contig_1121_Len903_OG5_146619	Ba_cy_syne_NP897033_OG5_146619	37.3	303	155	12	3	296	6	282	1.6e-45	182.6

036534006_Contig_759_Len1110_OG5_165291	Ba_fc_cbot_YP001788745.1_OG5_165291	37.8	370	210	7	3	367	6	360	1.7e-68	259.2

036531148_Contig_1402_Len780_OG5_131966	Ba_ac_mtub_NP216444_OG5_131966	28.6	245	148	7	5	238	11	239	2.4e-21	102.1

072016472_Contig_155_Len2037_OG5_156261	Op_ic_Sarc_Contig5695length978_OG5_156261	34.1	249	143	6	393	639	46	275	3.7e-29	129.4

036534591_Contig_2122_Len495_OG5_143116	Pl_rh_cmer_CMV236C_OG5_143116	50.7	150	62	1	4	153	3	140	6.8e-38	156.4

036533477_Contig_1542_Len717_OG5_132290	Ba_fb_spne_NP346502_OG5_132290	35.9	234	141	3	2	227	1	233	6.9e-39	160.2

036536963_Contig_1501_Len738_OG5_181668	Op_me_hsap_ENSP00000381059_OG5_181668	34.3	137	77	2	82	205	3	139	1.3e-11	69.7

036531631_Contig_154_Len2040_OG5_134495	Ba_th_tmar_NP229163_OG5_134495	33.3	327	165	15	245	549	10	305	1.9e-25	117.1

036530170_Contig_451_Len1365_OG5_149820	Sr_st_Aana_Contig3345length1632_OG5_149820	30.4	461	308	4	7	454	47	507	9.4e-53	207.2

036531480_Contig_575_Len1248_OG5_127115	Ba_fc_cbot_YP001785690.1_OG5_127115	26.2	302	199	8	118	414	181	463	3.4e-25	115.5

036534436_Contig_817_Len1077_OG5_147239	Pl_rh_cmer_CMV149C_OG5_147239	52.2	347	152	4	13	358	1	334	7.3e-101	366.7

036530401_Contig_871_Len1047_OG5_163264	Ba_pa_atum_NP396601_OG5_163264	35.0	340	196	7	4	342	17	332	8e-44	177.2

081980669_Contig_489_Len1326_OG5_128784	Op_fu_lbic_estExtGenewise1worm.C10293_OG5_128784	25.9	305	205	9	45	342	9	299	1.4e-13	77.0

036531426_Contig_50_Len2799_OG5_126674	Ba_fc_cbot_YP001787955.1_OG5_126674	40.9	521	287	8	401	916	335	839	6.8e-103	374.8

036531867_Contig_1583_Len699_OG5_130285	Ba_pl_rbal_NP866624_OG5_130285	43.4	221	114	4	11	228	44	256	5.9e-43	173.7

036530901_Contig_79_Len2541_OG5_127082	Op_fu_anid_AN5843_OG5_127082	52.1	851	365	12	11	841	22	849	1.8e-240	831.6

036531326_Contig_986_Len978_OG5_130678	Ba_pg_ftul_YP170396_OG5_130678	29.3	314	198	8	3	301	14	318	1.4e-29	129.8

081980664_Contig_52_Len2781_OG5_126897	EE_ha_Ehux_005775154Contig15663Len954_OG5_126897	34.1	305	184	5	622	915	9	307	6.7e-37	155.6

036534074_Contig_384_Len1443_OG5_126664	Ba_ac_mtub_NP216849_OG5_126664	35.4	424	266	6	14	433	8	427	2.3e-65	249.2

036531739_Contig_2678_Len324_OG5_136865	Sr_ch_Vbra_Contig19490length516_OG5_136865	38.2	89	55	0	16	104	76	164	8.6e-13	72.4

036532607_Contig_936_Len1002_OG5_127317	Ba_fb_bant_YP020199_OG5_127317	34.5	342	202	7	1	331	1	331	6.5e-43	174.1

052128888_Contig_382_Len1446_OG5_127115	Ba_fb_bant_YP021564_OG5_127115	31.8	308	192	7	185	481	176	476	1.5e-35	150.2

036536665_Contig_336_Len1512_OG5_130277	Ba_cy_syne_NP897099_OG5_130277	67.8	500	161	0	2	501	10	509	5.3e-206	716.5

036533130_Contig_370_Len1461_OG5_130898	Pl_rh_cmer_CMN318C_OG5_130898	49.8	460	200	4	1	429	102	561	3.3e-125	448.0

036532092_Contig_1158_Len885_OG5_144403	Pl_gr_rcom_43901.m000020_OG5_144403	36.5	181	107	5	115	288	14	193	2e-19	95.9

036533492_Contig_1107_Len909_OG5_130615	Ba_pl_rbal_NP864594_OG5_130615	40.8	319	170	4	1	301	30	347	2.6e-59	228.4

036532621_Contig_1488_Len741_OG5_130962	Ba_pa_bsui_NP700348_OG5_130962	32.2	242	150	3	14	246	4	240	7e-26	117.1

036531272_Contig_1167_Len885_OG5_130654	Ba_cy_syne_NP898292_OG5_130654	60.1	273	92	5	3	270	16	276	6.2e-90	330.1

036533462_Contig_302_Len1578_OG5_128544	Ba_fb_bant_YP017863_OG5_128544	40.6	505	263	11	7	511	4	471	8.8e-92	337.0

036532314_Contig_1705_Len642_OG5_127133	Ba_cy_syne_NP898158_OG5_127133	61.3052128619_Contig_5_Len4407	Pl_gr_crei_96963_OG5_138305	53.3	105	46	3	455	557	1	104	1.7e-23	111.7

036531230_Contig_806_Len1083_OG5_131114	Ba_pl_rbal_NP867893_OG5_131114	26.6	394	225	17	5	352	52	427	1.9e-21	102.8

036533316_Contig_407_Len1419_OG5_127281	Ba_pb_bpse_YP333918.1_OG5_127281	53.4	461	194	2	2	462	22	461	7.1e-141	500.0

036532242_Contig_2401_Len402_OG5_147281	Pl_rh_Gsul_005705502Contig5641Len582_OG5_147281	35.9	128	81	1	5	131	62	189	7.6e-19	92.8

036534422_Contig_1217_Len861_OG5_126939	Ba_pl_rbal_NP866367_OG5_126939	42.4	276	149	4	8	275	104	377	1.2e-66	252.7

036533458_Contig_1143_Len894_OG5_128465	Op_fu_cgla_XP447736_OG5_128465	30.4	286	159	16	1	269	1	263	1.1e-19	96.7

081980815_Contig_38_Len2982_OG5_149820	Ba_pb_bmal_YP105944_OG5_149820	35.6	478	281	10	508	970	15	480	2.6e-63	243.4

