035371413_Contig_1982_Len726_OG5_159798	Ba_pa_bsui_NP699220_OG5_159798	28.6	241	161	3	9	239	13	252	5.8e-22	104.0

028089852_Contig_2212_Len645_OG5_129102	Ba_pd_gsul_NP954142_OG5_129102	40.7	209	123	1	2	210	5	212	1.9e-40	165.2

028090947_Contig_438_Len1572_OG5_168689	Ex_pa_tvag_TVAG113020_OG5_168689	26.1	306	185	9	8	296	2	283	4.4e-14	79.0

028089091_Contig_1906_Len753_OG5_132634	Ba_de_drad_NP295079_OG5_132634	35.9	237	134	5	20	239	25	260	5.7e-28	124.0

028089598_Contig_2761_Len450_OG5_178557	Pl_gr_crei_182441_OG5_178557	50.4	141	64	4	14	149	29	168	6.8e-29	126.3

028089850_Contig_1945_Len741_OG5_130369	Ba_cy_syne_NP896567_OG5_130369	42.1	233	131	2	9	240	7	236	4.5e-46	184.1

028089871_Contig_1506_Len909_OG5_134767	Za_cr_cmaq_YP001541243_OG5_134767	39.2	268	158	3	16	283	18	280	7e-49	193.7

035371868_Contig_214_Len2064_OG5_134350	Op_me_apis_XP001947340_OG5_134350	23.5	378	267	9	322	687	312	679	3e-15	83.2

028089762_Contig_1642_Len849_OG5_137379	Ba_cy_syne_NP898142_OG5_137379	53.8	264	122	0	4	267	13	276	2.6e-74	278.1

028089474_Contig_106_Len2589_OG5_126895	Ba_cy_syne_NP896173_OG5_126895	51.3	861	376	8	2	849	67	897	1.3e-236	818.9

028091780_Contig_644_Len1380_OG5_126635	Pl_rh_Gsul_005707913Contig2394Len1377_OG5_126635	26.9	264	164	8	45	302	118	358	1e-14	80.9

028088622_Contig_850_Len1236_OG5_181189	Pl_rh_cmer_CMM016C_OG5_181189	39.3	430	228	7	4	407	114	536	4.5e-83	307.8

028090510_Contig_1088_Len1110_OG5_127257	Ba_pa_atum_NP354656_OG5_127257	73.5	374	94	1	1	369	1	374	4e-163	573.5

028089390_Contig_1785_Len792_OG5_136054	Ba_pg_ypes_YP002345133_OG5_136054	32.9	167	100	4	98	257	4	165	4.4e-15	81.3

028091406_Contig_1508_Len909_OG5_127913	Ba_pa_atum_NP355067_OG5_127913	39.7	297	153	7	19	293	19	311	4.3e-46	184.5

071604954_Contig_1203_Len1047_OG5_126947	Op_me_cpip_CPIJ019188_OG5_126947	32.0	316	203	7	14	321	74	385	1.6e-33	142.9

051347463_Contig_598_Len1407_OG5_126635	Sr_ci_Scer_OMJ81996Contig14189Len1077_OG5_126635	27.9	283	178	10	37	305	35	305	1.2e-18	94.0

051347479_Contig_6_Len4740_OG5_162781	Ba_pb_bmal_YP103048_OG5_162781	30.1	249	156	5	7	240	8	253	1.5e-22	108.6

028089707_Contig_105_Len2604_OG5_130152	Am_ar_einv_EIN292800_OG5_130152	41.0	249	137	3	622	866	78	320	1.4e-46	187.6

028091473_Contig_47_Len3201_OG5_127117	Ba_fb_bant_YP022153_OG5_127117	41.8	753	410	14	310	1053	183	916	4.8e-161	568.2

028089461_Contig_2463_Len558_OG5_130131	Ba_cy_syne_NP896128_OG5_130131	71.9	185	52	0	1	185	1	185	7.8e-75	279.3

028089214_Contig_37_Len3315_OG5_126633	Op_me_nvec_egw.82.154.1_OG5_126633	26.1	533	357	15	171	691	133	640	9.5e-35	148.7

028091014_Contig_174_Len2190_OG5_129688	Sr_ci_Ptet_001436498Contig9370Len1662_OG5_129688	25.0	396	243	16	22	379	133	512	5.3e-18	92.4

028091594_Contig_499_Len1503_OG5_138105	Pl_gr_rcom_30333.m000035_OG5_138105	22.9	292	215	3	215	499	1	289	3.9e-20	99.0

028091666_Contig_1209_Len1047_OG5_156110	Ba_pg_ecol_AP004847_OG5_156110	28.4	335	221	7	15	346	20	338	1.1e-34	146.7

028089790_Contig_1576_Len879_OG5_128996	Ba_fb_bant_YP020208_OG5_128996	27.7	282	190	4	11	290	40	309	2.9e-31	135.2

051289538_Contig_647_Len1377_OG5_132116	Ba_th_tmar_NP229138_OG5_132116	26.4	401	252	11	13	394	3	379	7.9e-28	124.4

028089001_Contig_765_Len1296_OG5_150284	Pl_gr_atha_NP179732_OG5_150284	51.6	417	193	5	3	412	34	448	4e-114	411.0

028088630_Contig_648_Len1377_OG5_136497	EE_ap_Ttra_Contig3359length2016_OG5_136497	31.0	465	295	9	4	458	197	645	2.8e-49	195.7

028088846_Contig_1767_Len798_OG5_132804	Ba_cy_syne_NP898301_OG5_132804	42.5	254	143	3	6	257	3	255	1.9e-50	198.7

071604773_Contig_2554_Len522_OG5_134815	Op_fu_ncra_NCU04371T0_OG5_134815	45.1	113	54	2	68	173	2	113	5.7e-19	93.6

028089588_Contig_799_Len1272_OG5_127941	Op_fu_klac_XP454472_OG5_127941	22.7	388	261	11	13	367	32	413	3.4e-17	89.0

028090342_Contig_3322_Len288_OG5_131045	Ba_cy_syne_NP896704_OG5_131045	57.5	87	37	0	1	87	1	87	2.5e-21	100.5

028090338_Contig_12_Len4185_OG5_126637	Ba_aq_aaeo_NP214332_OG5_126637	35.0	857	427	38	7	795	619	1413	4.6e-103	375.9

028089191_Contig_305_Len1797_OG5_132634	Ba_pg_ypes_YP002346343_OG5_132634	34.0	203	127	4	273	470	34	234	1.1e-24	114.4

081677227_Contig_273_Len1878_OG5_128476	Am_my_ddis_sgtAm_OG5_128476	32.4	176	104	5	330	493	159	331	3.4e-13	76.3

028091769_Contig_368_Len1680_OG5_130552	Op_me_nvec_egw.18.101.1_OG5_130552	31.1	293	179	13	6	285	2	284	1.8e-21	103.6

028091007_Contig_3230_Len318_OG5_150302	EE_ha_Ehux_005770861Contig31424Len435_OG5_150302	37.1	97	57	1	1	97	44	136	3.7e-13	73.6

028090682_Contig_240_Len1977_OG5_130368	Pl_gr_osat_NP001051004_OG5_130368	26.8	477	291	16	224	654	121	585	6.2e-34	145.2

051347493_Contig_2_Len6135_OG5_130620	Sr_st_Ptri_002183596Contig559Len3195_OG5_130620	23.3	1049	722	22	284	1291	58	1064	2.6e-70	267.7

035372633_Contig_1042_Len1137_OG5_129559	Op_me_isca_EEC14123_OG5_129559	29.0	317	174	8	73	350	76	380	7.2e-27	120.9

028090851_Contig_562_Len1440_OG5_136497	Op_fu_gzea_FGST06233_OG5_136497	28.8	375	239	10	96	445	99	470	9.2e-35	147.5

028091134_Contig_1004_Len1152_OG5_140199	Am_ar_einv_EIN038240_OG5_140199	22.1	281	192	10	94	365	131	393	6e-13	74.7

028090468_Contig_291_Len1845_OG5_146982	Op_ch_mbre_gw1.4.53.1_OG5_146982	49.7	451	208	6	158	604	1	436	3e-115	415.2

028090602_Contig_853_Len1233_OG5_144426	Sr_st_tpse_thaps1uakg.chr1000362_OG5_144426	31.2	378	237	11	37	396	1	373	1.8e-47	189.5

028088596_Contig_2426_Len573_OG5_127915	Ba_pg_ypes_YP002348791_OG5_127915	58.1	167	57	2	7	173	10	163	1.4e-50	198.7

028089844_Contig_7_Len4725_OG5_127065	Ba_ch_deth_YP182237_OG5_127065	27.1	306	210	7	1265	1566	90	386	1.7e-21	105.1

028090134_Contig_2638_Len492_OG5_133575	Ba_th_tmar_NP228385_OG5_133575	43.1	160	83	3	4	162	5	157	3.3e-29	127.5

028091322_Contig_2178_Len657_OG5_132054	Ba_pb_rsol_NP519176_OG5_132054	33.7	196	120	3	24	216	3	191	1.1e-22	106.3

028090994_Contig_2042_Len705_OG5_132634	Ba_fc_cbot_YP001786920.1_OG5_132634	39.1	220	128	3	9	227	1	215	4e-36	151.0

028089979_Contig_991_Len1158_OG5_133983	Ba_pg_ecol_AP002262_OG5_133983	40.9	386	200	11	1	380	1	364	6e-69	260.8

028091003_Contig_2132_Len669_OG5_127174	Ba_bc_ctep_NP662693_OG5_127174	34.7	236	129	9	3	221	2	229	1.1e-27	122.9

028090270_Contig_1367_Len975_OG5_136096	Ba_cy_syne_NP896105_OG5_136096	46.7	300	155	4	9	308	13	307	5.2e-74	277.3

028090035_Contig_2061_Len696_OG5_136499	Ba_de_drad_NP296276_OG5_136499	27.7	242	154	6	4	231	3	237	6e-16	84.0

028089405_Contig_1889_Len759_OG5_135822	Pl_gr_ppat_estExtGenewise1.C1620080_OG5_135822	37.0	254	146	7	3	246	8	257	2.2e-35	148.7

028091712_Contig_789_Len1281_OG5_137915	Ba_pd_gsul_NP951203_OG5_137915	39.4	416	215	8	3	416	2	382	1.4e-74	279.6

028089180_Contig_3078_Len360_OG5_135613	Ba_pb_bpse_YP334497.1_OG5_135613	42.7	89	47	1	31	119	23	107	5.3e-16	83.2

028089832_Contig_2018_Len717_OG5_133111	Ba_fb_bant_YP018600_OG5_133111	37.5	224	133	4	10	231	7	225	1.1e-36	152.9

028091190_Contig_1163_Len1071_OG5_129448	Op_me_hsap_ENSP00000289004_OG5_129448	34.5	380	207	14	5	356	18	383	1.1e-45	183.3

028091342_Contig_676_Len1362_OG5_127065	Ba_cy_syne_NP896846_OG5_127065	25.9	320	169	12	147	448	95	364	6.2e-17	88.2

028091764_Contig_534_Len1461_OG5_136205	Ba_cy_syne_NP898346_OG5_136205	73.3	472	123	1	10	481	3	471	1.5e-205	714.9

028091027_Contig_164_Len2238_OG5_128023	Ba_pa_bsui_NP698159_OG5_128023	23.9	635	361	28	156	745	224	781	1.3e-27	124.4

028091536_Contig_1710_Len825_OG5_132634	Ba_pg_ftul_YP170097_OG5_132634	35.0	243	145	5	9	242	3	241	7.1e-32	137.1

035367902_Contig_1886_Len759_OG5_132634	Ba_fb_bant_YP016925_OG5_132634	30.1	236	146	3	13	244	14	234	7.7e-25	113.6

028090861_Contig_388_Len1644_OG5_172385	Za_ec_mmar_NP987262_OG5_172385	26.7	558	329	26	1	538	1	498	3e-42	172.6

028091633_Contig_477_Len1524_OG5_131215	Ba_cy_syne_NP898334_OG5_131215	48.4	498	209	11	1	492	1	456	7.2e-115	413.7

028090211_Contig_2277_Len621_OG5_131043	Ba_pd_cjej_YP002344175_OG5_131043	31.7	199	119	4	8	204	3	186	8.8e-19	93.2

028090721_Contig_1319_Len993_OG5_129626	Op_ch_mbre_gw1.2.899.1_OG5_129626	50.0	64	32	0	9	72	1	64	3.4e-12	72.0

028083140_Contig_2981_Len390_OG5_145732	Ba_cy_syne_NP896676_OG5_145732	38.3	128	74	2	4	129	2	126	7.7e-21	99.4

028090911_Contig_747_Len1311_OG5_126632	Za_eb_msmi_YP001273599_OG5_126632	43.4	433	237	4	1	429	1	429	1e-104	379.8

028091493_Contig_1063_Len1125_OG5_133325	Ba_th_tmar_NP228064_OG5_133325	38.3	350	177	10	22	363	8	326	6.6e-57	220.7

028091100_Contig_824_Len1254_OG5_132031	Ba_th_tmar_NP229106_OG5_132031	30.5	203	126	3	53	242	13	213	9.5e-20	97.4

028089593_Contig_340_Len1719_OG5_128309	EE_ha_Ehux_005780922Contig6777Len1491_OG5_128309	23.9	272	192	9	263	527	55	318	1.3e-16	87.4

028090625_Contig_2278_Len621_OG5_153430	Pl_gr_atha_NP683531_OG5_153430	37.4	211	123	3	2	206	45	252	8.2e-33	139.8

028088616_Contig_1708_Len825_OG5_142324	Ba_fb_bant_YP021222_OG5_142324	26.5	166	106	2	7	158	46	209	6.9e-11	67.4

028091534_Contig_1673_Len837_OG5_129908	Ba_pa_atum_NP356730_OG5_129908	55.7	246	107	2	29	274	47	290	7.3e-77	286.6

028091720_Contig_119_Len2514_OG5_129568	Ba_cy_syne_NP896103_OG5_129568	50.2	838	376	12	8	835	1	807	4.4e-218	757.3

028091233_Contig_307_Len1791_OG5_128930	Ex_eu_tviv_TvY4861100060_OG5_128930	38.7	605	342	13	5	587	86	683	2.7e-108	392.1

071604949_Contig_250_Len1932_OG5_132634	Ba_fb_saur_NP370986_OG5_132634	35.4	229	146	2	415	642	1	228	3.6e-34	146.0

028082416_Contig_1979_Len729_OG5_155474	Ba_fb_bant_YP020295_OG5_155474	42.4	231	126	3	5	235	2	225	6.4e-45	180.3

028084987_Contig_1675_Len834_OG5_132634	Ba_pa_atum_NP356170_OG5_132634	31.3	249	157	4	19	256	1	246	1.3e-25	116.3

028091276_Contig_421_Len1593_OG5_132463	Sr_st_tpse_thaps1uakg.chr14000059_OG5_132463	35.7	487	287	11	36	503	1	480	3.4e-75	282.0

028091568_Contig_3259_Len309_OG5_139990	Ba_cy_syne_NP896112_OG5_139990	49.5	111	44	2	1	100	1	110	4.2e-22	103.2

028089995_Contig_1844_Len774_OG5_132803	Ba_th_tmar_NP228860_OG5_132803	31.0	242	156	3	5	244	3	235	1.1e-29	129.8

028091038_Contig_1748_Len807_OG5_130152	Ba_de_drad_NP285484_OG5_130152	55.0	258	104	3	14	268	6	254	4.6e-76	283.9

028089820_Contig_2106_Len678_OG5_127187	Ba_aq_aaeo_NP213921_OG5_127187	67.0	194	64	0	27	220	8	201	3.9e-68	257.3

028091267_Contig_2643_Len492_OG5_141304	Pl_gr_micr_ACO68480_OG5_141304	29.1	151	106	1	6	155	61	211	5.2e-14	77.0

028090407_Contig_1820_Len783_OG5_132803	Ba_cy_syne_NP897205_OG5_132803	32.0	256	143	9	6	252	3	236	7.9e-25	113.6

051347621_Contig_142_Len2376_OG5_126669	Ba_fc_cbot_YP001788532.1_OG5_126669	28.9	353	219	12	444	769	305	652	1.6e-31	137.5

071604975_Contig_1921_Len750_OG5_134501	Ba_pb_bmal_YP104349_OG5_134501	37.8	225	128	5	11	235	6	218	3.2e-31	134.8

028088868_Contig_2003_Len720_OG5_159595	Za_eh_halo_NP281186_OG5_159595	37.3	236	144	2	3	237	9	241	4.3e-41	167.5

028089783_Contig_2614_Len498_OG5_144213	Ba_cy_syne_NP897143_OG5_144213	38.4	159	96	2	7	164	4	161	9.2e-19	92.8

028090446_Contig_815_Len1260_OG5_126985	Ba_cd_cpne_NP225111_OG5_126985	44.5	420	223	4	5	419	2	416	2.5e-97	355.1

035371366_Contig_2412_Len577_OG5_144213	Pl_gr_ppat_egw1.61.72.1_OG5_144213	42.2	102	52	2	55	150	38	138	8.2e-11	66.6

028089358_Contig_2513_Len540_OG5_134509	Ba_cy_syne_NP897387_OG5_134509	43.5	161	89	1	6	166	5	163	9.9e-35	146.0

028090954_Contig_784_Len1281_OG5_126894	Ba_cy_syne_NP896647_OG5_126894	52.8	426	194	4	2	426	16	435	6.1e-115	413.7

028090133_Contig_645_Len1377_OG5_128229	Sr_st_Pinf_002909097Contig2549Len2073_OG5_128229	33.9	401	205	12	96	446	183	573	1.3e-49	196.8

028090796_Contig_2524_Len537_OG5_132912	Ba_cy_syne_NP897341_OG5_132912	62.4	157	59	0	3	159	3	159	8.9e-52	202.6

028082749_Contig_2054_Len699_OG5_155474	Ba_fb_bant_YP021717_OG5_155474	37.4	235	129	3	2	230	4	226	2.1e-32	138.7

028091725_Contig_2502_Len546_OG5_147266	Pl_gr_micr_ACO63990_OG5_147266	33.0	188	113	4	2	180	105	288	1.2e-22	105.9

028089955_Contig_65_Len2979_OG5_130350	Am_my_ddis_DDBG0276821_OG5_130350	29.5	499	318	15	507	989	23	503	3.9e-48	193.0

028091310_Contig_2032_Len711_OG5_153251	Ba_cy_syne_NP897961_OG5_153251	34.3	207	136	0	30	236	8	214	8.5e-34	143.3

028090539_Contig_468_Len1530_OG5_127121	Sr_rh_Rfil_Contig5717length1491_OG5_127121	39.6	386	210	10	127	503	35	406	2.4e-70	265.8

028091195_Contig_881_Len1218_OG5_139397	Sr_st_Ptri_002184606Contig3619Len1449_OG5_139397	40.6	355	180	10	19	343	128	481	3.6e-72	271.6

028091070_Contig_1244_Len1026_OG5_126894	Ba_pa_bsui_NP697724_OG5_126894	51.4	331	160	1	1	330	13	343	7.6e-92	336.7

028089024_Contig_2544_Len525_OG5_129796	Pl_gr_otau_egw1.10.00.374.1_OG5_129796	38.4	151	93	0	21	171	3	153	9.4e-22	102.8

028085052_Contig_783_Len1284_OG5_144426	Sr_st_tpse_thaps1uakg.chr1000362_OG5_144426	34.6	358	216	9	38	381	4	357	1.3e-53	209.9

028090536_Contig_1020_Len1146_OG5_126985	Ba_bc_ctep_NP662992_OG5_126985	36.1	330	191	8	63	374	78	405	3.7e-47	188.3

028089353_Contig_1727_Len813_OG5_126651	Sr_st_Ptri_002181376Contig6710Len927_OG5_126651	36.6	292	151	7	7	268	16	303	6.1e-44	177.2

028089125_Contig_809_Len1263_OG5_132634	Ba_cd_cpne_NP224485_OG5_132634	27.7	253	157	5	30	282	20	246	3.1e-18	92.4

028089869_Contig_1473_Len927_OG5_141555	Pl_gr_micr_ACO67702_OG5_141555	39.1	322	173	7	7	305	13	334	1.3e-61	236.1

028090173_Contig_2773_Len447_OG5_168821	Pl_gr_osat_NP001051083_OG5_168821	29.4	119	80	2	21	137	5	121	3.7e-11	67.4

028089335_Contig_622_Len1389_OG5_127065	Ba_fb_spne_NP346503_OG5_127065	33.9	242	145	5	224	462	207	436	9.5e-29	127.5

028089595_Contig_1093_Len1104_OG5_144153	Pl_gr_rcom_45361.m000015_OG5_144153	37.0	216	129	3	147	360	1	211	4.3e-32	138.3

028089232_Contig_1360_Len975_OG5_127948	Ba_cy_syne_NP897706_OG5_127948	57.1	301	122	2	31	324	11	311	1.5e-89	328.9

028089094_Contig_3200_Len324_OG5_127295	Ba_cy_syne_NP896999_OG5_127295	67.3	107	35	0	1	107	1	107	8.9e-39	158.7

028090390_Contig_45_Len3207_OG5_130768	Op_me_nvec_estExtGenewiseH1.C1930036_OG5_130768	50.6	638	308	5	1	631	1	638	2.7e-180	632.1

028090410_Contig_130_Len2451_OG5_133712	Op_me_apis_XP001950910_OG5_133712	34.1	513	281	15	320	783	1	505	2.1e-63	243.4

028088632_Contig_2108_Len678_OG5_168821	Pl_gr_osat_NP001051083_OG5_168821	29.7	118	83	0	20	137	3	120	1.1e-11	69.7

028090686_Contig_93_Len2679_OG5_133712	Ba_pg_sent_NP454876_OG5_133712	37.2	864	480	17	33	865	38	869	4.2e-142	505.0

028089241_Contig_1308_Len996_OG5_132803	Ba_pa_bsui_NP697195_OG5_132803	31.7	218	146	2	7	221	46	263	8.8e-29	127.1

028090138_Contig_2107_Len678_OG5_132634	Ba_pd_wsuc_NP908049_OG5_132634	33.8	210	121	3	21	213	1	209	1.1e-19	96.3

028089282_Contig_226_Len2025_OG5_134767	Pl_gr_micr_ACO64261_OG5_134767	42.3	692	335	13	5	668	44	699	9.9e-144	510.0

035371885_Contig_76_Len2817_OG5_137377	Ba_pd_gsul_NP952977_OG5_137377	30.1	505	319	10	360	847	149	636	5e-53	209.1

028091428_Contig_262_Len1905_OG5_130393	Ba_cy_syne_NP898016_OG5_130393	48.7	639	314	7	1	634	1	630	2.2e-169	595.1

028090997_Contig_1_Len6306_OG5_126633	Ba_ac_mtub_NP215696_OG5_126633	34.6	324	200	5	222	542	148	462	5.4e-47	190.3

028089675_Contig_13_Len4038_OG5_130628	Op_fu_anid_AN6385_OG5_130628	36.2	381	203	11	685	1060	4	349	2.3e-51	204.1

035372017_Contig_1249_Len1023_OG5_127949	Ba_fc_cper_YP695053_OG5_127949	53.0	336	153	3	3	337	2	333	2.4e-98	358.2

028085247_Contig_2481_Len549_OG5_129287	Ba_cd_cpne_NP224829_OG5_129287	48.4	184	92	2	1	182	1	183	6.1e-40	163.3

028091500_Contig_188_Len2151_OG5_130152	Am_ar_einv_EIN292800_OG5_130152	32.6	313	190	8	402	703	1	303	4.5e-38	159.1

028089466_Contig_1537_Len894_OG5_138156	Sr_st_tpse_thaps1uakg.chr20000058_OG5_138156	36.9	290	155	8	9	280	1	280	9.7e-43	173.3

028089229_Contig_1144_Len1077_OG5_131815	Ba_cy_syne_NP896742_OG5_131815	42.0	238	133	2	2	236	8	243	1.1e-43	176.8

028091636_Contig_1051_Len1134_OG5_130795	Op_fu_cneg_CNAG05252T0_OG5_130795	31.2	362	222	10	1	356	19	359	7.9e-42	170.6

035371530_Contig_672_Len1362_OG5_144416	Ba_pa_atum_NP354564_OG5_144416	37.9	243	141	4	189	424	39	278	1.7e-38	159.8

028089062_Contig_1983_Len726_OG5_129079	EE_cr_Gthe_005842425Contig14226Len765_OG5_129079	27.1	199	133	4	9	198	9	204	7.9e-19	93.6

028089348_Contig_825_Len1251_OG5_128220	Ba_cy_syne_NP896356_OG5_128220	52.8	415	195	1	2	416	5	418	7e-116	416.8

028090736_Contig_5_Len5076_OG5_130076	Op_fu_afum_Afu6g12970_OG5_130076	32.8	344	181	13	1277	1578	101	436	7.9e-33	142.9

028091096_Contig_2661_Len486_OG5_144213	Ba_cy_syne_NP897143_OG5_144213	39.2	148	88	1	14	161	16	161	3e-22	104.4

028090579_Contig_613_Len1395_OG5_127722	Ba_cy_syne_NP898411_OG5_127722	50.8	459	212	5	8	464	4	450	1.1e-120	433.0

028090955_Contig_233_Len2013_OG5_152575	Pl_gr_crei_115665_OG5_152575	28.8	565	351	14	23	549	27	578	1.1e-49	197.6

028091192_Contig_483_Len1518_OG5_146982	Op_ch_mbre_gw1.4.53.1_OG5_146982	30.2	262	153	10	227	464	1	256	2.3e-20	99.8

028091639_Contig_861_Len1230_OG5_128930	Ba_bc_ctep_NP662310_OG5_128930	29.2	394	244	15	14	395	9	379	1.5e-22	106.7

028089682_Contig_780_Len1284_OG5_140215	Op_fu_cimm_CIMG12579T0_OG5_140215	31.5	270	178	4	123	389	146	411	2.7e-22	105.9

028089215_Contig_690_Len1353_OG5_126985	Ba_cy_syne_NP896237_OG5_126985	26.8	452	270	12	1	441	5	406	7.3e-34	144.4

028089865_Contig_243_Len1971_OG5_127065	Ba_fc_cbot_YP001785673.1_OG5_127065	25.0	512	327	15	175	652	116	604	1.2e-37	157.5

051347601_Contig_758_Len1302_OG5_176377	Sr_ci_Imul_004035249Contig3495Len1068_OG5_176377	25.7	183	133	1	2	181	42	224	1.3e-11	70.5

028091598_Contig_764_Len1299_OG5_126982	Sr_st_pram_fgenesh1pm.Cscaffold616000001_OG5_126982	28.1	299	188	8	40	324	52	337	2.3e-29	129.4

028091329_Contig_667_Len1365_OG5_127722	Op_fu_spom_NP593144_OG5_127722	24.6	357	231	13	44	372	89	435	6.7e-11	68.2

081677148_Contig_571_Len1431_OG5_126635	Pl_gr_ppat_estExtgwpgw1.C1180138_OG5_126635	29.3	263	171	6	37	294	143	395	1e-22	107.5

028089018_Contig_1676_Len834_OG5_139963	Pl_gr_ppat_egw1.86.28.1_OG5_139963	33.1	178	101	5	10	170	9	185	2.9e-17	88.6

028090790_Contig_140_Len2385_OG5_127725	Ba_cy_syne_NP896101_OG5_127725	61.6	777	264	8	14	789	12	755	1.4e-269	928.3

028084745_Contig_2113_Len675_OG5_162573	Ba_pg_cbur_NP819189_OG5_162573	31.9	210	130	4	3	211	5	202	7.6e-32	136.7

028088839_Contig_1435_Len942_OG5_146741	Pl_gr_ppat_estExtgwpgw1.C660086_OG5_146741	38.4	297	175	4	17	307	111	405	4.3e-49	194.5

028089283_Contig_92_Len2682_OG5_127259	Ba_cy_syne_NP896729_OG5_127259	53.0	902	398	11	7	893	3	893	7.9e-258	889.4

051347539_Contig_721_Len1326_OG5_172382	Pl_rh_Gsul_005709072Contig2838Len1245_OG5_172382	36.1	388	206	13	7	379	44	404	3.3e-55	215.3

051347492_Contig_506_Len1494_OG5_142575	Pl_gr_osat_NP001064543_OG5_142575	21.1	383	266	7	130	495	101	464	1.2e-16	87.4

028089137_Contig_290_Len1845_OG5_130152	Am_ar_einv_EIN292800_OG5_130152	41.5	289	155	4	312	592	22	304	1.3e-57	223.8

028089092_Contig_1861_Len771_OG5_155474	Ba_fb_bant_YP020295_OG5_155474	32.7	226	139	4	6	224	5	224	1.4e-26	119.4

028089014_Contig_1097_Len1101_OG5_126947	Ba_th_tmar_NP229164_OG5_126947	41.8	354	189	6	13	365	1	338	5.1e-78	290.8

028089509_Contig_1465_Len930_OG5_134703	Ba_cy_syne_NP898356_OG5_134703	55.6	293	129	1	13	305	5	296	1.6e-85	315.5

028089814_Contig_1832_Len777_OG5_129079	Op_me_drer_ENSDARP00000016043_OG5_129079	27.8	252	173	4	3	252	8	252	2.5e-15	82.0

028091537_Contig_1589_Len876_OG5_131011	Ba_ch_deth_YP181159_OG5_131011	26.1	241	165	3	58	286	60	299	2.6e-24	112.1

081677191_Contig_859_Len1230_OG5_136499	Ba_de_drad_NP296276_OG5_136499	27.2	202	121	4	18	196	4	202	6.4e-13	74.7

028082862_Contig_3126_Len345_OG5_132030	Za_ec_mjan_NP247720_OG5_132030	47.5	59	31	0	4	62	9	67	4.9e-11	66.6

028091183_Contig_508_Len1494_OG5_138105	Ba_pa_rpro_NP220697.1_OG5_138105	25.5	361	238	12	143	488	153	497	1.5e-19	97.1

028089766_Contig_1349_Len981_OG5_132031	Ba_th_tmar_NP229106_OG5_132031	30.6	235	153	5	31	261	11	239	1.2e-22	106.7

028090860_Contig_662_Len1368_OG5_146784	Sr_di_Smic_Contig14703length2217_OG5_146784	32.7	444	277	9	24	452	35	471	1.1e-58	226.9

035372637_Contig_831_Len1248_OG5_131885	Ba_cy_syne_NP896693_OG5_131885	65.6	419	128	5	1	415	3	409	1.7e-146	518.5

028089918_Contig_814_Len1260_OG5_128476	Op_me_aaeg_AAEL003634-PAm_OG5_128476	23.7	325	210	11	101	417	2	296	6.6e-13	74.7

028088828_Contig_2592_Len504_OG5_144213	Pl_gr_otau_egw1.18.00.192.1_OG5_144213	43.2	139	75	1	32	166	6	144	6e-26	116.7

028090965_Contig_2398_Len582_OG5_150224	Pl_gr_ppat_estExtfgenesh1pm.C3230001_OG5_150224	32.5	209	117	6	2	192	106	308	1.6e-25	115.5

028091781_Contig_1274_Len1014_OG5_133518	Pl_rh_Gsul_005704974Contig4083Len945_OG5_133518	67.9	308	99	0	1	308	1	308	3.4e-121	434.1

028091643_Contig_8_Len4668_OG5_126892	Pl_gr_atha_NP568134_OG5_126892	60.0	1537	584	13	28	1554	99	1614	0	1803.5

051347537_Contig_1917_Len750_OG5_152349	Ba_pg_vcho_NP233241_OG5_152349	37.8	225	135	2	19	243	1	220	1.1e-34	146.4

081677164_Contig_1263_Len1017_OG5_127949	Op_me_clup_ENSCAFP00000007947_OG5_127949	29.5	332	201	9	9	314	17	341	6.3e-30	131.0

028091090_Contig_1877_Len765_OG5_130961	Pl_gr_atha_NP973868_OG5_130961	51.2	254	124	0	1	254	90	343	1.4e-69	262.3

028089315_Contig_279_Len1860_OG5_130152	Za_ko_ckor_YP001737347_OG5_130152	29.2	233	148	5	380	602	24	249	1.1e-21	104.4

028089719_Contig_2310_Len609_OG5_144411	Ba_pg_sent_NP454862_OG5_144411	30.1	196	106	6	7	184	8	190	9.2e-13	73.2

028089352_Contig_2180_Len654_OG5_128559	Am_di_Acas_Contig9321length804_OG5_128559	35.0	214	124	5	3	206	4	212	1.1e-27	122.9

035371512_Contig_1297_Len999_OG5_127749	Za_th_nmar_YP001582859_OG5_127749	36.4	176	110	2	66	241	65	238	1.5e-23	109.8

028090890_Contig_1291_Len1002_OG5_127949	Op_me_drer_ENSDARP00000017119_OG5_127949	35.8	190	97	7	2	174	6	187	1.3e-16	86.7

028090462_Contig_1497_Len915_OG5_129245	Ba_pg_yent_YP001007606.1_OG5_129245	33.1	296	189	3	16	303	6	300	2.5e-38	158.7

028090129_Contig_1071_Len1119_OG5_172384	Pl_gr_ppat_egw1.126.148.1_OG5_172384	47.3	332	150	7	6	319	11	335	9.8e-77	286.6

028089853_Contig_2064_Len693_OG5_155474	Ba_pd_wsuc_NP906346_OG5_155474	31.7	224	147	3	1	224	3	220	1.4e-28	125.9

028089392_Contig_1651_Len843_OG5_135822	Ba_fb_bant_YP019916_OG5_135822	48.0	275	142	1	7	280	12	286	2.5e-72	271.6

028089816_Contig_1342_Len984_OG5_133453	Pl_gr_rcom_27645.m000037_OG5_133453	41.1	146	84	1	106	251	22	165	5e-24	111.3

028090727_Contig_100_Len2616_OG5_129568	Sr_st_Aana_Contig1583length2748_OG5_129568	45.0	754	376	11	2	724	56	801	1.8e-182	639.0

028089029_Contig_3223_Len318_OG5_126659	Ba_fb_lmon_NP466153_OG5_126659	44.8	87	48	0	9	95	2	88	9.4e-17	85.5

028090444_Contig_1679_Len834_OG5_127186	Sr_ci_Imul_004037245Contig4878Len768_OG5_127186	28.0	243	121	12	5	226	5	214	5e-17	87.8

028089206_Contig_1173_Len1062_OG5_144641	Pl_gr_crei_56668_OG5_144641	49.1	336	165	4	20	353	78	409	1.5e-103	375.6

028089892_Contig_1833_Len777_OG5_137771	Op_me_clup_ENSCAFP00000005187_OG5_137771	29.5	251	148	5	11	234	178	426	1.3e-19	96.3

028089359_Contig_2095_Len681_OG5_129829	Ba_cy_syne_NP897940_OG5_129829	54.9	226	100	1	1	226	1	224	5.8e-64	243.4

028091495_Contig_1976_Len729_OG5_132803	Ba_pa_rtyp_YP067447_OG5_132803	30.1	236	156	3	7	237	4	235	4.8e-32	137.5

028089053_Contig_1439_Len939_OG5_129071	Pl_gr_atha_NP188651_OG5_129071	47.9	311	154	5	8	312	36	344	6.5e-74	276.9

028090962_Contig_567_Len1437_OG5_127186	Ba_cy_syne_NP896314_OG5_127186	49.4	474	226	6	5	471	6	472	5.2e-131	467.2

028091025_Contig_2650_Len489_OG5_130367	Ba_cy_syne_NP896652_OG5_130367	62.9	159	56	1	4	162	1	156	4.8e-52	203.4

028090618_Contig_1928_Len747_OG5_135822	Pl_gr_ppat_fgenesh1pg.scaffold292000002_OG5_135822	43.0	251	127	8	5	246	1	244	3.1e-42	171.4

028083939_Contig_426_Len1590_OG5_133749	Ba_pl_rbal_NP866817_OG5_133749	35.5	493	295	7	2	476	14	501	1.7e-74	279.6

028091556_Contig_774_Len1290_OG5_135249	Ba_cy_syne_NP897211_OG5_135249	62.6	431	159	2	1	429	1	431	5.7e-161	566.6

028089913_Contig_1350_Len981_OG5_130646	Ba_cy_syne_NP896212_OG5_130646	40.1	294	155	5	36	322	23	302	6.6e-45	180.6

028088662_Contig_3168_Len336_OG5_150302	EE_ha_Ehux_005770861Contig31424Len435_OG5_150302	37.1	105	65	1	1	105	38	141	9.3e-15	79.0

028089763_Contig_317_Len1776_OG5_126976	Sr_st_tpse_thaps1uakg.chr1000327_OG5_126976	34.1	290	162	9	275	545	209	488	4.6e-36	152.1

035371403_Contig_1270_Len1014_OG5_126661	Pl_gr_crei_102784_OG5_126661	52.8	337	154	3	4	337	10	344	8e-102	369.8

035372112_Contig_1812_Len786_OG5_127777	Ba_pg_ecol_AP001491_OG5_127777	23.9	222	161	4	42	259	23	240	2.2e-14	79.0

028091552_Contig_576_Len1431_OG5_127175	Ex_he_Ngru_Contig5975length1428_OG5_127175	57.3	475	192	6	3	468	1	473	8.2e-153	539.7

028091398_Contig_116_Len2553_OG5_130758	Ba_fb_spne_NP345365_OG5_130758	30.8	454	269	12	422	839	217	661	5.4e-46	185.7

028090105_Contig_2022_Len714_OG5_155474	Ba_fb_lmon_NP465032_OG5_155474	32.1	234	142	5	11	237	3	226	4.8e-29	127.5

028085229_Contig_2006_Len720_OG5_133111	Ba_pb_rsol_NP518789_OG5_133111	34.5	116	76	0	4	119	56	171	5.8e-14	77.4

028091579_Contig_391_Len1638_OG5_126851	Ba_aq_aaeo_NP213917_OG5_126851	55.8	536	232	2	1	536	1	531	1.2e-176	619.0

028090859_Contig_1566_Len882_OG5_128449	Ba_cy_syne_NP898416_OG5_128449	51.8	282	134	1	12	291	6	287	1.7e-79	295.4

035371621_Contig_258_Len1911_OG5_127065	Ba_th_tmar_NP228662_OG5_127065	28.4	296	195	9	324	610	188	475	2.7e-26	119.8

028089366_Contig_1448_Len936_OG5_171072	Ba_pa_atum_NP357520_OG5_171072	30.2	281	140	15	6	264	8	254	1.5e-14	79.7

028089211_Contig_1783_Len792_OG5_129079	Za_ep_tvol_NP111230_OG5_129079	23.2	181	139	0	7	187	6	186	1.3e-11	69.7

028090439_Contig_263_Len1899_OG5_134506	Ba_pd_gsul_NP954236_OG5_134506	34.1	267	173	2	6	269	29	295	1.9e-35	150.2

028090803_Contig_1937_Len744_OG5_128476	Op_me_aaeg_AAEL003634-PAm_OG5_128476	26.0	200	133	3	19	215	19	206	1.3e-11	69.7

028084042_Contig_3502_Len246_OG5_126803	Ba_ch_deth_YP181302_OG5_126803	46.4	69	37	0	9	77	7	75	3.5e-11	66.6

028089379_Contig_1742_Len807_OG5_130683	Pl_gr_crei_184923_OG5_130683	60.1	263	104	1	2	263	87	349	1.3e-86	318.9

028091333_Contig_238_Len1992_OG5_127778	Sr_ch_Vbra_Contig4936length2094_OG5_127778	24.7	474	315	14	7	458	202	655	7e-25	115.2

028091719_Contig_1428_Len948_OG5_142526	Op_me_oana_ENSOANP00000020322_OG5_142526	29.4	296	180	6	41	308	55	349	3.9e-26	118.2

028091273_Contig_934_Len1188_OG5_128534	Ba_pd_gsul_NP951535_OG5_128534	38.8	384	211	8	2	379	6	371	8.8e-68	256.9

028089341_Contig_960_Len1173_OG5_127181	Ba_bc_ctep_NP662945_OG5_127181	74.4	390	100	0	1	390	1	390	1.6e-170	598.2

028088766_Contig_2357_Len594_OG5_127187	Op_fu_gzea_FGST02361_OG5_127187	54.7	139	56	2	65	196	1	139	5.4e-34	143.7

028091593_Contig_80_Len2733_OG5_130152	Am_ar_einv_EIN292800_OG5_130152	44.4	239	124	2	663	898	78	310	5.9e-51	202.2

028090433_Contig_3349_Len279_OG5_147251	Pl_gr_crei_111779_OG5_147251	50.0	64	31	1	12	74	1	64	5e-14	76.3

028089414_Contig_2470_Len555_OG5_134303	Za_eh_halo_NP281044_OG5_134303	31.9	182	122	2	1	180	1	182	2.4e-20	98.2

028090316_Contig_1745_Len807_OG5_126858	Za_eh_halo_NP279678_OG5_126858	25.2	262	153	9	29	255	20	273	2.1e-12	72.4

028090260_Contig_385_Len1647_OG5_132634	Ba_pg_sent_NP455106_OG5_132634	32.7	272	166	5	26	289	21	283	4.1e-31	135.6

028089652_Contig_247_Len1956_OG5_129844	Ba_cy_syne_NP897371_OG5_129844	48.3	650	309	11	1	648	4	628	1.1e-176	619.4

028090942_Contig_453_Len1548_OG5_136497	Sr_st_Ptri_002184357Contig2961Len1599_OG5_136497	43.9	529	258	10	13	509	1	522	1.5e-120	432.6

051347472_Contig_2543_Len525_OG5_133110	Ba_fb_spne_NP344830_OG5_133110	49.3	148	74	1	18	165	39	185	2.5e-30	131.3

028088607_Contig_82_Len2721_OG5_130152	Am_ar_einv_EIN292800_OG5_130152	37.4	329	191	4	586	906	1	322	1.8e-52	207.2

028090963_Contig_3229_Len318_OG5_144823	Ba_cy_syne_NP896592_OG5_144823	49.5	101	50	1	4	104	6	105	5.7e-22	102.8

028088821_Contig_3152_Len336_OG5_136866	Sr_st_tpse_gw1.10.243.1_OG5_136866	38.2	89	54	1	8	96	1	88	6e-14	76.3

028088728_Contig_1923_Len750_OG5_144395	Op_fu_lbic_egww1.57.62.1_OG5_144395	32.0	194	123	4	3	191	19	208	3.1e-18	91.7

028088912_Contig_1646_Len846_OG5_129908	Ba_pa_bsui_NP700341_OG5_129908	33.2	235	140	4	39	265	8	233	8.9e-30	130.2

028089767_Contig_1090_Len1107_OG5_131597	Ba_cy_syne_NP898605_OG5_131597	46.5	357	173	7	16	364	14	360	1.7e-81	302.4

028090118_Contig_518_Len1482_OG5_133315	Ba_pd_gsul_NP951555_OG5_133315	25.7	382	243	11	137	488	23	393	8.3e-23	107.8

028089516_Contig_928_Len1188_OG5_131271	Ba_cy_syne_NP898189_OG5_131271	50.4	371	182	2	24	394	8	376	1.4e-94	345.9

028082659_Contig_1314_Len993_OG5_128535	Ba_cy_syne_NP896391_OG5_128535	53.3	323	150	1	6	327	4	326	6e-94	343.6

028089036_Contig_352_Len1695_OG5_130393	Ba_pb_bmal_YP103772_OG5_130393	37.1	560	327	13	16	563	18	564	1.6e-91	336.3

028091206_Contig_283_Len1857_OG5_137747	Pl_gr_ppat_egw1.3.162.1_OG5_137747	37.0	276	161	7	333	604	3	269	2.7e-39	162.9

028091519_Contig_301_Len1812_OG5_128930	Op_me_nvec_gw.6797.3.1_OG5_128930	66.2	198	66	1	8	205	6	202	1.9e-69	263.1

028089377_Contig_715_Len1335_OG5_144426	Sr_st_Aana_Contig6389length939_OG5_144426	34.6	309	179	7	96	386	1	304	4.1e-37	155.2

035372461_Contig_299_Len1815_OG5_130152	Am_ar_einv_EIN292800_OG5_130152	40.3	295	164	4	308	596	25	313	5.9e-55	214.9

028089429_Contig_125_Len2478_OG5_127542	Ba_ch_deth_YP181909_OG5_127542	30.7	573	372	12	7	568	9	567	4.3e-64	245.7

028091332_Contig_1967_Len732_OG5_129301	Ba_pg_cbur_NP819265_OG5_129301	33.6	241	150	3	5	238	4	241	4.8e-32	137.5

028090171_Contig_750_Len1308_OG5_127065	Ba_th_tmar_NP228662_OG5_127065	31.6	294	184	5	109	397	195	476	1.7e-35	149.8

028091736_Contig_1183_Len1056_OG5_127383	Ba_cy_syne_NP897715_OG5_127383	59.8	356	134	2	3	349	31	386	7.2e-122	436.4

028083912_Contig_2156_Len660_OG5_127187	Ba_pa_rtyp_YP067459_OG5_127187	38.5	192	105	1	23	214	19	197	3.5e-34	144.4

028090282_Contig_1688_Len831_OG5_129762	Ba_cy_syne_NP898568_OG5_129762	46.9	271	142	1	1	269	1	271	6.8e-67	253.4

028083913_Contig_2068_Len690_OG5_127187	Op_ch_mbre_fgenesh2pg.scaffold8000241_OG5_127187	37.9	214	109	3	8	221	2	191	1.3e-34	146.0

028088749_Contig_25_Len3594_OG5_128108	Op_fu_ylip_XP503458_OG5_128108	44.1	1260	619	23	7	1197	8	1251	2.3e-281	968.0

028089290_Contig_869_Len1224_OG5_130198	Za_ec_mjan_NP248568_OG5_130198	23.4	394	257	13	11	380	4	376	2.3e-23	109.4

028089217_Contig_4_Len5388_OG5_127857	Sr_st_Aana_Contig6761length879_OG5_127857	30.3	300	181	7	639	931	3	281	3.9e-22	107.5

028091229_Contig_255_Len1914_OG5_130960	Ba_pl_rbal_NP867831_OG5_130960	43.1	585	309	9	13	588	51	620	5.3e-131	467.6

028090172_Contig_1077_Len1116_OG5_168821	Pl_gr_osat_NP001051083_OG5_168821	34.2	117	76	1	8	123	4	120	1.3e-12	73.6

028090513_Contig_2820_Len432_OG5_132098	Ba_pd_gsul_NP953064_OG5_132098	63.6	129	43	1	2	130	17	141	8.2e-40	162.5

028090235_Contig_2322_Len606_OG5_130966	Ba_fb_lmon_NP463575_OG5_130966	43.6	211	102	8	1	200	12	216	7.5e-39	159.8

028090340_Contig_35_Len3375_OG5_126694	Za_na_nequ_NP963450_OG5_126694	33.6	455	234	15	646	1075	181	592	1.7e-52	207.6

028089624_Contig_1076_Len1116_OG5_131884	EE_ap_Ttra_Contig5784length1302_OG5_131884	34.6	228	119	4	19	216	6	233	1.6e-34	146.4

028091450_Contig_122_Len2502_OG5_131044	Ba_cy_syne_NP897192_OG5_131044	44.8	846	426	14	9	832	1	827	3.6e-204	711.1

028082172_Contig_1306_Len999_OG5_127949	Am_ar_edis_EDI106640_OG5_127949	28.0	282	178	8	1	276	1	263	4.1e-18	91.7

028082349_Contig_532_Len1461_OG5_133749	Ba_pb_bmal_YP102369_OG5_133749	59.5	472	182	4	1	467	1	468	2e-162	571.6

028091207_Contig_292_Len1845_OG5_127181	Ex_fo_glab_GL505813815_OG5_127181	27.4	288	184	7	1	266	18	302	1.1e-19	97.8

028091358_Contig_3062_Len366_OG5_133111	Ba_pb_rsol_NP518789_OG5_133111	35.3	116	75	0	4	119	56	171	1.5e-13	75.1

028089656_Contig_1516_Len903_OG5_129627	Pl_gr_rcom_29968.m000664_OG5_129627	29.6	294	155	12	31	275	23	313	4.7e-21	101.3

028091452_Contig_1792_Len792_OG5_130538	Sr_st_Aana_Contig7727length738_OG5_130538	32.5	234	120	7	7	214	1	222	7.3e-18	90.5

028088619_Contig_254_Len1914_OG5_146982	Op_ch_mbre_gw1.4.53.1_OG5_146982	50.8	437	200	5	178	610	1	426	2.6e-114	412.1

028091520_Contig_1977_Len729_OG5_132803	Pl_rh_Gsul_005705048Contig5031Len720_OG5_132803	49.2	242	120	1	1	242	1	239	1.7e-61	235.3

051347588_Contig_43_Len3237_OG5_130368	Sr_st_pram_fgenesh1pg.Cscaffold20000006_OG5_130368	28.2	649	385	26	384	980	352	971	8e-55	215.3

028090396_Contig_1129_Len1089_OG5_130366	Za_th_nmar_YP001582548_OG5_130366	39.1	253	136	7	3	252	2	239	4.3e-45	181.4

028089065_Contig_1031_Len1140_OG5_154426	Ba_ac_mtub_NP216783_OG5_154426	30.7	362	238	6	12	368	20	373	2.7e-42	172.2

081677168_Contig_1843_Len774_OG5_138551	Ba_pa_atum_NP354398_OG5_138551	32.1	234	148	4	21	252	1	225	4.6e-25	114.4

028089931_Contig_1947_Len741_OG5_129079	Ba_pa_atum_NP355368_OG5_129079	35.2	247	151	4	4	244	9	252	3.7e-32	137.9

035372332_Contig_159_Len2265_OG5_127065	Ba_ch_deth_YP182237_OG5_127065	26.7	258	172	5	496	748	143	388	3.4e-20	99.8

028091401_Contig_403_Len1617_OG5_133121	Ba_pl_rbal_NP869461_OG5_133121	44.2	215	112	2	315	529	2	208	4.3e-41	168.7

028090205_Contig_2735_Len459_OG5_132437	Op_ic_Sarc_Contig8173length678_OG5_132437	43.9	132	74	0	16	147	11	142	2e-20	98.2

028089930_Contig_1265_Len1017_OG5_163064	Ba_pd_wsuc_NP906636_OG5_163064	33.9	224	129	6	3	211	4	223	4.6e-25	114.8

028084719_Contig_2520_Len537_OG5_138556	Ba_ac_mtub_NP215895_OG5_138556	48.8	170	86	1	7	175	15	184	7.3e-38	156.4

028089697_Contig_148_Len2328_OG5_127542	Ba_cy_syne_NP896276_OG5_127542	57.1	795	315	4	5	775	1	793	3.3e-260	897.1

028090429_Contig_416_Len1596_OG5_133749	Ba_pl_rbal_NP866817_OG5_133749	38.1	415	248	5	2	413	14	422	3.4e-75	282.0

028090924_Contig_1410_Len954_OG5_127949	Pl_gr_rcom_29848.m004471_OG5_127949	33.5	319	193	12	3	310	12	322	3.7e-40	164.9

028091110_Contig_393_Len1632_OG5_131247	Ba_cy_syne_NP896407_OG5_131247	44.7	387	190	6	85	467	1	367	6.6e-82	304.3

028090234_Contig_337_Len1725_OG5_130152	Am_ar_einv_EIN292800_OG5_130152	37.2	304	180	3	268	566	14	311	1.1e-53	210.7

028090546_Contig_1847_Len774_OG5_129046	Za_eh_halo_NP280301_OG5_129046	47.7	241	123	3	18	256	19	258	8.6e-56	216.5

028090394_Contig_70_Len2913_OG5_130794	Ba_th_tmar_NP228290_OG5_130794	55.8	947	381	9	20	963	1	912	6.5e-298	1022.7

028090146_Contig_1414_Len951_OG5_127401	Ba_ac_mtub_NP215967_OG5_127401	42.4	302	166	3	8	304	10	308	2.8e-64	245.0

028090422_Contig_1593_Len873_OG5_130366	Sr_rh_Rfil_Contig15063length918_OG5_130366	28.3	290	160	10	5	278	2	259	3.3e-19	95.1

028091066_Contig_244_Len1971_OG5_128964	Ba_aq_aaeo_NP214440_OG5_128964	60.6	137	53	1	509	645	1	136	1.9e-38	160.2

028090065_Contig_1159_Len1071_OG5_131884	EE_ap_Ttra_Contig5784length1302_OG5_131884	33.5	224	119	5	20	213	6	229	1.9e-29	129.4

028090603_Contig_2205_Len648_OG5_128504	Sr_st_tpse_fgenesh1kg.Cbd26x41000004_OG5_128504	78.6	215	46	0	1	215	1	215	2.1e-100	364.4

028089761_Contig_58_Len3030_OG5_126723	Pl_rh_cmer_CMP345C_OG5_126723	40.9	863	406	22	6	777	121	970	3.5e-169	595.1

028091623_Contig_53_Len3105_OG5_127126	Ba_ch_deth_YP181706_OG5_127126	46.0	602	311	6	429	1027	3	593	5.9e-148	524.6

028089235_Contig_2671_Len480_OG5_153407	Pl_gr_vcar_XP_002949267_OG5_153407	39.8	166	92	3	1	159	47	211	5.5e-29	126.7

028091197_Contig_2527_Len537_OG5_168022	Pl_rh_Gsul_005704785Contig6449Len375_OG5_168022	37.4	107	63	1	5	107	15	121	1.9e-14	78.6

028088906_Contig_1629_Len855_OG5_133030	Ba_cy_syne_NP897989_OG5_133030	46.6	277	133	6	7	275	17	286	4.9e-60	230.7

028090408_Contig_588_Len1419_OG5_141283	Pl_gr_micr_ACO63106_OG5_141283	30.5	308	188	10	7	300	91	386	1.3e-30	133.7

028088789_Contig_1184_Len1053_OG5_127347	Ba_cy_syne_NP897588_OG5_127347	66.9	344	114	0	3	346	1	344	2.8e-134	477.6

028091437_Contig_117_Len2529_OG5_131815	Za_cr_ihos_YP001434879_OG5_131815	26.8	351	209	13	1	318	1	336	2.7e-26	120.2

028089562_Contig_2564_Len516_OG5_128211	Ba_fb_saur_NP371478_OG5_128211	33.2	187	96	5	6	171	18	196	1.5e-19	95.5

028083146_Contig_1821_Len783_OG5_130152	Za_eh_hwal_YP657240_OG5_130152	39.2	263	143	3	5	254	44	302	4.9e-51	200.7

028091770_Contig_2055_Len699_OG5_155474	Ba_fb_bant_YP020295_OG5_155474	37.7	223	135	2	6	227	5	224	1e-39	162.9

028089739_Contig_64_Len2994_OG5_130152	Am_ar_einv_EIN292800_OG5_130152	43.5	239	123	4	753	986	79	310	1.4e-45	184.5

028089106_Contig_1942_Len741_OG5_138551	Ba_pa_atum_NP354398_OG5_138551	51.9	237	114	0	7	243	3	239	9.4e-60	229.6

028091291_Contig_1199_Len1050_OG5_127749	Sr_di_Smic_Contig19932length1629_OG5_127749	29.7	279	161	11	26	279	145	413	2.2e-22	105.9

028091704_Contig_3715_Len192_OG5_130214	Ba_pa_atum_NP353444_OG5_130214	55.8	52	23	0	1	52	1	52	1.6e-11	67.4

028091147_Contig_1388_Len963_OG5_158354	Ex_he_Ngru_Contig8948length1050_OG5_158354	26.8	198	137	1	84	281	89	278	2.2e-16	85.9

028088650_Contig_575_Len1431_OG5_144357	Sr_st_Aana_Contig3315length1644_OG5_144357	38.3	480	287	5	2	473	50	528	1.5e-90	332.8

028089620_Contig_1033_Len1140_OG5_138551	Ba_fb_saur_NP372936_OG5_138551	36.5	241	146	3	20	254	2	241	2.7e-37	155.6

028090810_Contig_3284_Len300_OG5_144823	Pl_gr_atha_NP193225_OG5_144823	47.9	96	47	2	3	98	52	144	3.6e-18	90.1

028089447_Contig_927_Len1188_OG5_127065	Ba_cy_syne_NP896846_OG5_127065	38.7	398	203	8	3	393	1	364	6.3e-66	250.8

028088838_Contig_1628_Len855_OG5_144444	Pl_rh_Gsul_005706819Contig2845Len1245_OG5_144444	45.2	283	147	3	9	284	127	408	5e-65	247.3

028091554_Contig_336_Len1728_OG5_130152	Am_ar_einv_EIN292800_OG5_130152	38.1	302	176	3	273	569	18	313	2.9e-51	202.6

028091008_Contig_753_Len1308_OG5_134960	Ba_cy_syne_NP896764_OG5_134960	56.5	451	170	4	1	435	1	441	1.6e-134	478.8

028089205_Contig_1143_Len1077_OG5_129048	Pl_gr_rcom_29681.m001360_OG5_129048	49.5	366	176	3	2	358	62	427	6.5e-110	396.7

028090532_Contig_2617_Len498_OG5_144213	Pl_gr_vcar_XP002950406_OG5_144213	36.6	164	90	3	6	164	27	181	4.9e-20	97.1

028089966_Contig_1786_Len792_OG5_138551	Ba_pg_vcho_NP231498_OG5_138551	29.2	212	127	6	24	217	7	213	4.4e-15	81.3

028090792_Contig_1500_Len912_OG5_156589	Pl_gr_crei_119766_OG5_156589	42.8	257	136	5	11	257	1	256	8.9e-52	203.4

028089640_Contig_1985_Len726_OG5_139077	Op_me_tadh_egw1.3708.3.1_OG5_139077	32.3	226	126	8	2	225	4	204	7.6e-22	103.6

028091659_Contig_1913_Len753_OG5_133111	Ba_pa_atum_NP355953_OG5_133111	32.0	228	140	3	20	247	2	214	1.2e-22	106.3

028088629_Contig_1726_Len816_OG5_127129	Ba_fb_bant_YP018223_OG5_127129	50.8	266	129	2	7	271	3	267	3e-75	281.2

028091535_Contig_235_Len2004_OG5_132634	Ba_pg_ypes_YP002346343_OG5_132634	32.3	263	162	5	4	253	1	260	2.2e-31	136.7

081677152_Contig_1626_Len858_OG5_139049	Ba_cy_syne_NP897002_OG5_139049	40.2	214	122	4	39	252	21	228	9.9e-37	153.3

028091141_Contig_335_Len1728_OG5_131010	EE_cr_Gthe_005831397Contig6326Len1428_OG5_131010	36.7	346	171	8	18	344	30	346	1.2e-49	197.2

028091761_Contig_621_Len1392_OG5_127783	Sr_ci_tthe_38.m00188_OG5_127783	26.0	412	248	15	13	398	87	467	1.2e-20	100.5

028090537_Contig_1910_Len753_OG5_128211	Ba_pa_bsui_NP698098_OG5_128211	34.4	183	85	7	67	240	9	165	3.1e-18	91.7

028090912_Contig_31_Len3459_OG5_131505	Ba_fc_cper_YP696417_OG5_131505	31.9	432	268	7	560	972	212	636	2.7e-61	236.9

028089854_Contig_369_Len1677_OG5_127778	Sr_ap_tann_TA19900_OG5_127778	24.9	350	231	12	70	403	206	539	1.8e-18	93.6

028089043_Contig_384_Len1647_OG5_132116	Ba_cy_syne_NP896757_OG5_132116	42.0	440	231	6	100	528	19	445	1e-82	307.0

028082312_Contig_2314_Len609_OG5_177661	Ba_fc_cbot_YP_001788735.1_OG5_177661	40.0	200	117	2	1	200	1	197	2e-31	135.2

028088811_Contig_1252_Len1020_OG5_132803	Ba_bc_ctep_NP662778_OG5_132803	28.9	235	165	1	1	233	4	238	1.7e-22	106.3

028091265_Contig_2725_Len462_OG5_153406	Ba_cy_syne_NP896583_OG5_153406	39.1	110	63	3	32	139	1	108	5.7e-15	80.1

028089501_Contig_1869_Len768_OG5_132634	Ba_fc_cbot_YP001786475.1_OG5_132634	32.5	240	153	4	9	243	2	237	7.3e-31	133.7

028083523_Contig_1070_Len1119_OG5_134767	Ba_bc_ctep_NP662185_OG5_134767	57.7	364	132	4	1	352	33	386	7.2e-112	403.3

028091235_Contig_449_Len1554_OG5_126712	Op_me_apis_XP001949786_OG5_126712	27.6	225	151	6	6	227	16	231	1.1e-14	80.9

028091140_Contig_896_Len1209_OG5_127724	Op_me_ecab_XP001489074_OG5_127724	44.6	415	216	2	1	401	158	572	2.1e-101	368.6

028091370_Contig_1878_Len765_OG5_129040	Op_fu_calb_calbsc5314orf19.767_OG5_129040	27.6	243	147	8	4	240	119	338	8.3e-19	93.6

028090418_Contig_346_Len1707_OG5_132452	Sr_st_pram_fgenesh1pm.Cscaffold1000033_OG5_132452	66.2	571	187	2	4	568	272	842	1.3e-224	778.5

028090019_Contig_1458_Len933_OG5_130366	Za_ec_mjan_NP044150_OG5_130366	31.3	243	123	7	1	242	1	200	3.7e-21	101.7

028084802_Contig_2247_Len633_OG5_131758	Ba_cy_syne_NP898433_OG5_131758	61.8	207	77	1	4	210	18	222	1.6e-68	258.5

028089912_Contig_3347_Len279_OG5_160474	Ba_cy_syne_NP898357_OG5_160474	67.2	64	21	0	10	73	12	75	1.5e-18	91.3

028091558_Contig_1344_Len984_OG5_130795	Pl_rh_Gsul_005707455Contig3104Len1173_OG5_130795	27.0	352	200	12	7	310	30	372	2.7e-22	105.5

028089426_Contig_2229_Len639_OG5_139049	Ba_ac_mlep_YP002503307_OG5_139049	34.5	174	110	2	14	183	3	176	9.7e-21	99.8

028090913_Contig_1422_Len948_OG5_136065	Am_di_Acas_Contig7060length1074_OG5_136065	31.6	329	187	8	3	308	12	325	5.3e-39	161.0

071604945_Contig_3749_Len165_OG5_132030	Ba_fc_cbot_YP001788399.1_OG5_132030	65.3	49	17	0	1	49	1	49	4.8e-17	85.5

028088958_Contig_769_Len1290_OG5_126857	Sr_ci_Slem_CDW77665Contig8544Len1569_OG5_126857	35.3	408	240	7	21	405	62	468	2.1e-62	239.2

028089460_Contig_2579_Len510_OG5_141614	Pl_rh_Gsul_005708748Contig4654Len807_OG5_141614	32.3	186	104	6	3	167	70	254	1.8e-14	78.6

028089678_Contig_269_Len1887_OG5_146982	Op_ch_mbre_gw1.4.53.1_OG5_146982	49.1	446	213	6	172	613	1	436	2.2e-113	409.1

028088728_Contig_1924_Len750_OG5_144395	Op_fu_lbic_egww1.57.62.1_OG5_144395	32.0	194	123	4	3	191	19	208	3.1e-18	91.7

028090774_Contig_241_Len1974_OG5_163203	Ba_pb_bmal_YP104336_OG5_163203	23.5	477	349	7	185	648	2	475	1.3e-28	127.5

028089977_Contig_361_Len1686_OG5_127778	Op_me_tadh_egw1.6.874.1_OG5_127778	23.6	411	255	15	32	412	14	395	3.7e-19	95.9

028090416_Contig_630_Len1386_OG5_146784	EE_ha_Ehux_005793952Contig7406Len1428_OG5_146784	26.3	358	230	8	108	448	132	472	7.7e-31	134.4

028090050_Contig_1713_Len822_OG5_138551	Ba_fb_spne_NP344973_OG5_138551	28.8	233	163	2	1	232	1	231	3.5e-23	108.2

028083652_Contig_1764_Len801_OG5_129079	Za_cr_hbut_YP001013787_OG5_129079	30.8	266	179	3	1	266	1	261	6e-28	124.0

028091182_Contig_182_Len2169_OG5_130152	Am_ar_einv_EIN292800_OG5_130152	33.1	302	177	5	415	711	24	305	2.6e-41	169.9

028089843_Contig_3022_Len375_OG5_145044	Ba_cy_syne_NP896813_OG5_145044	46.4	110	55	1	15	124	23	128	4.8e-20	96.7

028089017_Contig_2741_Len456_OG5_127268	Ba_de_drad_NP293898_OG5_127268	49.6	139	68	1	4	142	2	138	2.2e-35	147.9

028082863_Contig_3069_Len363_OG5_130130	Op_me_bmaa_14614.m00134_OG5_130130	36.5	115	71	2	8	120	3	117	4.3e-18	90.1

028089964_Contig_455_Len1542_OG5_128024	Sr_ci_Imul_004027283Contig3794Len1005_OG5_128024	23.9	226	147	7	16	238	98	301	5.1e-15	82.0

051289428_Contig_2644_Len492_OG5_131270	Ba_cy_syne_NP896872_OG5_131270	44.7	132	67	2	17	147	6	132	7.4e-21	99.8

028091170_Contig_983_Len1164_OG5_130530	Ba_ac_mlep_YP002504008_OG5_130530	31.2	266	130	12	130	365	218	460	4.4e-19	95.1

028089111_Contig_1486_Len921_OG5_127715	Ba_bc_ctep_NP662003_OG5_127715	43.5	306	163	2	7	304	13	316	1.8e-68	258.8

028089875_Contig_2123_Len672_OG5_130152	Ba_th_tmar_NP229066_OG5_130152	30.1	216	129	5	16	211	17	230	6.2e-18	90.5

028090651_Contig_1732_Len813_OG5_133510	Za_cr_hbut_YP001013306_OG5_133510	33.5	260	167	2	12	270	19	273	1.8e-35	149.1

028084741_Contig_2094_Len681_OG5_133111	Ba_pa_atum_NP355953_OG5_133111	38.8	224	133	2	1	224	1	220	6e-37	153.7

028088606_Contig_461_Len1539_OG5_138105	Ba_pb_bpse_YP333590.1_OG5_138105	23.6	449	288	13	59	504	55	451	5.4e-25	115.2

028089493_Contig_1529_Len897_OG5_127348	Ba_bc_ctep_NP661969_OG5_127348	47.7	279	139	2	17	295	9	280	2.9e-71	268.1

035371544_Contig_660_Len1368_OG5_127776	Ba_pd_cjej_YP002343991_OG5_127776	20.9	401	298	7	15	409	14	401	9e-16	84.3

028089224_Contig_318_Len1770_OG5_144357	EE_cr_Gthe_005830520Contig4224Len1800_OG5_144357	39.3	486	272	9	8	475	91	571	3e-96	352.1

028090185_Contig_195_Len2121_OG5_126712	Am_ar_einv_EIN110650_OG5_126712	27.4	212	137	3	46	257	2	196	1.9e-12	73.9

028090123_Contig_323_Len1737_OG5_168483	Ex_he_Ngru_Contig9605length984_OG5_168483	33.3	225	115	9	12	227	10	208	1.6e-25	117.1

028089400_Contig_2469_Len555_OG5_134734	Ba_pg_vcho_NP230555_OG5_134734	44.1	177	97	1	4	178	5	181	4.7e-40	163.7

028085254_Contig_2838_Len426_OG5_127517	Ba_ac_mtub_NP215222_OG5_127517	57.4	136	58	0	1	136	1	136	5.1e-42	169.9

028091627_Contig_1322_Len993_OG5_128594	Ba_ac_mtub_NP215970_OG5_128594	33.9	333	208	6	1	329	1	325	2e-36	152.5

028089415_Contig_38_Len3294_OG5_126835	Ba_cy_syne_NP896923_OG5_126835	65.7	1111	352	6	1	1092	1	1101	0	1432.5

028089807_Contig_249_Len1938_OG5_128755	Ba_cy_syne_NP896190_OG5_128755	73.8	650	164	4	1	645	7	655	2.2e-281	967.2

028089928_Contig_531_Len1461_OG5_127783	Op_fu_ylip_XP503139_OG5_127783	25.9	286	200	6	35	310	108	391	3.2e-19	95.9

035372318_Contig_2036_Len708_OG5_132634	Ba_fb_saur_NP370986_OG5_132634	36.2	224	140	3	5	226	2	224	7.9e-32	136.7

028083499_Contig_1372_Len972_OG5_129071	Pl_gr_atha_NP188651_OG5_129071	32.6	273	161	9	22	275	65	333	1.2e-25	116.7

028090552_Contig_208_Len2088_OG5_140285	Ex_pa_tvag_TVAG_243630_OG5_140285	31.9	135	90	2	296	429	94	227	9.9e-14	78.2

028091407_Contig_272_Len1881_OG5_130152	Am_ar_einv_EIN292800_OG5_130152	34.6	347	186	7	278	618	2	313	1.2e-50	200.7

028090756_Contig_29_Len3513_OG5_127408	Sr_ci_Imul_004024164Contig3378Len1095_OG5_127408	24.9	301	185	11	683	969	7	280	4.7e-16	86.7

028088735_Contig_1463_Len933_OG5_133325	Ba_th_tmar_NP228064_OG5_133325	40.9	301	150	7	5	299	48	326	2.1e-56	218.8

028089393_Contig_1900_Len756_OG5_144395	Ba_fb_bant_YP020245_OG5_144395	34.8	256	151	8	1	250	1	246	1.9e-31	135.6

028088801_Contig_1560_Len882_OG5_127857	Sr_ap_ncan_NCLIV046840_OG5_127857	27.3	300	175	7	27	285	11	308	1.8e-25	115.9

028090708_Contig_2629_Len495_OG5_146785	Op_fu_gzea_FGST13135_OG5_146785	33.1	160	100	2	8	160	6	165	9.2e-19	92.8

028082951_Contig_2517_Len540_OG5_127574	Ba_pd_wsuc_NP908246_OG5_127574	29.1	165	88	8	12	162	4	153	2.6e-11	68.2

028091435_Contig_980_Len1167_OG5_127510	Ba_cy_syne_NP897838_OG5_127510	59.8	391	153	1	1	387	1	391	4.7e-138	490.3

035371401_Contig_309_Len1788_OG5_128227	Op_me_dmel_FBpp0090943_OG5_128227	25.7	261	180	8	344	593	69	326	5.5e-13	75.5

028088615_Contig_3035_Len372_OG5_136234	Ba_ac_mtub_NP214704_OG5_136234	39.4	94	54	2	31	122	2	94	6.2e-12	69.7

028091084_Contig_334_Len1728_OG5_131018	Pl_rh_Gsul_005704305Contig3949Len972_OG5_131018	26.2	195	133	4	326	509	35	229	2.1e-17	90.1

028083902_Contig_1956_Len735_OG5_132803	Pl_rh_Gsul_005705048Contig5031Len720_OG5_132803	33.0	230	153	1	16	244	5	234	7.4e-33	140.2

028084503_Contig_2122_Len672_OG5_130305	Ba_cy_syne_NP896370_OG5_130305	66.7	219	69	2	5	223	23	237	2.2e-76	284.6

028090320_Contig_1057_Len1131_OG5_176519	Ba_cy_syne_NP_896718_OG5_176519	37.2	341	194	4	4	327	8	345	1.5e-56	219.5

028091161_Contig_1856_Len774_OG5_130961	Pl_gr_ppat_egw1.63.40.1_OG5_130961	46.5	243	130	0	11	253	10	252	8.3e-59	226.5

028089264_Contig_1118_Len1092_OG5_126949	Sr_di_Smic_Contig22485length1401_OG5_126949	53.3	368	157	3	10	362	13	380	7.3e-101	366.7

035372015_Contig_1522_Len900_OG5_136499	Ba_de_drad_NP296276_OG5_136499	29.3	256	161	8	7	247	3	253	2.2e-18	92.4

028091079_Contig_221_Len2043_OG5_131018	Op_fu_spom_NP596145_OG5_131018	27.0	256	169	6	372	621	49	292	3.3e-14	79.7

028090310_Contig_400_Len1623_OG5_130967	Ex_eu_tcru_Tc00.1047053508093.39_OG5_130967	39.0	182	109	2	24	204	8	188	1.5e-30	133.7

028083027_Contig_1810_Len786_OG5_132803	Ba_pl_rbal_NP866538_OG5_132803	34.8	256	141	3	11	261	27	261	7e-37	153.7

028089994_Contig_2051_Len699_OG5_132803	Ba_cd_cpne_NP224919_OG5_132803	31.4	236	154	5	1	231	3	235	1.2e-24	112.8

028090585_Contig_1021_Len1146_OG5_126835	Ex_eu_tcru_Tc00.1047053508371.10_OG5_126835	36.8	391	206	8	3	380	2	364	3.6e-66	251.5

028090253_Contig_1599_Len870_OG5_127348	Ba_cy_syne_NP898221_OG5_127348	67.0	288	94	1	3	289	2	289	4e-110	397.1

028089674_Contig_555_Len1443_OG5_155536	Ba_pa_wend_YP001974983_OG5_155536	33.6	476	271	15	5	476	3	437	1.7e-65	249.6

028089941_Contig_1881_Len762_OG5_136892	Pl_gr_rcom_27883.m000058_OG5_136892	32.5	212	139	3	1	211	36	244	5.4e-26	117.5

028091762_Contig_656_Len1371_OG5_127065	Ba_ch_deth_YP182237_OG5_127065	27.3	304	205	7	157	451	90	386	3.7e-25	115.5

028090275_Contig_224_Len2031_OG5_126669	Za_eh_halo_NP280505_OG5_126669	26.2	332	224	6	350	676	196	511	1.9e-25	117.1

028091640_Contig_209_Len2079_OG5_126692	Ba_cy_syne_NP898228_OG5_126692	74.5	691	175	1	1	691	1	690	0	1058.5

028091542_Contig_1827_Len780_OG5_130152	Ba_ch_deth_YP180891_OG5_130152	51.2	252	118	1	8	259	5	251	5.2e-77	287.0

028090291_Contig_394_Len1629_OG5_126692	Pl_gr_ppat_estExtGenewise1.C200056_OG5_126692	28.2	485	307	13	11	468	72	542	6.3e-48	191.4

028091112_Contig_706_Len1341_OG5_128567	Pl_gr_micr_ACO66749_OG5_128567	33.2	391	219	10	3	355	2	388	6.3e-46	184.5

028090554_Contig_1690_Len831_OG5_129470	Sr_ci_Pper_KRW99795Contig8469Len930_OG5_129470	55.4	260	115	1	6	264	9	268	6.4e-73	273.5

028091169_Contig_3178_Len333_OG5_136866	Sr_st_Ptri_002181771Contig10315Len234_OG5_136866	36.4	77	49	0	8	84	1	77	3.3e-12	70.5

028091282_Contig_1546_Len891_OG5_132543	EE_cr_Gthe_005826685Contig18342Len543_OG5_132543	31.8	151	95	2	69	211	29	179	3.9e-12	71.6

028088853_Contig_1185_Len1053_OG5_131884	EE_cr_Gthe_005841498Contig11936Len912_OG5_131884	31.1	244	143	7	5	231	31	266	1.8e-27	122.9

028091614_Contig_2255_Len630_OG5_130966	Ba_fb_lmon_NP465025_OG5_130966	32.3	195	127	2	8	197	6	200	5.8e-26	117.1

028089575_Contig_183_Len2166_OG5_168689	Ex_pa_tvag_TVAG092670_OG5_168689	27.6	214	131	7	446	654	5	199	2.6e-17	90.1

028088745_Contig_999_Len1152_OG5_132294	Ba_cy_syne_NP897032_OG5_132294	49.6	367	174	5	17	378	4	364	7.2e-91	333.6

028090149_Contig_127_Len2472_OG5_133657	Pl_gr_micr_ACO61294_OG5_133657	38.3	575	303	14	1	536	1	562	1.7e-97	356.7

028090214_Contig_2321_Len606_OG5_127187	Pl_gr_ppat_egw1.212.30.1_OG5_127187	67.0	200	58	2	8	199	55	254	9.1e-69	259.2

028090824_Contig_418_Len1596_OG5_137346	Op_fu_aory_AO090009000527_OG5_137346	30.8	302	171	10	2	267	14	313	3.6e-24	112.5

028089020_Contig_2999_Len381_OG5_126668	Ba_cy_syne_NP898179_OG5_126668	71.3	122	34	1	1	122	1	121	6.3e-44	176.0

028091352_Contig_2609_Len501_OG5_133527	Ba_cy_syne_NP898069_OG5_133527	36.2	130	79	3	33	162	19	144	1.1e-19	95.9

028090099_Contig_572_Len1431_OG5_136497	Sr_st_tpse_thaps1uakg.chr17000038_OG5_136497	29.1	485	301	17	7	464	62	530	4.2e-48	191.8

028091251_Contig_801_Len1272_OG5_132031	Ba_th_tmar_NP229106_OG5_132031	27.4	215	141	3	53	254	13	225	6.2e-19	94.7

028090072_Contig_99_Len2619_OG5_133657	Ba_pd_wsuc_NP906587_OG5_133657	41.1	453	230	11	15	450	12	444	7.4e-83	308.1

081677222_Contig_1284_Len1008_OG5_126893	Za_cr_hbut_YP001012374_OG5_126893	36.7	264	138	8	2	252	14	261	1.7e-40	166.0

028089126_Contig_1038_Len1137_OG5_139219	Ba_pa_rtyp_YP067296_OG5_139219	29.0	231	133	6	176	378	157	384	6.6e-20	97.8

028088889_Contig_628_Len1386_OG5_131932	Ba_cy_syne_NP896155_OG5_131932	39.0	426	237	6	38	457	11	419	3.9e-75	281.6

028091283_Contig_2091_Len684_OG5_130368	EE_cr_Gthe_005821272Contig17641Len579_OG5_130368	35.1	114	72	1	5	116	10	123	2.5e-14	78.6

028090720_Contig_594_Len1413_OG5_131756	Ba_cy_syne_NP897149_OG5_131756	48.6	479	222	6	1	456	1	478	5.7e-122	437.2

035371719_Contig_1952_Len738_OG5_163064	Ba_pd_gsul_NP952314_OG5_163064	35.2	227	135	6	7	226	1	222	1.6e-30	132.5

028089849_Contig_2884_Len417_OG5_149797	Ba_pa_atum_NP396669_OG5_149797	37.5	128	73	2	10	130	18	145	1.4e-15	82.0

071604922_Contig_2436_Len570_OG5_168022	Pl_rh_Gsul_005704785Contig6449Len375_OG5_168022	37.9	95	59	0	5	99	13	107	1e-13	76.3

081677203_Contig_46_Len3204_OG5_127065	Ba_fb_bant_YP017624_OG5_127065	29.5	484	282	16	297	745	429	888	3.6e-47	189.9

028089965_Contig_1647_Len846_OG5_129762	Ba_cy_syne_NP898568_OG5_129762	27.6	275	194	5	2	274	4	275	1.7e-28	125.9

028089442_Contig_925_Len1191_OG5_127543	Ba_cy_syne_NP896232_OG5_127543	51.9	378	176	5	15	392	16	387	4.5e-104	377.5

028091330_Contig_1939_Len744_OG5_133111	Ba_pa_atum_NP355953_OG5_133111	37.7	231	126	6	3	230	2	217	1.3e-29	129.4

028091610_Contig_2688_Len477_OG5_150248	Pl_gr_otau_egw1.09.00.444.1_OG5_150248	35.8	162	92	4	4	158	28	184	1.5e-18	92.0

051347557_Contig_1160_Len1071_OG5_128015	Ba_pl_rbal_NP867187_OG5_128015	36.9	339	195	7	16	339	6	340	1.5e-50	199.5

028090688_Contig_503_Len1497_OG5_139226	Ba_bc_ctep_NP662958_OG5_139226	38.2	170	84	4	198	362	13	166	1.9e-27	123.2

028083306_Contig_3272_Len303_OG5_127575	Ba_cd_cpne_NP225132_OG5_127575	43.6	101	56	1	1	100	1	101	3.4e-16	83.6

010998585_Contig_3701_Len195_OG5_132740	Ba_cy_syne_NP897319_OG5_132740	79.7	64	13	0	1	64	1	64	1.1e-25	114.4

028090577_Contig_268_Len1893_OG5_172385	Za_ec_mjan_NP247647_OG5_172385	28.0	568	306	25	36	586	10	491	8.9e-46	184.5

028090622_Contig_3466_Len252_OG5_161369	Ba_cy_syne_NP898308_OG5_161369	42.9	77	44	0	7	83	11	87	2.1e-11	67.4

035372164_Contig_540_Len1451_OG5_136205	EE_cr_Gthe_005836027Contig4767Len1683_OG5_136205	32.5	493	283	12	3	480	38	495	1.2e-61	236.9

035372323_Contig_2020_Len717_OG5_129079	Op_fu_gzea_FGST05304_OG5_129079	29.1	189	134	0	2	190	18	206	1.5e-14	79.3

028088874_Contig_3039_Len369_OG5_133572	Ba_fb_saur_NP371039_OG5_133572	38.3	120	74	0	1	120	2	121	2.1e-15	81.3

051347602_Contig_2037_Len708_OG5_133528	Ba_cy_syne_NP898586_OG5_133528	35.3	215	133	3	18	230	5	215	1.6e-32	139.0

028090653_Contig_427_Len1590_OG5_127784	Op_fu_cneg_CNAG04147T0_OG5_127784	35.0	391	246	3	2	391	37	420	3.1e-60	232.3

071604922_Contig_2438_Len570_OG5_168022	Pl_rh_Gsul_005704785Contig6449Len375_OG5_168022	37.9	95	59	0	5	99	13	107	1e-13	76.3

035372640_Contig_2138_Len669_OG5_126978	Ba_cy_syne_NP896118_OG5_126978	47.0	217	101	5	17	221	4	218	1.7e-44	178.7

028091591_Contig_884_Len1218_OG5_127543	Ba_fb_lmon_NP464537_OG5_127543	35.3	380	230	8	26	402	4	370	2.4e-60	232.3

028091047_Contig_2561_Len519_OG5_127379	Op_fu_anid_AN9083_OG5_127379	42.4	177	89	4	1	170	37	207	2.5e-35	147.9

028089445_Contig_1995_Len723_OG5_132030	Ba_th_tmar_NP228468_OG5_132030	59.6	52	21	0	181	232	2	53	3.4e-14	78.2

028089512_Contig_26_Len3564_OG5_135272	Op_ic_Sarc_Contig507length3450_OG5_135272	29.3	661	412	17	5	644	76	702	1.5e-81	304.3

028088907_Contig_3142_Len339_OG5_139990	Ba_cy_syne_NP896112_OG5_139990	50.0	112	53	3	1	111	1	110	3.5e-22	103.6

028090815_Contig_1041_Len1137_OG5_136499	Ba_de_drad_NP296276_OG5_136499	28.7	268	162	10	1	251	1	256	4.6e-13	75.1

028090545_Contig_573_Len1431_OG5_138568	Pl_gr_micr_ACO55540_OG5_138568	83.3	472	79	0	5	476	4	475	3.6e-241	833.2

028090017_Contig_23_Len3636_OG5_141288	Sr_ci_Otri_EJY75572Contig7470Len2160_OG5_141288	25.9	614	411	13	560	1138	72	676	6.9e-55	215.7

028089440_Contig_3575_Len225_OG5_129681	Am_ar_einv_EIN072850_OG5_129681	40.6	69	41	0	5	73	50	118	3.2e-11	66.6

028091483_Contig_2726_Len462_OG5_132053	Ba_fb_bant_YP017169_OG5_132053	48.4	153	72	4	3	151	4	153	3.3e-31	134.0

028089469_Contig_554_Len1443_OG5_144442	Ba_bc_ctep_NP662364_OG5_144442	28.9	467	291	13	12	462	4	445	2.5e-48	192.6

028091187_Contig_389_Len1641_OG5_129424	Ba_pl_rbal_NP870540_OG5_129424	28.9	284	183	6	10	278	81	360	9.5e-28	124.4

028090838_Contig_1100_Len1101_OG5_127181	Ba_bc_ctep_NP662822_OG5_127181	22.8	395	264	10	4	366	3	388	3.4e-21	102.1

028090012_Contig_439_Len1566_OG5_133749	Ba_cy_syne_NP898241_OG5_133749	71.0	389	110	3	125	513	89	474	1.7e-164	578.6

028091121_Contig_807_Len1266_OG5_126982	Ba_fb_bant_YP022688_OG5_126982	40.3	392	216	5	27	417	5	379	1.6e-83	309.3

028090576_Contig_820_Len1257_OG5_132116	Ba_cy_syne_NP896757_OG5_132116	39.9	409	220	7	8	393	28	433	1.4e-68	259.6

028091128_Contig_986_Len1161_OG5_127065	Ba_ch_deth_YP182237_OG5_127065	24.3	367	249	7	24	386	47	388	1.1e-25	117.1

028090936_Contig_584_Len1422_OG5_146784	Ba_pa_bsui_NP700309_OG5_146784	33.0	330	214	5	123	450	135	459	1.9e-45	183.0

028089848_Contig_2624_Len495_OG5_147294	Op_ic_Sarc_Contig10359length501_OG5_147294	58.9	151	62	0	10	160	12	162	3.1e-51	200.7

028089120_Contig_2340_Len600_OG5_131883	Ba_cy_syne_NP896598_OG5_131883	37.1	186	114	2	1	186	2	184	1.9e-26	118.6

028090116_Contig_1875_Len765_OG5_132634	Ba_sp_tpal_NP218560_OG5_132634	35.0	223	138	4	21	241	1	218	1.8e-29	129.0

028090179_Contig_968_Len1170_OG5_131815	Ba_fc_cbot_YP001787448.1_OG5_131815	28.1	349	221	11	1	341	1	327	2.8e-26	119.0

028091626_Contig_2728_Len462_OG5_133314	Ba_fc_cbot_YP001787733.1_OG5_133314	29.9	147	102	1	3	149	4	149	3.4e-15	80.9

028091693_Contig_286_Len1851_OG5_168689	Ex_pa_tvag_TVAG092670_OG5_168689	23.0	313	195	15	10	303	7	292	5.7e-13	75.5

