Ba_cy_Prsp_XX_015230361_Contig_2588_Len357_OG5_127463	Pl_rh_Gsul_005702551Contig6591Len339_OG5_127463	54.2	107	48	1	12	117	6	112	1.5e-31	134.8
Ba_cy_Prsp_XX_015230198_Contig_339_Len1680_OG5_127343	Ba_ac_mlep_YP002503004_OG5_127343	51.7	530	253	3	1	529	1	528	1.4e-154	545.8
Ba_cy_Prsp_XX_015227992_Contig_1813_Len648_OG5_133732	Ba_cy_syne_NP896672_OG5_133732	48.8	209	94	3	7	213	7	204	4.3e-46	183.3
Ba_cy_Prsp_XX_041235447_Contig_1656_Len729_OG5_133199	Ba_th_tmar_NP228354_OG5_133199	32.6	227	142	4	2	225	3	221	1.7e-27	121.7
Ba_cy_Prsp_XX_015228006_Contig_159_Len2151_OG5_143264	Ba_pb_bmal_YP103324_OG5_143264	40.9	584	309	14	4	579	21	576	5.2e-106	384.8
Ba_cy_Prsp_XX_015229801_Contig_695_Len1254_OG5_127023	Ba_pd_cjej_YP002344212_OG5_127023	29.7	408	279	7	13	415	7	411	1.2e-41	170.2
Ba_cy_Prsp_XX_015231079_Contig_194_Len2007_OG5_153298	Ba_bc_ctep_NP661357_OG5_153298	34.7	499	306	10	108	600	1	485	3e-71	269.2
Ba_cy_Prsp_XX_015229300_Contig_1694_Len711_OG5_153460	Ba_cy_syne_NP896772_OG5_153460	51.9	160	67	3	68	226	24	174	2.4e-36	151.8
Ba_cy_Prsp_XX_015230688_Contig_2125_Len525_OG5_127668	Ba_aq_aaeo_NP213803_OG5_127668	64.2	159	57	0	6	164	3	161	1.4e-52	205.3
Ba_cy_Prsp_XX_015230636_Contig_731_Len1221_OG5_138772	Pl_rh_cmer_CMR012C_OG5_138772	58.1	403	162	3	3	405	76	471	3.9e-133	473.4
Ba_cy_Prsp_XX_015229723_Contig_971_Len1068_OG5_131273	Ba_pd_gsul_NP952953_OG5_131273	40.8	343	199	4	1	340	1	342	9.9e-66	250.0
Ba_cy_Prsp_XX_041235266_Contig_1104_Len993_OG5_144327	Ba_th_tmar_NP229142_OG5_144327	33.7	163	107	1	12	174	1	162	5.1e-24	111.3
Ba_cy_Prsp_XX_015229368_Contig_1144_Len972_OG5_149845	Pl_gr_otau_estExtgwpGeneWisePlus.CChr05.00010505_OG5_149845	36.6	325	190	10	6	320	64	382	5.1e-45	181.0
Ba_cy_Prsp_XX_015228299_Contig_433_Len1527_OG5_134940	Ba_th_tmar_NP228323_OG5_134940	46.3	501	259	5	4	503	5	496	9.3e-124	442.6
Ba_cy_Prsp_XX_015229267_Contig_383_Len1605_OG5_136093	Ba_cy_syne_NP898237_OG5_136093	30.2	493	301	13	25	481	47	532	1.8e-58	226.5
Ba_cy_Prsp_XX_015230940_Contig_340_Len1680_OG5_129533	Ba_ac_mtub_NP216223_OG5_129533	33.9	528	279	14	9	524	2	471	1.2e-70	266.9
Ba_cy_Prsp_XX_015229636_Contig_272_Len1809_OG5_132469	Pl_gr_crei_107111_OG5_132469	63.0	324	120	0	36	359	1	324	7.5e-114	410.6
Ba_cy_Prsp_XX_015229252_Contig_439_Len1521_OG5_142650	Ba_bc_ctep_NP661725_OG5_142650	37.8	503	306	3	9	505	6	507	1.3e-90	333.2
Ba_cy_Prsp_XX_015231130_Contig_2432_Len411_OG5_127478	Ba_cy_syne_NP898185_OG5_127478	72.0	132	37	0	5	136	2	133	1.3e-53	208.4
Ba_cy_Prsp_XX_015228314_Contig_1347_Len864_OG5_163172	Sr_st_Pinf_002904829Contig9143Len909_OG5_163172	29.9	298	191	8	4	287	7	300	6e-29	127.5
Ba_cy_Prsp_XX_015228172_Contig_1361_Len855_OG5_164867	Ba_pb_bpse_YP337319.1_OG5_164867	27.3	242	170	4	34	275	2	237	4.7e-24	110.5
Ba_cy_Prsp_XX_015228369_Contig_172_Len2076_OG5_126923	Ba_th_tmar_NP229451_OG5_126923	40.5	684	391	7	7	688	4	673	6.4e-146	517.3
Ba_cy_Prsp_XX_015229902_Contig_1336_Len870_OG5_126809	Ex_eu_tcru_Tc00.1047053507017.40_OG5_126809	27.8	291	197	7	1	283	3	288	3.8e-23	108.2
Ba_cy_Prsp_XX_015230767_Contig_2115_Len531_OG5_128842	Ba_ch_deth_YP181650_OG5_128842	39.5	81	46	1	86	166	69	146	3.1e-12	71.2
Ba_cy_Prsp_XX_015230829_Contig_132_Len2277_OG5_126855	Ba_pd_gsul_NP953498_OG5_126855	44.4	755	381	13	7	754	69	791	1.2e-166	586.3
Ba_cy_Prsp_XX_015229360_Contig_946_Len1080_OG5_129846	Ba_de_drad_NP295508_OG5_129846	50.0	324	148	6	6	325	3	316	1.3e-84	312.8
Ba_cy_Prsp_XX_015228967_Contig_216_Len1941_OG5_130255	Pl_gr_micr_ACO67658_OG5_130255	30.2	212	138	4	406	607	2	213	5.8e-16	85.5
Ba_cy_Prsp_XX_015230874_Contig_2291_Len465_OG5_130215	EE_cr_Gthe_005841521Contig18377Len540_OG5_130215	46.7	120	62	1	2	119	18	137	1e-27	122.5
Ba_cy_Prsp_XX_015230780_Contig_2152_Len513_OG5_128875	Za_eb_msmi_YP001272771_OG5_128875	53.8	119	55	0	40	158	2	120	3.6e-34	144.1
Ba_cy_Prsp_XX_015229170_Contig_1343_Len867_OG5_171559	Pl_rh_Gsul_005708533Contig4010Len960_OG5_171559	27.3	242	156	8	6	240	45	273	1.4e-17	89.7
Ba_cy_Prsp_XX_015230843_Contig_95_Len2586_OG5_136093	Ba_cy_syne_NP898237_OG5_136093	57.5	869	345	7	6	859	13	872	1.6e-290	998.0
Ba_cy_Prsp_XX_015229410_Contig_2703_Len324_OG5_126613	Pl_gr_otau_egw1.05.00.532.1_OG5_126613	43.3	104	58	1	5	107	40	143	6.9e-21	98.6
Ba_cy_Prsp_XX_015228983_Contig_780_Len1179_OG5_129430	Ba_pg_yent_YP001005967.1_OG5_129430	30.5	295	164	13	4	263	2	290	4.8e-21	101.7
Ba_cy_Prsp_XX_041235567_Contig_964_Len1071_OG5_136231	Ba_th_tmar_NP228660_OG5_136231	28.6	350	213	13	6	351	14	330	1.7e-28	126.3
Ba_cy_Prsp_XX_015230997_Contig_855_Len1134_OG5_131216	Pl_gr_crei_121326_OG5_131216	40.6	384	209	7	3	368	1	383	2.9e-71	268.5
Ba_cy_Prsp_XX_015228936_Contig_50_Len3267_OG5_135718	Ba_pb_rsol_NP522601_OG5_135718	24.1	789	535	22	325	1088	288	1037	1.7e-52	207.6
Ba_cy_Prsp_XX_015230686_Contig_675_Len1275_OG5_137858	Ba_fb_bant_YP019428_OG5_137858	46.6	395	207	4	17	409	3	395	3.2e-103	374.8
Ba_cy_Prsp_XX_015228430_Contig_603_Len1344_OG5_126807	Ba_cy_syne_NP897733_OG5_126807	72.3	440	118	2	9	444	12	451	6.2e-182	636.3
Ba_cy_Prsp_XX_015230199_Contig_100_Len2559_OG5_127675	Ba_th_tmar_NP227983_OG5_127675	48.9	742	343	8	5	716	2	737	3.6e-207	721.1
Ba_cy_Prsp_XX_015231045_Contig_1613_Len750_OG5_128903	Pl_gr_osat_NP001065117_OG5_128903	71.5	246	60	3	7	244	1	244	6.9e-98	356.3
Ba_cy_Prsp_XX_015228891_Contig_730_Len1221_OG5_131633	Ba_ch_deth_YP182063_OG5_131633	30.7	348	240	1	59	406	55	401	3.6e-54	211.1
Ba_cy_Prsp_XX_015229873_Contig_1127_Len981_OG5_132843	Ba_pg_vcho_NP232500_OG5_132843	26.6	331	205	14	5	318	6	315	1.3e-14	80.1
Ba_cy_Prsp_XX_015227996_Contig_1548_Len771_OG5_164651	EE_ha_Ehux_005756176Contig22841Len699_OG5_164651	41.2	136	64	5	39	165	51	179	3.1e-11	67.8
Ba_cy_Prsp_XX_041235544_Contig_1658_Len729_OG5_127327	Ba_cy_syne_NP896303_OG5_127327	69.7	211	63	1	5	215	10	219	5.2e-82	303.5
Ba_cy_Prsp_XX_015228408_Contig_45_Len3384_OG5_127929	Sr_pe_Perk_002765980Contig3801Len1533_OG5_127929	29.0	379	234	9	665	1025	85	446	2.4e-28	127.5
Ba_cy_Prsp_XX_015228142_Contig_270_Len1821_OG5_137048	Ba_pg_ypes_NP395421_OG5_137048	37.2	148	83	4	21	161	2	146	9e-19	94.7
Ba_cy_Prsp_XX_015230279_Contig_356_Len1644_OG5_129156	Ba_cy_syne_NP897801_OG5_129156	39.6	492	285	5	9	496	3	486	1.8e-98	359.4
Ba_cy_Prsp_XX_015230300_Contig_1405_Len837_OG5_140478	Pl_rh_cmer_CMI290C_OG5_140478	48.4	279	132	6	5	273	48	324	5e-65	247.3
Ba_cy_Prsp_XX_015229040_Contig_197_Len2001_OG5_137874	Ba_fc_cbot_YP001786001.1_OG5_137874	26.0	308	175	11	1	298	5	269	5.3e-12	72.4
Ba_cy_Prsp_XX_015230016_Contig_997_Len1056_OG5_138689	Ba_fb_spne_NP345794_OG5_138689	31.7	202	129	4	3	199	4	201	3.3e-21	102.1
Ba_cy_Prsp_XX_015228305_Contig_266_Len1827_OG5_126897	Ba_pg_yent_YP001006029.1_OG5_126897	31.4	590	379	9	20	604	1	569	9.9e-82	303.9
Ba_cy_Prsp_XX_041235482_Contig_560_Len1386_OG5_164857	Ex_eu_lbra_LbrM.35.5430_OG5_164857	29.6	429	268	10	31	435	49	467	1.6e-42	172.6
Ba_cy_Prsp_XX_015227879_Contig_1275_Len903_OG5_140008	EE_ha_Ehux_005772928Contig11917Len1122_OG5_140008	38.0	303	156	12	15	292	61	356	1.3e-40	165.6
Ba_cy_Prsp_XX_051017375_Contig_2002_Len573_OG5_130371	Ba_cy_syne_NP896958_OG5_130371	40.0	140	84	0	5	144	10	149	3.3e-26	117.1
Ba_cy_Prsp_XX_015227905_Contig_450_Len1506_OG5_144826	EE_ha_Ehux_005781820Contig5551Len1638_OG5_144826	37.8	527	270	20	4	499	38	537	2.7e-85	315.5
Ba_cy_Prsp_XX_015228234_Contig_1135_Len975_OG5_126937	Sr_ch_Vbra_Contig10439length1293_OG5_126937	42.6	340	168	6	8	322	91	428	3.6e-67	254.6
Ba_cy_Prsp_XX_015230225_Contig_1619_Len747_OG5_137893	Ba_pg_vcho_NP232991_OG5_137893	38.2	251	133	4	6	235	37	286	1.2e-38	159.5
Ba_cy_Prsp_XX_015229954_Contig_614_Len1335_OG5_129971	Sr_st_Aana_Contig3800length1476_OG5_129971	25.6	266	179	6	51	308	28	282	9.6e-18	90.9
Ba_cy_Prsp_XX_015229219_Contig_285_Len1785_OG5_137048	Ba_pg_ypes_NP395421_OG5_137048	37.2	148	83	4	21	161	2	146	1.2e-18	94.4
Ba_cy_Prsp_XX_015227910_Contig_505_Len1431_OG5_132914	Za_eh_halo_NP280001_OG5_132914	32.1	420	268	7	60	475	35	441	1e-49	197.2
Ba_cy_Prsp_XX_015230273_Contig_113_Len2424_OG5_135052	Pl_gr_ppat_estExtGenewise1.C1310087_OG5_135052	26.4	625	362	24	221	788	117	700	1.4e-41	170.2
Ba_cy_Prsp_XX_015230613_Contig_80_Len2706_OG5_131604	Sr_st_tpse_estExtfgenesh1pg.Cchr200015_OG5_131604	56.1	920	375	12	8	901	32	948	5.2e-287	985.7
Ba_cy_Prsp_XX_015230715_Contig_891_Len1113_OG5_130923	Ba_cy_syne_NP898615_OG5_130923	69.9	349	105	0	22	370	20	368	9.7e-139	491.9
Ba_cy_Prsp_XX_015229340_Contig_558_Len1386_OG5_134156	Sr_st_tpse_thaps1uakg.chr8000075_OG5_134156	26.6	428	276	12	21	428	40	449	2.5e-29	129.4
Ba_cy_Prsp_XX_015228945_Contig_134_Len2259_OG5_129417	Op_me_aaeg_AAEL001397-PAm_OG5_129417	21.9	676	446	27	115	749	526	1160	5.4e-21	102.4
Ba_cy_Prsp_XX_015228599_Contig_141_Len2238_OG5_129763	Ba_de_drad_NP295140_OG5_129763	29.3	646	344	25	153	720	32	642	6e-57	221.9
Ba_cy_Prsp_XX_015229620_Contig_1633_Len741_OG5_130942	Ba_cy_syne_NP896266_OG5_130942	47.7	235	120	1	4	238	5	236	3.7e-59	227.6
Ba_cy_Prsp_XX_041235789_Contig_947_Len1080_OG5_128711	Ba_pg_cbur_NP819719_OG5_128711	63.3	341	123	1	5	345	3	341	5e-132	469.5
Ba_cy_Prsp_XX_041235813_Contig_1707_Len705_OG5_137868	Sr_st_tpse_thaps1uakg.chr15000006_OG5_137868	40.7	162	80	3	9	156	1	160	1.4e-23	109.4
Ba_cy_Prsp_XX_015228281_Contig_1620_Len744_OG5_129884	Ba_fc_cper_YP695869_OG5_129884	28.4	218	144	5	7	218	2	213	1e-21	103.2
Ba_cy_Prsp_XX_015230038_Contig_752_Len1206_OG5_126776	Ba_fc_cbot_YP001785558.1_OG5_126776	55.9	395	168	3	8	400	7	397	9.9e-123	439.5
Ba_cy_Prsp_XX_015228361_Contig_899_Len1107_OG5_158690	Ba_fb_bant_YP018375_OG5_158690	46.3	246	126	3	7	250	3	244	6.2e-61	233.4
Ba_cy_Prsp_XX_015229473_Contig_546_Len1392_OG5_132914	Ba_pb_bpse_YP337296.1_OG5_132914	27.2	287	199	4	180	459	182	465	1.4e-19	97.1
Ba_cy_Prsp_XX_015229337_Contig_1334_Len873_OG5_128424	Ba_cy_syne_NP897358_OG5_128424	53.3	289	135	0	1	289	4	292	1.2e-90	332.4
Ba_cy_Prsp_XX_015228938_Contig_1045_Len1026_OG5_136067	Pl_gr_rcom_33500.m000028_OG5_136067	32.8	180	110	6	17	196	10	178	8.8e-19	94.0
Ba_cy_Prsp_XX_015230356_Contig_1279_Len903_OG5_132573	Ba_pd_wsuc_NP906420_OG5_132573	46.2	288	145	2	1	286	1	280	3.7e-66	251.1
Ba_cy_Prsp_XX_015228170_Contig_696_Len1251_OG5_130034	Ba_ac_mtub_NP218220_OG5_130034	36.5	422	236	8	18	414	11	425	7.2e-68	257.3
Ba_cy_Prsp_XX_015230023_Contig_1398_Len840_OG5_129962	Op_fu_cpos_CPAG02437_OG5_129962	33.3	243	144	11	35	267	42	276	1.6e-31	136.0
Ba_cy_Prsp_XX_015228296_Contig_2715_Len318_OG5_139231	Pl_gr_atha_NP196562_OG5_139231	42.7	75	43	0	9	83	59	133	3.4e-12	69.7
Ba_cy_Prsp_XX_015228476_Contig_136_Len2253_OG5_151231	Sr_st_tpse_estExtGenewise1.Cbd26x410192_OG5_151231	44.1	765	348	16	21	744	1	726	8.7e-181	633.3
Ba_cy_Prsp_XX_015229474_Contig_861_Len1128_OG5_130714	Pl_rh_Gsul_005706171Contig1344Len1806_OG5_130714	34.5	374	223	8	21	375	198	568	1.7e-53	208.8
Ba_cy_Prsp_XX_041235444_Contig_206_Len1980_OG5_177080	Op_fu_gzea_FGST04172_OG5_177080	24.6	443	246	20	235	649	175	557	1.7e-16	86.7
Ba_cy_Prsp_XX_015228373_Contig_2819_Len288_OG5_130206	Ba_cy_syne_NP896680_OG5_130206	60.7	89	35	0	1	89	1	89	2.3e-25	114.0
Ba_cy_Prsp_XX_015228868_Contig_611_Len1338_OG5_142554	Ba_fb_bant_YP019887_OG5_142554	30.2	368	233	13	49	409	1	351	3.3e-40	164.9
Ba_cy_Prsp_XX_015230633_Contig_3004_Len249_OG5_127603	Ba_cy_syne_NP897710_OG5_127603	63.7	80	29	0	1	80	1	80	1.4e-23	107.8
Ba_cy_Prsp_XX_015231129_Contig_2349_Len444_OG5_127268	Sr_st_Ptri_002182686Contig9756Len411_OG5_127268	44.2	129	71	1	13	140	7	135	6.4e-27	119.8
Ba_cy_Prsp_XX_015228600_Contig_2174_Len504_OG5_132445	Ba_cy_syne_NP897172_OG5_132445	41.5	135	78	1	10	144	14	147	4.4e-22	103.2
Ba_cy_Prsp_XX_015228767_Contig_1752_Len678_OG5_132019	Ba_pd_cjej_YP002343488_OG5_132019	40.4	230	123	6	1	224	1	222	1.1e-41	168.7
Ba_cy_Prsp_XX_015229184_Contig_352_Len1659_OG5_156261	Op_ic_Sarc_Contig5695length978_OG5_156261	40.5	163	93	2	374	532	72	234	1.2e-25	117.5
Ba_cy_Prsp_XX_015230166_Contig_286_Len1785_OG5_160688	Ba_pb_rsol_NP521011_OG5_160688	34.2	602	358	12	19	590	4	597	4.3e-90	331.6
Ba_cy_Prsp_XX_015228900_Contig_461_Len1500_OG5_135098	Za_ea_aful_NP068894_OG5_135098	35.7	244	135	6	255	490	2	231	5.5e-36	151.0
Ba_cy_Prsp_XX_015228575_Contig_1888_Len621_OG5_136914	Ba_pd_gsul_NP952252_OG5_136914	31.6	174	103	5	8	166	10	182	7.6e-18	90.1
Ba_cy_Prsp_XX_015228982_Contig_679_Len1263_OG5_176182	Ba_pg_vcho_NP_230829_OG5_176182	30.7	420	252	13	12	412	10	409	1.3e-43	176.8
Ba_cy_Prsp_XX_041235919_Contig_662_Len1284_OG5_126679	Ba_cy_syne_NP896354_OG5_126679	71.8	419	116	1	9	427	13	429	1.8e-176	617.5
Ba_cy_Prsp_XX_015230248_Contig_504_Len1434_OG5_126685	Op_me_cpip_CPIJ008289_OG5_126685	38.6	497	275	12	4	474	37	529	1e-87	322.8
Ba_cy_Prsp_XX_015228746_Contig_237_Len1902_OG5_137048	Ba_pa_wend_YP001975138_OG5_137048	34.1	413	217	16	91	475	41	426	1.7e-47	190.3
Ba_cy_Prsp_XX_015228970_Contig_838_Len1143_OG5_127115	Ba_fb_bant_YP021676_OG5_127115	28.7	244	162	7	143	378	167	406	4.5e-24	111.7
Ba_cy_Prsp_XX_015228241_Contig_1171_Len954_OG5_126662	Ba_ac_mlep_YP002503263_OG5_126662	61.9	312	116	2	1	312	1	309	8.5e-109	392.9
Ba_cy_Prsp_XX_015229722_Contig_2704_Len324_OG5_126613	Ba_pa_bsui_NP699080_OG5_126613	52.4	103	49	0	2	104	1	103	2.4e-29	126.7
Ba_cy_Prsp_XX_015228666_Contig_236_Len1902_OG5_134073	Ba_pl_rbal_NP865593_OG5_134073	34.0	530	331	9	4	521	2	524	2.9e-76	285.8
Ba_cy_Prsp_XX_015230736_Contig_140_Len2241_OG5_137364	Ba_fc_cper_YP695368_OG5_137364	34.6	191	125	0	511	701	10	200	1.3e-27	124.4
Ba_cy_Prsp_XX_015230897_Contig_1315_Len885_OG5_140008	Pl_rh_Gsul_005703338Contig3581Len1056_OG5_140008	33.4	299	181	6	1	287	48	340	3.8e-45	180.6
Ba_cy_Prsp_XX_015229953_Contig_1805_Len654_OG5_140259	Pl_rh_cmer_CML155C_OG5_140259	51.7	205	97	1	9	211	50	254	6.2e-53	206.1
Ba_cy_Prsp_XX_041235802_Contig_322_Len1701_OG5_128084	Ba_fb_saur_NP371831_OG5_128084	43.9	362	192	5	200	555	4	360	5.9e-81	301.2
Ba_cy_Prsp_XX_015229508_Contig_1769_Len672_OG5_127485	Ba_pg_vcho_NP230259_OG5_127485	34.9	235	129	8	3	219	2	230	5.1e-28	124.0
Ba_cy_Prsp_XX_015228340_Contig_1043_Len1026_OG5_133199	Ba_th_tmar_NP228354_OG5_133199	35.8	240	154	0	4	243	3	242	1.5e-40	165.6
Ba_cy_Prsp_XX_015231106_Contig_1434_Len828_OG5_126641	Ba_fb_saur_NP372771_OG5_126641	62.2	275	104	0	1	275	1	275	2.6e-96	350.5
Ba_cy_Prsp_XX_015229129_Contig_706_Len1242_OG5_135052	Ba_pa_atum_NP353684_OG5_135052	31.8	421	263	11	2	403	4	419	5.9e-52	203.8
Ba_cy_Prsp_XX_083874358_Contig_1085_Len1005_OG5_129253	Ba_cy_syne_NP897580_OG5_129253	49.0	286	146	0	7	292	6	291	5.6e-77	286.6
Ba_cy_Prsp_XX_015229316_Contig_92_Len2610_OG5_127538	Op_me_isca_EEC02826_OG5_127538	38.2	579	335	9	264	830	15	582	4.3e-105	381.3
Ba_cy_Prsp_XX_015230659_Contig_794_Len1173_OG5_136912	Ba_cy_syne_NP896515_OG5_136912	29.4	371	221	9	24	390	13	346	1.6e-37	156.4
Ba_cy_Prsp_XX_015229634_Contig_1438_Len825_OG5_128803	Op_fu_gzea_FGST11150_OG5_128803	52.6	274	117	5	11	274	264	534	2.6e-74	278.1
Ba_cy_Prsp_XX_041235448_Contig_1078_Len1011_OG5_130678	Sr_st_tpse_estExtGenewise1.Cchr120162_OG5_130678	31.4	331	210	8	4	331	72	388	4.1e-45	181.4
Ba_cy_Prsp_XX_015230967_Contig_449_Len1509_OG5_130277	Ba_cy_syne_NP897099_OG5_130277	68.8	500	156	0	2	501	10	509	3.9e-209	726.9
Ba_cy_Prsp_XX_015230527_Contig_408_Len1569_OG5_134073	Ex_eu_tcru_Tc00.1047053510511.9_OG5_134073	29.3	266	156	10	14	268	15	259	1.2e-16	87.4
Ba_cy_Prsp_XX_015227846_Contig_67_Len2922_OG5_127334	Pl_gr_otau_fgenesh1pm.CChr10.0001000067_OG5_127334	56.2	858	363	6	28	875	15	869	1.9e-290	997.3
Ba_cy_Prsp_XX_015229066_Contig_3181_Len216_OG5_128626	Ba_cy_syne_NP897318_OG5_128626	68.6	70	22	0	2	71	4	73	2.1e-23	107.1
Ba_cy_Prsp_XX_015231040_Contig_440_Len1521_OG5_127099	Ba_pa_rtyp_YP067726_OG5_127099	25.4	449	291	10	63	489	46	472	5.2e-28	125.2
Ba_cy_Prsp_XX_083874355_Contig_297_Len1746_OG5_137048	Ba_pl_rbal_NP864090_OG5_137048	32.8	421	213	24	35	417	48	436	7.3e-42	171.4
Ba_cy_Prsp_XX_015228409_Contig_1493_Len795_OG5_126665	Am_di_Acas_Contig9968length729_OG5_126665	38.4	237	131	6	35	259	7	240	1.3e-33	142.9
Ba_cy_Prsp_XX_041235703_Contig_1624_Len744_OG5_128273	Sr_st_tpse_egw1.2.449.1_OG5_128273	43.9	139	74	1	31	165	91	229	1.4e-23	109.4
Ba_cy_Prsp_XX_015229136_Contig_209_Len1974_OG5_135375	Pl_rh_Gsul_005706568Contig1273Len1857_OG5_135375	37.0	373	218	7	2	360	35	404	5.1e-68	258.5
Ba_cy_Prsp_XX_015230762_Contig_507_Len1431_OG5_131869	Pl_rh_Gsul_005708805Contig1206Len1899_OG5_131869	35.3	346	211	4	1	346	21	353	1.1e-54	213.0
Ba_cy_Prsp_XX_015230423_Contig_897_Len1110_OG5_134784	Ba_pa_atum_NP357438_OG5_134784	26.1	348	218	14	9	354	7	317	1.3e-18	92.8
Ba_cy_Prsp_XX_041235351_Contig_2980_Len252_OG5_127552	Ba_pg_ecol_AP001598_OG5_127552	50.0	82	39	2	1	80	10	91	4.9e-14	75.5
Ba_cy_Prsp_XX_015230869_Contig_2905_Len270_OG5_170894	Ba_cy_syne_NP897174_OG5_170894	47.9	73	38	0	5	77	1	73	1.8e-14	77.0
Ba_cy_Prsp_XX_015229587_Contig_704_Len1245_OG5_163297	Ba_pl_rbal_NP867130_OG5_163297	29.8	396	269	5	2	394	18	407	1.9e-44	179.5
Ba_cy_Prsp_XX_015228707_Contig_1424_Len828_OG5_146661	Sr_st_Ptri_002185933Contig9348Len495_OG5_146661	27.9	165	117	1	45	207	1	165	2.2e-12	72.4
Ba_cy_Prsp_XX_015228371_Contig_1255_Len912_OG5_132442	Ba_th_tmar_NP228234_OG5_132442	29.8	299	190	7	7	297	8	294	1.2e-25	115.9
Ba_cy_Prsp_XX_015229517_Contig_1655_Len729_OG5_130962	Za_ec_mjan_NP248263_OG5_130962	32.0	241	144	5	11	235	16	252	2.3e-29	128.6
Ba_cy_Prsp_XX_015228768_Contig_694_Len1254_OG5_144465	Op_me_nvec_fgenesh1pg.scaffold77000046_OG5_144465	24.6	386	272	10	22	401	23	395	1.6e-20	99.4
Ba_cy_Prsp_XX_015228725_Contig_56_Len3207_OG5_135718	Ba_pb_bmal_YP105698_OG5_135718	25.0	1073	728	23	2	1029	5	1045	1.6e-90	334.0
Ba_cy_Prsp_XX_015229972_Contig_341_Len1677_OG5_129533	Ba_fb_bant_YP017514_OG5_129533	35.7	546	258	17	9	522	2	486	1.5e-81	303.1
Ba_cy_Prsp_XX_015229287_Contig_1386_Len846_OG5_138562	Ba_pa_atum_NP356686_OG5_138562	25.9	185	136	1	82	266	86	269	4.4e-16	84.7
Ba_cy_Prsp_XX_015229913_Contig_782_Len1179_OG5_134723	Ba_fb_saur_NP371219_OG5_134723	23.6	394	275	13	11	392	2	381	7.4e-20	97.1
Ba_cy_Prsp_XX_015230543_Contig_34_Len3975_OG5_128748	Am_ar_einv_EIN103990_OG5_128748	28.2	553	344	17	812	1324	98	637	7e-56	219.2
Ba_cy_Prsp_XX_015229686_Contig_789_Len1176_OG5_132238	Za_ea_aful_NP069245_OG5_132238	52.6	384	179	2	1	384	2	382	2e-112	405.2
Ba_cy_Prsp_XX_015228746_Contig_238_Len1902_OG5_137048	Ba_pa_wend_YP001975138_OG5_137048	34.1	413	217	16	91	475	41	426	1.7e-47	190.3
Ba_cy_Prsp_XX_015229022_Contig_165_Len2133_OG5_127024	Sr_ci_Ptet_001456873Contig13114Len1410_OG5_127024	25.1	311	188	9	2	292	27	312	6e-22	105.5
Ba_cy_Prsp_XX_015228007_Contig_824_Len1152_OG5_126952	Ba_cy_syne_NP896119_OG5_126952	62.1	388	125	6	3	382	2	375	4.5e-133	473.8
Ba_cy_Prsp_XX_015230259_Contig_586_Len1362_OG5_127115	Ba_fc_cbot_YP001785690.1_OG5_127115	28.4	327	182	11	169	450	141	460	5.2e-27	121.7
Ba_cy_Prsp_XX_015230782_Contig_1531_Len780_OG5_127267	Sr_st_Aana_Contig7156length822_OG5_127267	39.0	254	150	3	9	259	16	267	5.7e-47	187.2
Ba_cy_Prsp_XX_015228697_Contig_358_Len1641_OG5_131635	Ba_cy_syne_NP897937_OG5_131635	46.0	533	283	3	14	546	14	541	2e-132	471.5
Ba_cy_Prsp_XX_015229728_Contig_348_Len1665_OG5_137048	Ba_pl_rbal_NP864090_OG5_137048	32.9	416	222	23	35	420	48	436	1.3e-43	177.2
Ba_cy_Prsp_XX_015229098_Contig_1855_Len633_OG5_164651	EE_ha_Ehux_005781322Contig18927Len828_OG5_164651	39.4	236	104	6	14	210	28	263	1.5e-27	121.7
Ba_cy_Prsp_XX_015231089_Contig_1416_Len834_OG5_171559	Ba_cy_syne_NP898004_OG5_171559	49.6	274	135	1	4	277	9	279	4.2e-72	270.8
Ba_cy_Prsp_XX_015229329_Contig_1143_Len972_OG5_147315	Ba_cy_syne_NP898284_OG5_147315	41.1	321	168	9	1	318	7	309	1.1e-60	233.0
Ba_cy_Prsp_XX_015228799_Contig_289_Len1776_OG5_127635	Sr_st_pram_fgenesh1pg.Cscaffold140000016_OG5_127635	35.4	345	209	7	252	588	2	340	1.3e-54	213.8
Ba_cy_Prsp_XX_015229093_Contig_869_Len1122_OG5_128344	Sr_st_Aana_Contig2041length2349_OG5_128344	35.1	407	222	10	4	372	11	413	3.1e-60	231.1
Ba_cy_Prsp_XX_015228129_Contig_1791_Len660_OG5_170758	Ba_pg_vcho_NP231041_OG5_170758	35.7	115	74	0	14	128	5	119	1.2e-13	76.3
Ba_cy_Prsp_XX_015228357_Contig_1052_Len1023_OG5_131993	Pl_gr_atha_NP566180_OG5_131993	49.0	304	130	4	16	310	81	368	8.5e-75	280.0
Ba_cy_Prsp_XX_015229049_Contig_763_Len1194_OG5_132448	Ba_de_drad_NP294005_OG5_132448	29.1	247	158	8	127	365	92	329	2.5e-17	89.4
Ba_cy_Prsp_XX_015228180_Contig_753_Len1203_OG5_127707	Ba_cy_syne_NP898602_OG5_127707	69.7	396	119	1	1	395	1	396	3.5e-160	563.9
Ba_cy_Prsp_XX_071880293_Contig_1277_Len903_OG5_145089	Pl_gr_vcar_XP002959792_OG5_145089	89.7	145	15	0	81	225	1	145	4.1e-73	274.2
Ba_cy_Prsp_XX_015229976_Contig_291_Len1773_OG5_137388	Op_fu_pchr_egww2.6.29.1_OG5_137388	26.8	463	249	23	136	522	103	551	1.7e-17	90.5
Ba_cy_Prsp_XX_015228125_Contig_441_Len1518_OG5_142661	Pl_rh_cmer_CMI130C_OG5_142661	39.7	501	278	7	12	499	57	546	9e-97	353.6
Ba_cy_Prsp_XX_015228543_Contig_995_Len1056_OG5_138689	EE_ha_Ehux_005779685Contig28473Len519_OG5_138689	48.6	173	85	3	8	179	1	170	2.2e-41	169.1
Ba_cy_Prsp_XX_015230753_Contig_822_Len1155_OG5_149537	Pl_gr_rcom_29939.m000548_OG5_149537	36.5	394	226	7	15	384	25	418	2.7e-69	261.9
Ba_cy_Prsp_XX_015229250_Contig_1109_Len990_OG5_142333	Ba_cy_syne_NP897865_OG5_142333	35.8	324	202	4	5	327	11	329	1.5e-50	198.7
Ba_cy_Prsp_XX_015227953_Contig_1906_Len615_OG5_128583	Ba_cy_syne_NP897623_OG5_128583	42.8	201	108	4	4	203	2	196	3e-41	167.2
Ba_cy_Prsp_XX_015230453_Contig_27_Len4350_OG5_140994	Ba_aq_aaeo_NP213485_OG5_140994	37.5	518	281	14	9	509	7	498	1.3e-84	314.7
Ba_cy_Prsp_XX_015227975_Contig_1660_Len726_OG5_159012	Ba_fb_bant_YP017209_OG5_159012	40.3	211	116	2	1	211	1	201	1.7e-37	155.6
Ba_cy_Prsp_XX_015228459_Contig_1259_Len909_OG5_126915	Sr_st_tpse_gw1.9.88.1_OG5_126915	41.2	284	162	3	15	294	1	283	5.8e-51	200.7
Ba_cy_Prsp_XX_015228990_Contig_330_Len1686_OG5_128618	Pl_rh_Gsul_005703559Contig1070Len2001_OG5_128618	52.6	570	251	5	6	557	92	660	8.6e-165	579.7
Ba_cy_Prsp_XX_015230757_Contig_418_Len1551_OG5_144826	Pl_gr_vcar_XP002959487_OG5_144826	54.2	522	222	6	2	511	49	565	3.1e-161	567.8
Ba_cy_Prsp_XX_015229538_Contig_334_Len1683_OG5_126827	Ba_fb_bant_YP016991_OG5_126827	39.5	577	289	20	8	553	5	552	1.2e-110	399.8
Ba_cy_Prsp_XX_015228236_Contig_1814_Len648_OG5_149618	Sr_ci_Ptet_001454184Contig16889Len1182_OG5_149618	27.4	219	127	5	4	191	53	270	6.3e-15	80.5
Ba_cy_Prsp_XX_015230168_Contig_1645_Len735_OG5_130942	Ba_cy_syne_NP896266_OG5_130942	63.8	229	83	0	1	229	1	229	7.5e-81	299.7
Ba_cy_Prsp_XX_015230975_Contig_663_Len1284_OG5_128784	Pl_rh_cmer_CMR349C_OG5_128784	23.6	462	286	14	16	424	99	546	6.9e-21	101.3
Ba_cy_Prsp_XX_015230559_Contig_621_Len1326_OG5_129214	Op_fu_aory_AO090005001183_OG5_129214	37.0	438	264	5	2	429	38	473	3.5e-76	285.0
Ba_cy_Prsp_XX_015228462_Contig_1816_Len648_OG5_155247	Ba_cy_syne_NP897180_OG5_155247	48.8	211	104	3	6	213	14	223	1.2e-47	189.1
Ba_cy_Prsp_XX_015230606_Contig_242_Len1902_OG5_137048	Ba_pa_wend_YP001975138_OG5_137048	35.3	411	211	16	91	473	41	424	1.2e-50	200.7
Ba_cy_Prsp_XX_015227924_Contig_1823_Len645_OG5_126848	Ba_pb_rsol_NP519262_OG5_126848	36.6	205	125	2	1	205	1	200	5.6e-38	156.4
Ba_cy_Prsp_XX_015229370_Contig_2822_Len288_OG5_128452	Pl_gr_otau_gw1.01.00.540.1_OG5_128452	38.4	86	49	1	5	90	1	82	9.8e-13	72.0
Ba_cy_Prsp_XX_015229478_Contig_1215_Len933_OG5_129784	Ba_pa_wend_YP001975173_OG5_129784	30.4	299	189	7	18	306	16	305	2.8e-32	138.7
Ba_cy_Prsp_XX_015229906_Contig_1116_Len987_OG5_130714	Pl_gr_ppat_estExtGenewise1.C340313_OG5_130714	45.9	320	167	3	12	325	253	572	5.1e-75	280.0
Ba_cy_Prsp_XX_015228637_Contig_1034_Len1032_OG5_128228	Op_me_tnig_ENSTNIP00000018610_OG5_128228	49.8	209	88	7	18	211	78	284	5.1e-51	201.1
Ba_cy_Prsp_XX_041235429_Contig_298_Len1746_OG5_149465	Ba_cy_syne_NP897038_OG5_149465	35.0	437	266	6	48	476	17	443	1.4e-61	236.9
Ba_cy_Prsp_XX_015231133_Contig_391_Len1599_OG5_129051	Ba_cy_syne_NP896614_OG5_129051	55.2	520	229	3	3	520	12	529	1.6e-163	574.7
Ba_cy_Prsp_XX_015230724_Contig_797_Len1170_OG5_126887	Ba_cy_syne_NP896818_OG5_126887	74.2	387	100	0	3	389	1	387	1.8e-169	594.7
Ba_cy_Prsp_XX_015228248_Contig_709_Len1239_OG5_146599	Ba_fb_bant_YP018990_OG5_146599	30.6	382	238	4	13	387	7	368	1.3e-46	186.0
Ba_cy_Prsp_XX_015230403_Contig_533_Len1407_OG5_127115	Ba_de_drad_NP051570_OG5_127115	30.5	262	172	4	217	468	153	414	2.1e-31	136.3
Ba_cy_Prsp_XX_015230039_Contig_264_Len1830_OG5_126897	Op_fu_cpos_CPAG00427_OG5_126897	29.4	630	369	24	2	601	162	745	9.1e-59	227.6
Ba_cy_Prsp_XX_015228397_Contig_1733_Len687_OG5_129511	Za_eh_halo_NP281179_OG5_129511	37.9	219	113	6	1	213	8	209	1.5e-30	132.5
Ba_cy_Prsp_XX_015228266_Contig_894_Len1110_OG5_131894	Pl_gr_ppat_egw1.43.175.1_OG5_131894	35.0	383	194	14	30	363	25	401	4.3e-54	210.7
Ba_cy_Prsp_XX_015229314_Contig_1367_Len852_OG5_133965	Pl_gr_ppat_fgenesh1pg.scaffold11516000001_OG5_133965	34.1	132	78	4	32	154	4	135	1.7e-12	72.8
Ba_cy_Prsp_XX_015230787_Contig_778_Len1182_OG5_132238	Ba_aq_aaeo_NP214433_OG5_132238	43.9	387	209	2	10	388	12	398	1e-95	349.7
Ba_cy_Prsp_XX_015230622_Contig_1472_Len810_OG5_126906	Ba_pg_ypes_YP002346935_OG5_126906	33.6	220	124	9	11	223	15	219	2.1e-20	99.0
Ba_cy_Prsp_XX_015228587_Contig_1261_Len909_OG5_140008	Pl_gr_atha_NP568381_OG5_140008	34.3	297	168	6	16	300	77	358	4.5e-41	167.2
Ba_cy_Prsp_XX_015228714_Contig_2091_Len540_OG5_139557	Ba_fc_cbot_YP001788839.1_OG5_139557	30.6	170	113	2	9	178	4	168	2.1e-16	85.1
Ba_cy_Prsp_XX_015230499_Contig_1339_Len870_OG5_146439	Ba_cy_syne_NP896255_OG5_146439	38.4	276	151	6	1	274	3	261	3.2e-46	184.9
Ba_cy_Prsp_XX_015230398_Contig_240_Len1902_OG5_130255	Pl_gr_micr_ACO67658_OG5_130255	32.9	234	143	5	388	611	1	230	3.4e-24	112.8
Ba_cy_Prsp_XX_041235230_Contig_1094_Len999_OG5_129009	Ba_pl_rbal_NP868963_OG5_129009	40.4	332	188	9	1	329	1	325	5.7e-55	214.2
Ba_cy_Prsp_XX_015229533_Contig_304_Len1725_OG5_131036	Ba_cy_syne_NP898456_OG5_131036	58.6	567	229	3	10	574	9	571	6.9e-200	695.7
Ba_cy_Prsp_XX_015229895_Contig_1048_Len1026_OG5_163474	Op_fu_psti_XP001383097_OG5_163474	35.5	301	182	5	8	304	8	300	1.2e-47	189.1
Ba_cy_Prsp_XX_015227838_Contig_589_Len1359_OG5_132291	Ba_cy_syne_NP897629_OG5_132291	53.0	451	204	3	5	447	5	455	4.3e-130	464.2
Ba_cy_Prsp_XX_015230684_Contig_331_Len1686_OG5_127024	Sr_ci_Ptet_001437812Contig13738Len1368_OG5_127024	29.8	255	159	8	17	265	92	332	5.8e-20	98.6
Ba_cy_Prsp_XX_015228465_Contig_622_Len1323_OG5_126863	EE_ap_Ttra_Contig5125length1440_OG5_126863	32.9	295	183	8	148	440	15	296	1e-35	150.6
Ba_cy_Prsp_XX_015229847_Contig_2327_Len450_OG5_132746	Ba_pb_rsol_NP522956_OG5_132746	47.5	139	72	1	5	142	3	141	1.1e-31	135.6
Ba_cy_Prsp_XX_015229070_Contig_3074_Len234_OG5_139567	Ba_cy_syne_NP896616_OG5_139567	45.7	70	37	1	1	70	1	69	2.1e-13	73.9
Ba_cy_Prsp_XX_015229528_Contig_1335_Len873_OG5_130654	Ba_cy_syne_NP898292_OG5_130654	57.2	271	99	5	3	268	16	274	7.2e-83	306.6
Ba_cy_Prsp_XX_015228704_Contig_1516_Len786_OG5_134862	Ba_cy_syne_NP897936_OG5_134862	24.9	257	167	8	17	261	12	254	4.2e-13	74.7
Ba_cy_Prsp_XX_015228255_Contig_600_Len1347_OG5_127109	Za_eb_msmi_YP001273228_OG5_127109	26.2	465	263	16	6	442	7	419	1.3e-33	142.9
Ba_cy_Prsp_XX_015229288_Contig_1313_Len885_OG5_158690	Ba_pg_ypes_YP002347968_OG5_158690	39.3	214	111	5	43	243	9	216	2.6e-33	141.4
Ba_cy_Prsp_XX_015228871_Contig_1028_Len1035_OG5_127216	Ba_cy_syne_NP897713_OG5_127216	69.5	341	103	1	3	343	21	360	6.7e-136	483.0
Ba_cy_Prsp_XX_015228710_Contig_66_Len2925_OG5_127218	Ba_cy_syne_NP896795_OG5_127218	49.8	987	449	14	24	974	5	981	7.4e-257	886.3
Ba_cy_Prsp_XX_015228098_Contig_235_Len1902_OG5_137048	Ba_pa_wend_YP001975138_OG5_137048	34.9	375	198	13	105	457	60	410	8.2e-47	188.0
Ba_cy_Prsp_XX_015227886_Contig_2361_Len435_OG5_127887	Za_cr_msed_YP001191396_OG5_127887	47.9	144	74	1	1	143	1	144	1.7e-32	138.3
Ba_cy_Prsp_XX_015230535_Contig_225_Len1914_OG5_129068	Ba_cy_syne_NP897385_OG5_129068	68.4	626	197	1	1	626	1	625	1.7e-260	897.1
Ba_cy_Prsp_XX_015229419_Contig_258_Len1860_OG5_128850	Ba_pd_wsuc_NP906725_OG5_128850	28.8	631	389	21	14	615	11	610	2.6e-61	236.1
Ba_cy_Prsp_XX_015229652_Contig_1081_Len1008_OG5_144993	Sr_st_tpse_egw1.22.72.1_OG5_144993	38.5	356	177	11	15	332	20	371	1.5e-63	242.7
Ba_cy_Prsp_XX_015229505_Contig_410_Len1566_OG5_127151	Ba_th_tmar_NP228730_OG5_127151	31.5	473	277	17	9	470	8	444	7e-52	204.5
Ba_cy_Prsp_XX_015231100_Contig_232_Len1908_OG5_137048	Ba_pa_wend_YP001975138_OG5_137048	33.2	416	215	17	91	475	41	424	2.2e-47	189.9
Ba_cy_Prsp_XX_015229867_Contig_49_Len3297_OG5_130678	Ba_pl_rbal_NP868743_OG5_130678	23.2	224	151	5	886	1093	107	325	1.5e-11	71.6
Ba_cy_Prsp_XX_015227859_Contig_1245_Len915_OG5_152591	Ba_cy_syne_NP897182_OG5_152591	57.0	302	121	4	1	295	1	300	7.1e-95	345.9
Ba_cy_Prsp_XX_015230523_Contig_1372_Len852_OG5_132025	Ba_cy_syne_NP896651_OG5_132025	44.2	258	140	3	17	274	22	275	7.2e-51	200.3
Ba_cy_Prsp_XX_015230472_Contig_1319_Len882_OG5_128078	Pl_gr_ppat_gw1.59.81.1_OG5_128078	36.9	317	170	8	5	291	15	331	6.9e-49	193.7
Ba_cy_Prsp_XX_015228442_Contig_213_Len1953_OG5_131206	Ba_fb_bant_YP017031_OG5_131206	42.2	651	355	8	1	650	9	639	1.4e-145	516.2
Ba_cy_Prsp_XX_015230104_Contig_1123_Len984_OG5_129567	Ba_bc_ctep_NP662980_OG5_129567	35.1	313	175	5	9	319	39	325	1.4e-50	199.5
Ba_cy_Prsp_XX_015229506_Contig_1695_Len711_OG5_128345	Ba_bc_ctep_NP662510_OG5_128345	35.1	168	100	4	12	173	93	257	5.4e-18	90.1
Ba_cy_Prsp_XX_015229923_Contig_655_Len1290_OG5_128117	Op_fu_afum_Afu4g12010_OG5_128117	25.6	442	295	11	3	429	35	457	4.5e-28	125.2
Ba_cy_Prsp_XX_015230914_Contig_798_Len1170_OG5_168746	Ba_pa_wend_YP001975579_OG5_168746	33.9	383	226	10	3	376	4	368	1e-52	206.8
Ba_cy_Prsp_XX_015229120_Contig_2441_Len405_OG5_126884	Pl_gr_micr_ACO66099_OG5_126884	58.2	134	50	1	1	134	1	128	8.9e-34	141.7
Ba_cy_Prsp_XX_015230020_Contig_1844_Len639_OG5_128013	Ba_cy_syne_NP898325_OG5_128013	33.7	178	109	2	1	169	1	178	3e-17	88.2
Ba_cy_Prsp_XX_015230116_Contig_783_Len1179_OG5_143068	Pl_gr_otau_egw1.05.00.180.1_OG5_143068	40.0	350	195	5	53	390	10	356	3.5e-72	271.6
Ba_cy_Prsp_XX_015231038_Contig_509_Len1431_OG5_130796	Ba_pl_rbal_NP869127_OG5_130796	34.5	466	272	10	4	450	1	452	1.5e-77	289.7
Ba_cy_Prsp_XX_015229146_Contig_1183_Len948_OG5_130885	Ba_fc_cbot_YP001785450.1_OG5_130885	37.4	289	161	6	8	296	5	273	1.6e-43	176.0
Ba_cy_Prsp_XX_015228435_Contig_2322_Len450_OG5_132519	Ex_he_Ngru_Contig12911length618_OG5_132519	32.1	134	88	1	1	131	9	142	1.5e-15	82.0
Ba_cy_Prsp_XX_015227980_Contig_2776_Len300_OG5_128452	Pl_gr_otau_gw1.01.00.540.1_OG5_128452	37.9	87	54	0	5	91	1	87	5.4e-14	76.3
Ba_cy_Prsp_XX_015228517_Contig_530_Len1407_OG5_138689	Ba_fb_spne_NP345794_OG5_138689	29.9	415	236	14	29	419	5	388	1.5e-37	156.8
Ba_cy_Prsp_XX_015228853_Contig_1065_Len1017_OG5_135091	Ba_cy_syne_NP897068_OG5_135091	39.1	325	177	7	1	325	1	304	1.2e-58	225.7
Ba_cy_Prsp_XX_015228797_Contig_1689_Len714_OG5_127728	Ba_cd_cpne_NP224262_OG5_127728	36.0	214	133	3	7	220	17	226	1.5e-25	115.9
Ba_cy_Prsp_XX_015228800_Contig_1076_Len1011_OG5_150032	Ba_pb_rsol_NP518342_OG5_150032	30.2	192	118	3	2	181	4	191	1.9e-18	92.8
Ba_cy_Prsp_XX_015227970_Contig_1514_Len786_OG5_126812	Ba_pg_cbur_NP819942_OG5_126812	35.6	247	150	4	1	246	19	257	5.4e-35	146.7
Ba_cy_Prsp_XX_015229298_Contig_979_Len1062_OG5_172392	Pl_gr_micr_ACO55528_OG5_172392	85.8	353	48	2	1	353	1	351	4.2e-184	642.5
Ba_cy_Prsp_XX_015230302_Contig_1697_Len711_OG5_126778	Ba_bc_ctep_NP662960_OG5_126778	31.1	225	143	4	7	230	9	222	1.3e-26	119.4
Ba_cy_Prsp_XX_015230125_Contig_412_Len1563_OG5_131401	Pl_gr_ppat_egw1.265.9.1_OG5_131401	39.2	232	133	5	287	512	1	230	9.7e-44	176.8
Ba_cy_Prsp_XX_015230727_Contig_471_Len1485_OG5_131759	Ba_ac_mtub_NP216831_OG5_131759	38.7	486	282	7	12	491	18	493	7.2e-91	334.0
Ba_cy_Prsp_XX_015231014_Contig_540_Len1401_OG5_126686	Op_me_tadh_egw1.30.12.1_OG5_126686	33.7	338	191	13	124	441	106	430	4.4e-37	155.2
Ba_cy_Prsp_XX_015230284_Contig_2260_Len474_OG5_143133	Ba_cy_syne_NP897126_OG5_143133	31.8	154	89	4	4	157	1	138	1.2e-15	82.4
Ba_cy_Prsp_XX_015230915_Contig_641_Len1302_OG5_129427	Ba_cy_syne_NP897900_OG5_129427	72.8	427	116	0	7	433	1	427	3.4e-185	647.1
Ba_cy_Prsp_XX_015230124_Contig_615_Len1335_OG5_126873	Ba_fc_cbot_YP001786168.1_OG5_126873	32.5	194	120	4	224	412	1	188	2.7e-20	99.4
Ba_cy_Prsp_XX_015230069_Contig_361_Len1638_OG5_149465	Ba_cy_syne_NP897038_OG5_149465	27.3	403	270	6	29	422	36	424	9.9e-41	167.5
Ba_cy_Prsp_XX_015230005_Contig_227_Len1911_OG5_140059	Ba_cy_syne_NP896762_OG5_140059	42.9	623	340	9	17	635	27	637	2.8e-135	481.9
Ba_cy_Prsp_XX_015231127_Contig_2610_Len351_OG5_146611	Pl_gr_osat_NP001055758_OG5_146611	45.8	107	58	0	8	114	3	109	1.7e-19	94.7
Ba_cy_Prsp_XX_015230119_Contig_160_Len2151_OG5_134777	Ba_pd_gsul_NP951637_OG5_134777	36.9	712	416	12	5	714	6	686	8.5e-123	439.9
Ba_cy_Prsp_XX_015229643_Contig_844_Len1140_OG5_138303	Ba_fb_spne_NP346273_OG5_138303	23.5	361	238	9	16	363	14	349	5.5e-22	104.8
Ba_cy_Prsp_XX_015229468_Contig_1288_Len897_OG5_133394	Pl_gr_rcom_29905.m000422_OG5_133394	34.1	246	138	8	56	298	23	247	7e-31	133.3
Ba_cy_Prsp_XX_015229315_Contig_2780_Len300_OG5_139231	Pl_gr_atha_NP196562_OG5_139231	53.4	88	40	1	3	90	53	139	6.4e-21	98.6
Ba_cy_Prsp_XX_015230022_Contig_681_Len1263_OG5_131553	Ba_ch_deth_YP181520_OG5_131553	36.8	416	247	10	2	408	1	409	2.3e-66	252.3
Ba_cy_Prsp_XX_015229957_Contig_776_Len1182_OG5_132238	Ba_cy_syne_NP897968_OG5_132238	44.2	391	211	3	1	386	1	389	4.6e-88	324.3
Ba_cy_Prsp_XX_015229320_Contig_376_Len1614_OG5_133531	Ba_cy_syne_NP896350_OG5_133531	52.1	541	243	9	2	537	12	541	8.5e-144	509.2
Ba_cy_Prsp_XX_015228564_Contig_699_Len1248_OG5_155576	Ba_pa_bsui_NP700020_OG5_155576	30.4	447	254	16	6	413	38	466	2e-49	196.1
Ba_cy_Prsp_XX_015229264_Contig_1540_Len774_OG5_132144	Ba_fb_bant_YP018050_OG5_132144	46.0	239	126	1	1	239	1	236	1.9e-55	215.3
Ba_cy_Prsp_XX_015230639_Contig_139_Len2241_OG5_146642	Ba_pg_ecol_AP004260_OG5_146642	30.9	674	420	19	71	725	170	816	1.4e-82	307.0
Ba_cy_Prsp_XX_015230246_Contig_1082_Len1008_OG5_127036	Ba_cy_syne_NP897693_OG5_127036	61.6	328	125	1	7	334	9	335	4.1e-114	410.6
Ba_cy_Prsp_XX_015228025_Contig_1205_Len936_OG5_128726	Ba_cy_syne_NP897565_OG5_128726	51.2	301	139	2	5	304	15	308	7.2e-87	319.3
Ba_cy_Prsp_XX_015228849_Contig_363_Len1629_OG5_160471	Ba_cy_syne_NP897051_OG5_160471	29.8	295	188	7	254	542	97	378	6.2e-35	148.3
Ba_cy_Prsp_XX_015231003_Contig_1509_Len792_OG5_127485	Ba_pa_atum_NP356408_OG5_127485	44.0	209	110	3	3	208	6	210	1.2e-39	162.9
Ba_cy_Prsp_XX_083874507_Contig_83_Len2691_OG5_144409	Op_fu_aory_AO090701000184_OG5_144409	25.4	405	269	13	227	612	151	541	4.6e-25	115.5
Ba_cy_Prsp_XX_015229377_Contig_1314_Len885_OG5_130278	Ba_pa_atum_NP356089_OG5_130278	21.8	275	205	5	19	292	19	284	9.5e-14	77.0
Ba_cy_Prsp_XX_015230552_Contig_444_Len1512_OG5_126746	Op_me_apis_XP001945792_OG5_126746	36.9	510	304	8	3	501	22	524	1.5e-96	352.8
Ba_cy_Prsp_XX_015230076_Contig_1264_Len909_OG5_128345	Ba_cy_syne_NP897122_OG5_128345	49.7	286	139	3	13	294	138	422	4.6e-70	263.5
Ba_cy_Prsp_XX_015229484_Contig_2508_Len381_OG5_126613	Ba_de_drad_NP294668_OG5_126613	34.3	105	63	3	5	109	38	136	8.2e-13	72.0
Ba_cy_Prsp_XX_015231005_Contig_1038_Len1032_OG5_136081	Ba_cy_syne_NP897508_OG5_136081	57.3	342	132	5	1	342	1	328	2.4e-107	387.5
Ba_cy_Prsp_XX_015229294_Contig_1458_Len816_OG5_128046	Ba_aq_aaeo_NP214378_OG5_128046	47.4	274	131	1	1	261	1	274	4.6e-71	267.3
Ba_cy_Prsp_XX_015227957_Contig_1173_Len951_OG5_127332	Ba_pb_rsol_NP520807_OG5_127332	26.9	264	182	7	22	283	19	273	4.7e-17	87.4
Ba_cy_Prsp_XX_015230619_Contig_1234_Len924_OG5_129938	Op_me_trub_ENSTRUP00000015330_OG5_129938	52.5	278	131	1	3	280	1	277	9.4e-81	299.7
Ba_cy_Prsp_XX_015228869_Contig_1396_Len840_OG5_128394	Op_me_drer_ENSDARP00000100291_OG5_128394	30.9	230	137	6	54	278	62	274	1.8e-25	115.9
Ba_cy_Prsp_XX_015227889_Contig_469_Len1485_OG5_128784	Sr_st_tpse_estExtgwpgw1.Cchr200110_OG5_128784	27.8	472	296	14	34	472	61	520	5.9e-40	164.9
Ba_cy_Prsp_XX_015228555_Contig_1456_Len816_OG5_130330	Za_eh_halo_NP395774_OG5_130330	36.1	241	145	5	27	261	12	249	2.4e-35	148.7
Ba_cy_Prsp_XX_015231113_Contig_2546_Len369_OG5_126678	Ba_pg_ftul_YP169384_OG5_126678	55.7	122	54	0	1	122	1	122	2.9e-31	133.3
Ba_cy_Prsp_XX_015229194_Contig_68_Len2883_OG5_126684	Op_ic_Cowc_004343303Contig1205Len3237_OG5_126684	43.3	979	474	20	37	952	57	1017	4.3e-223	773.5
Ba_cy_Prsp_XX_015229932_Contig_308_Len1722_OG5_131666	Sr_st_Aana_Contig2856length1833_OG5_131666	33.6	539	333	10	40	560	36	567	1.5e-74	279.3
Ba_cy_Prsp_XX_015229400_Contig_743_Len1209_OG5_127413	Ba_aq_aaeo_NP214198_OG5_127413	42.6	404	201	8	8	402	10	391	1.3e-85	316.2
Ba_cy_Prsp_XX_015230277_Contig_1524_Len783_OG5_158690	Ba_pb_bmal_YP105786_OG5_158690	36.9	233	124	6	18	234	4	229	5.8e-29	126.7
Ba_cy_Prsp_XX_015228134_Contig_367_Len1623_OG5_127343	Ba_ac_mlep_YP002503004_OG5_127343	50.9	536	257	4	1	532	1	534	3e-146	518.1
Ba_cy_Prsp_XX_015228593_Contig_75_Len2766_OG5_131890	Ba_cy_syne_NP898468_OG5_131890	48.6	259	115	4	5	262	24	265	2.7e-62	240.0
Ba_cy_Prsp_XX_015230418_Contig_2080_Len546_OG5_128273	Sr_st_Pinf_002895988Contig13119Len543_OG5_128273	33.8	148	80	4	39	176	37	176	2.6e-14	78.2
Ba_cy_Prsp_XX_015230907_Contig_1274_Len906_OG5_131993	Ba_pa_atum_NP355295_OG5_131993	32.2	286	176	5	13	290	9	284	1.9e-33	142.5
Ba_cy_Prsp_XX_015228807_Contig_231_Len1908_OG5_127775	Pl_rh_cmer_CMF066C_OG5_127775	62.4	635	229	5	4	629	101	734	2.4e-232	804.3
Ba_cy_Prsp_XX_015228350_Contig_1148_Len969_OG5_134637	Sr_ch_Vbra_Contig12842length1068_OG5_134637	50.8	313	145	5	2	312	41	346	2.8e-83	308.1
Ba_cy_Prsp_XX_015229140_Contig_1333_Len873_OG5_169583	Ba_cy_syne_NP896386_OG5_169583	55.5	281	125	0	10	290	21	301	4.2e-97	353.2
Ba_cy_Prsp_XX_015230295_Contig_2114_Len531_OG5_149273	Pl_gr_atha_NP192673_OG5_149273	31.8	148	87	4	10	145	87	232	1.2e-11	69.3
Ba_cy_Prsp_XX_015227977_Contig_120_Len2364_OG5_149618	Pl_gr_rcom_27490.m000042_OG5_149618	40.2	251	142	6	528	775	1	246	3.2e-40	166.4
Ba_cy_Prsp_XX_015230902_Contig_448_Len1509_OG5_156718	Ba_pg_vcho_NP233195_OG5_156718	36.2	508	298	13	6	499	9	504	5.5e-86	317.8
Ba_cy_Prsp_XX_015230412_Contig_248_Len1890_OG5_126842	Ba_cy_syne_NP896240_OG5_126842	59.7	637	239	7	1	629	1	627	1.9e-205	714.9
Ba_cy_Prsp_XX_015228601_Contig_1955_Len591_OG5_135742	Ba_fc_cbot_YP001787638.1_OG5_135742	33.6	128	77	3	47	166	35	162	8.2e-14	76.6
Ba_cy_Prsp_XX_015228648_Contig_462_Len1497_OG5_143116	Pl_gr_atha_NP193016_OG5_143116	43.2	139	77	2	353	490	72	209	6.7e-28	124.8
Ba_cy_Prsp_XX_015230585_Contig_2888_Len273_OG5_127361	Ba_cy_syne_NP896641_OG5_127361	67.9	84	24	2	1	81	1	84	7.8e-26	114.8
Ba_cy_Prsp_XX_015228477_Contig_145_Len2217_OG5_151231	Pl_rh_cmer_CMV136C_OG5_151231	79.8	739	141	3	1	738	1	732	0	1274.6
Ba_cy_Prsp_XX_015228098_Contig_233_Len1902_OG5_137048	Ba_pa_wend_YP001975138_OG5_137048	34.9	375	198	13	105	457	60	410	8.2e-47	188.0
Ba_cy_Prsp_XX_015229458_Contig_647_Len1296_OG5_126698	Ba_cy_syne_NP898437_OG5_126698	66.9	426	139	2	5	430	6	429	1.6e-158	558.5
Ba_cy_Prsp_XX_015228368_Contig_720_Len1230_OG5_126631	Op_fu_ebie_EBI24216_OG5_126631	26.7	449	261	15	15	405	13	451	9.8e-33	140.6
Ba_cy_Prsp_XX_015229791_Contig_649_Len1296_OG5_128176	Ba_aq_aaeo_NP213416_OG5_128176	51.4	432	206	2	1	429	1	431	7.1e-125	446.0
Ba_cy_Prsp_XX_015228376_Contig_537_Len1401_OG5_126785	Sr_ci_Scer_OMJ70690Contig10231Len1338_OG5_126785	24.5	355	253	6	70	419	76	420	1.4e-22	107.1
Ba_cy_Prsp_XX_015228483_Contig_524_Len1416_OG5_144424	Sr_ap_cmur_CMU041190_OG5_144424	29.0	300	175	13	178	453	227	512	5.8e-21	101.7
Ba_cy_Prsp_XX_015229545_Contig_1180_Len951_OG5_130678	Za_ec_mjan_NP248049_OG5_130678	35.6	323	191	8	2	314	4	319	7.5e-49	193.7
Ba_cy_Prsp_XX_015229728_Contig_349_Len1665_OG5_137048	Ba_pl_rbal_NP864090_OG5_137048	32.9	416	222	23	35	420	48	436	1.3e-43	177.2
Ba_cy_Prsp_XX_015228589_Contig_1461_Len813_OG5_126939	Ba_pl_rbal_NP864707_OG5_126939	39.0	287	148	5	7	266	67	353	1.6e-60	232.3
Ba_cy_Prsp_XX_015230835_Contig_508_Len1431_OG5_126785	Ba_pg_ftul_YP169945_OG5_126785	31.7	464	293	12	6	465	6	449	1.5e-56	219.9
Ba_cy_Prsp_XX_015229703_Contig_761_Len1197_OG5_126915	Sr_st_tpse_gw1.9.88.1_OG5_126915	46.7	289	148	2	12	296	1	287	2.5e-70	265.4
Ba_cy_Prsp_XX_015229199_Contig_665_Len1281_OG5_131759	Za_cr_ssol_NP342175_OG5_131759	24.6	228	163	4	188	412	193	414	1.5e-15	83.6
Ba_cy_Prsp_XX_015230073_Contig_815_Len1158_OG5_128943	Ba_cy_syne_NP897119_OG5_128943	57.4	378	157	3	5	380	5	380	6.6e-122	436.0
Ba_cy_Prsp_XX_015228061_Contig_279_Len1794_OG5_134712	Ba_pg_cbur_NP819853_OG5_134712	32.1	605	395	10	1	597	1	597	1.2e-85	316.2
Ba_cy_Prsp_XX_015230306_Contig_2749_Len309_OG5_143119	Pl_gr_osat_NP001052589_OG5_143119	59.4	101	41	0	2	102	62	162	4.7e-29	126.3
Ba_cy_Prsp_XX_015228448_Contig_1783_Len663_OG5_153283	Pl_rh_Gsul_005709326Contig4175Len924_OG5_153283	29.9	224	129	7	10	207	71	292	2.9e-21	100.9
Ba_cy_Prsp_XX_015230716_Contig_854_Len1134_OG5_165291	Ba_fc_cbot_YP001788745.1_OG5_165291	35.7	373	216	6	11	375	5	361	2.8e-66	251.9
Ba_cy_Prsp_XX_015228526_Contig_515_Len1425_OG5_126609	Ba_fb_lmon_NP465197_OG5_126609	34.2	365	207	13	95	450	121	461	5.2e-46	184.9
Ba_cy_Prsp_XX_015227951_Contig_2104_Len534_OG5_128273	Op_fu_aory_AO090012000888_OG5_128273	34.9	129	72	4	19	146	101	218	2e-11	68.6
Ba_cy_Prsp_XX_015229065_Contig_195_Len2004_OG5_137369	Pl_gr_osat_NP001044770_OG5_137369	37.7	438	257	7	1	422	124	561	3.2e-76	285.0
Ba_cy_Prsp_XX_015229367_Contig_653_Len1290_OG5_131269	Ba_pb_bmal_YP104075_OG5_131269	29.8	349	206	12	55	373	5	344	3.4e-26	118.2
Ba_cy_Prsp_XX_015229045_Contig_1046_Len1026_OG5_133538	Ba_bc_ctep_NP661739_OG5_133538	27.6	315	222	3	20	333	39	348	1.7e-33	142.1
Ba_cy_Prsp_XX_015228421_Contig_387_Len1599_OG5_137048	Ba_ac_mtub_NP214585_OG5_137048	38.8	160	84	6	93	241	20	176	2.3e-18	93.2
Ba_cy_Prsp_XX_015228381_Contig_1310_Len885_OG5_128895	Ba_ac_mlep_YP002503212_OG5_128895	36.2	298	168	9	2	288	6	292	7e-41	167.2
Ba_cy_Prsp_XX_015228711_Contig_1942_Len597_OG5_127887	Ex_pa_tvag_TVAG487570_OG5_127887	36.6	191	102	4	6	192	7	182	1.4e-29	129.0
Ba_cy_Prsp_XX_015229616_Contig_582_Len1365_OG5_133292	Op_me_phum_PHUM390870_OG5_133292	27.4	317	209	9	57	363	4	309	1.2e-20	100.5
Ba_cy_Prsp_XX_015228175_Contig_1239_Len918_OG5_149618	Sr_ci_Ptet_001454184Contig16889Len1182_OG5_149618	26.3	236	157	6	49	275	104	331	1.9e-12	72.8
Ba_cy_Prsp_XX_071880292_Contig_1025_Len1038_OG5_130058	Ba_aq_aaeo_NP214263_OG5_130058	47.4	340	172	3	7	344	29	363	1.8e-88	325.5
Ba_cy_Prsp_XX_015227945_Contig_407_Len1569_OG5_127742	Za_ec_mjan_NP247593_OG5_127742	35.7	154	87	5	363	509	28	176	3.8e-13	75.9
Ba_cy_Prsp_XX_015227897_Contig_149_Len2202_OG5_144409	Op_fu_aory_AO090701000184_OG5_144409	28.3	491	284	18	249	727	100	534	7.3e-37	154.5
Ba_cy_Prsp_XX_015229501_Contig_535_Len1404_OG5_141336	Ba_cy_syne_NP896110_OG5_141336	43.2	440	236	3	27	466	24	449	2.1e-100	365.5
Ba_cy_Prsp_XX_015231088_Contig_1497_Len795_OG5_127728	Ba_cy_syne_NP896247_OG5_127728	38.4	229	138	3	36	262	5	232	1.3e-33	142.9
Ba_cy_Prsp_XX_015230805_Contig_2147_Len516_OG5_132913	Ba_pb_bpse_YP333738.1_OG5_132913	49.4	156	78	1	2	157	19	173	6.9e-41	166.4
Ba_cy_Prsp_XX_015228431_Contig_478_Len1470_OG5_126686	Ba_cy_syne_NP896348_OG5_126686	49.9	489	205	13	4	461	6	485	6.9e-126	450.3
Ba_cy_Prsp_XX_015229108_Contig_178_Len2055_OG5_126588	Ex_fo_glam_GL5080317121_OG5_126588	43.2	628	320	14	4	602	30	649	4.7e-133	474.6
Ba_cy_Prsp_XX_015230192_Contig_1724_Len696_OG5_156431	Ba_pg_ecol_AP004587_OG5_156431	37.1	197	122	2	8	204	3	197	7.4e-38	156.8
Ba_cy_Prsp_XX_015230133_Contig_1996_Len576_OG5_135185	Ba_de_drad_NP295436_OG5_135185	48.4	186	85	4	7	184	21	203	4.8e-43	173.7
Ba_cy_Prsp_XX_015228739_Contig_208_Len1974_OG5_163246	Za_cr_ssol_NP343596_OG5_163246	34.8	399	229	11	258	655	193	561	5.3e-55	214.5
Ba_cy_Prsp_XX_015229153_Contig_673_Len1275_OG5_127233	Ba_ch_deth_YP181257_OG5_127233	57.8	415	174	1	9	423	5	418	2.2e-141	501.5
Ba_cy_Prsp_XX_015230390_Contig_950_Len1080_OG5_129214	Ba_pl_rbal_NP867402_OG5_129214	65.5	333	115	0	1	333	1	333	3.5e-127	454.1
Ba_cy_Prsp_XX_015229655_Contig_1140_Len975_OG5_138689	EE_ha_Ehux_005779685Contig28473Len519_OG5_138689	47.2	176	85	3	11	185	1	169	2.3e-37	155.6
Ba_cy_Prsp_XX_015229619_Contig_996_Len1056_OG5_147239	Pl_rh_cmer_CMV149C_OG5_147239	55.9	345	138	4	7	350	2	333	6.9e-112	403.3
Ba_cy_Prsp_XX_083874364_Contig_293_Len1761_OG5_137048	Ba_pl_rbal_NP864090_OG5_137048	33.3	417	223	21	35	422	48	438	6e-44	178.3
Ba_cy_Prsp_XX_015230985_Contig_490_Len1455_OG5_127099	Ba_th_tmar_NP229410_OG5_127099	66.9	477	148	3	6	482	2	468	1.1e-181	635.6
Ba_cy_Prsp_XX_015230088_Contig_1937_Len600_OG5_143129	Pl_gr_ppat_estExtGenewise1.C2240062_OG5_143129	30.3	208	121	5	2	199	69	262	2.4e-21	101.7
Ba_cy_Prsp_XX_015227888_Contig_856_Len1131_OG5_128304	Pl_rh_cmer_CME064C_OG5_128304	69.4	363	110	1	1	362	47	409	2.3e-145	514.6
Ba_cy_Prsp_XX_015228284_Contig_941_Len1083_OG5_172392	Ba_cy_syne_NP898321_OG5_172392	33.0	312	184	9	1	302	1	297	2.3e-44	178.3
Ba_cy_Prsp_XX_015228370_Contig_2263_Len471_OG5_127867	Ba_ac_mlep_YP002503899_OG5_127867	53.8	156	72	0	1	156	1	156	2.5e-45	181.0
Ba_cy_Prsp_XX_015227914_Contig_1468_Len810_OG5_138412	Pl_gr_micr_ACO67669_OG5_138412	32.8	183	108	4	68	237	83	263	1.2e-15	83.2
Ba_cy_Prsp_XX_015229826_Contig_2178_Len504_OG5_141647	Pl_gr_otau_egw1.04.00.462.1_OG5_141647	45.2	157	66	3	31	167	3	159	1.2e-29	129.0
Ba_cy_Prsp_XX_015229667_Contig_1871_Len630_OG5_128441	Za_cr_smar_YP001041536_OG5_128441	34.2	114	67	2	91	196	4	117	5.3e-11	67.4
Ba_cy_Prsp_XX_015229100_Contig_968_Len1068_OG5_147314	EE_ha_Ehux_005788015Contig13421Len1047_OG5_147314	32.6	313	181	12	58	354	11	309	7.6e-50	197.2
Ba_cy_Prsp_XX_015228677_Contig_800_Len1167_OG5_130714	Ba_cy_syne_NP897874_OG5_130714	75.5	380	87	2	10	387	96	471	4.4e-150	529.6
Ba_cy_Prsp_XX_015228883_Contig_1731_Len690_OG5_126906	Ex_eu_linf_LinJ.11.0040_OG5_126906	37.3	204	124	2	25	225	23	225	1.2e-35	149.4
Ba_cy_Prsp_XX_015230370_Contig_817_Len1158_OG5_168746	Ba_pa_wend_YP001975579_OG5_168746	36.3	388	220	13	5	384	4	372	3.8e-55	214.9
Ba_cy_Prsp_XX_015228284_Contig_938_Len1083_OG5_172392	Ba_cy_syne_NP898321_OG5_172392	33.0	312	184	9	1	302	1	297	2.3e-44	178.3
Ba_cy_Prsp_XX_015230532_Contig_1079_Len1011_OG5_127531	Ba_cy_syne_NP897568_OG5_127531	67.9	333	106	1	1	332	1	333	8.3e-129	458.8
Ba_cy_Prsp_XX_015230220_Contig_1554_Len771_OG5_130330	Ba_cy_syne_NP898569_OG5_130330	46.5	258	129	4	1	255	1	252	8.2e-62	236.5
Ba_cy_Prsp_XX_015229371_Contig_3271_Len201_OG5_130370	Ba_cy_syne_NP896153_OG5_130370	60.9	64	25	0	1	64	1	64	7e-16	81.3
Ba_cy_Prsp_XX_015230291_Contig_1377_Len849_OG5_127436	Ba_cy_syne_NP898427_OG5_127436	41.0	273	119	11	10	282	13	243	4.2e-43	174.5
Ba_cy_Prsp_XX_015230906_Contig_1064_Len1020_OG5_135838	Ba_cy_syne_NP896186_OG5_135838	51.3	158	65	3	2	157	1	148	4.3e-34	144.8
Ba_cy_Prsp_XX_015230258_Contig_1759_Len678_OG5_132290	Ba_fc_cper_YP696918_OG5_132290	37.3	225	135	3	1	220	1	224	1e-36	152.9
Ba_cy_Prsp_XX_015229235_Contig_493_Len1452_OG5_127621	Ba_cy_syne_NP897917_OG5_127621	56.6	479	203	3	3	479	2	477	4.6e-159	560.5
Ba_cy_Prsp_XX_015230110_Contig_513_Len1428_OG5_141724	Ba_cy_syne_NP897019_OG5_141724	35.0	180	114	2	130	309	59	235	1.9e-25	115.9
Ba_cy_Prsp_XX_015228136_Contig_1597_Len753_OG5_141116	Ba_pa_atum_NP354882_OG5_141116	37.6	258	141	6	9	249	7	261	9.4e-37	152.5
Ba_cy_Prsp_XX_015228639_Contig_1217_Len930_OG5_136069	Op_fu_lbic_eu2.Lbscf0010g00240_OG5_136069	36.9	217	127	8	55	268	91	300	5.1e-26	117.9
Ba_cy_Prsp_XX_015230904_Contig_561_Len1386_OG5_129066	Sr_ch_Vbra_Contig7793length1611_OG5_129066	42.5	466	259	7	1	460	62	524	5.8e-109	393.3
Ba_cy_Prsp_XX_015228154_Contig_977_Len1062_OG5_172392	Pl_gr_micr_ACO55528_OG5_172392	85.8	353	48	2	1	353	1	351	4.2e-184	642.5
Ba_cy_Prsp_XX_015230405_Contig_77_Len2745_OG5_144409	Pl_gr_rcom_29848.m004482_OG5_144409	25.1	517	308	19	432	906	147	626	1.4e-29	130.6
Ba_cy_Prsp_XX_015229635_Contig_1648_Len732_OG5_155475	Op_fu_ncra_NCU10106T0_OG5_155475	33.0	179	108	3	59	225	95	273	8.3e-24	110.2
Ba_cy_Prsp_XX_015228292_Contig_1246_Len915_OG5_126654	EE_ha_Ehux_005759765Contig12053Len1116_OG5_126654	35.5	290	148	9	11	265	32	317	4.7e-40	164.5
Ba_cy_Prsp_XX_015229023_Contig_275_Len1806_OG5_133524	Ba_cy_syne_NP896145_OG5_133524	44.5	580	308	9	31	599	7	583	1.1e-128	459.9
Ba_cy_Prsp_XX_015228122_Contig_1732_Len687_OG5_134854	Ba_cy_syne_NP897741_OG5_134854	73.2	220	52	2	8	226	3	216	2.2e-87	321.2
Ba_cy_Prsp_XX_015228206_Contig_1520_Len783_OG5_128441	Ba_pb_rsol_NP518605_OG5_128441	56.0	243	104	2	19	259	1	242	4.8e-70	263.8
Ba_cy_Prsp_XX_015228980_Contig_1501_Len792_OG5_155248	Za_cr_hbut_YP001013211_OG5_155248	36.4	242	142	6	10	249	26	257	8.4e-38	156.8
Ba_cy_Prsp_XX_015229270_Contig_931_Len1089_OG5_146694	Pl_gr_ppat_fgenesh1pm.scaffold303000004_OG5_146694	31.4	338	218	6	8	335	1	334	4.2e-40	164.9
Ba_cy_Prsp_XX_015228567_Contig_419_Len1548_OG5_153298	Sr_di_Smic_Contig16893length1935_OG5_153298	38.4	528	291	11	16	513	98	621	1.4e-100	366.3
Ba_cy_Prsp_XX_015229613_Contig_717_Len1236_OG5_139285	Op_me_nvec_fgenesh1pm.scaffold133000009_OG5_139285	43.6	399	216	7	7	397	2	399	4.5e-94	344.4
Ba_cy_Prsp_XX_015227927_Contig_116_Len2397_OG5_132714	Pl_gr_atha_NP176687_OG5_132714	31.6	810	485	25	2	766	46	831	3.3e-101	369.0
Ba_cy_Prsp_XX_015229312_Contig_244_Len1899_OG5_160211	Pl_gr_ppat_estExt_Genewise1.C_2010022_OG5_160211	45.5	389	182	8	34	418	90	452	3.7e-79	295.4
Ba_cy_Prsp_XX_015228866_Contig_299_Len1740_OG5_141365	Ba_ac_mtub_NP215789_OG5_141365	28.5	564	386	7	6	559	3	559	9.8e-63	240.7
Ba_cy_Prsp_XX_015228045_Contig_217_Len1938_OG5_129763	Ba_pg_ecol_AP000810_OG5_129763	32.2	547	345	11	109	641	227	761	1.3e-71	270.4
Ba_cy_Prsp_XX_015230234_Contig_612_Len1338_OG5_128563	Ba_sp_tpal_NP219066_OG5_128563	36.7	477	243	13	14	444	5	468	5.8e-63	241.1
Ba_cy_Prsp_XX_041235646_Contig_1525_Len780_OG5_126906	Ba_cy_syne_NP897965_OG5_126906	61.2	224	87	0	20	243	4	227	8.2e-78	289.7
Ba_cy_Prsp_XX_015230830_Contig_502_Len1437_OG5_128904	Ba_pg_vcho_NP231565_OG5_128904	35.4	407	239	9	12	412	26	414	1.3e-63	243.4
Ba_cy_Prsp_XX_041235898_Contig_1023_Len1041_OG5_133115	Ba_cy_syne_NP896217_OG5_133115	69.1	337	103	1	3	339	2	337	6.2e-129	459.9
Ba_cy_Prsp_XX_015230599_Contig_401_Len1584_OG5_129156	Ba_pg_vcho_NP232555_OG5_129156	27.7	519	319	22	14	504	5	495	4.3e-41	168.7
Ba_cy_Prsp_XX_015229573_Contig_1575_Len762_OG5_147282	Pl_gr_micr_ACO69323_OG5_147282	34.2	275	150	11	4	249	49	321	6.6e-30	129.8
Ba_cy_Prsp_XX_015229143_Contig_388_Len1599_OG5_127626	Ex_eu_tviv_TvY4860001070_OG5_127626	36.1	274	164	4	216	482	128	397	1e-42	174.1
Ba_cy_Prsp_XX_015228672_Contig_1751_Len678_OG5_132737	Ba_th_tmar_NP228321_OG5_132737	40.9	186	104	4	35	218	8	189	2e-35	148.7
Ba_cy_Prsp_XX_015231065_Contig_426_Len1539_OG5_155166	Op_me_aaeg_AAEL010650-PAm_OG5_155166	28.4	450	307	8	15	452	31	477	1.2e-48	193.7
Ba_cy_Prsp_XX_015228280_Contig_858_Len1128_OG5_127656	Op_ch_mbre_estExtfgenesh1pg.C480007_OG5_127656	37.0	181	102	2	189	369	146	314	6.8e-25	114.4
Ba_cy_Prsp_XX_015229192_Contig_1617_Len747_OG5_132290	Ba_fc_cper_YP695076_OG5_132290	35.6	222	141	2	5	224	5	226	2.3e-32	138.7
Ba_cy_Prsp_XX_015228594_Contig_2143_Len516_OG5_133656	EE_ap_Ttra_Contig9935length447_OG5_133656	41.6	166	79	2	5	170	1	148	7.4e-27	119.8
Ba_cy_Prsp_XX_015229107_Contig_1106_Len993_OG5_133114	Ba_ch_deth_YP182119_OG5_133114	31.6	345	191	9	1	318	1	327	1.1e-37	156.8
Ba_cy_Prsp_XX_015229975_Contig_2033_Len564_OG5_141725	Ba_fc_cbot_YP001786680.1_OG5_141725	46.2	199	90	4	1	184	1	197	2.3e-43	174.1
Ba_cy_Prsp_XX_015230839_Contig_252_Len1878_OG5_126899	Pl_rh_cmer_CMV122C_OG5_126899	63.7	568	195	5	26	589	4	564	6.4e-209	726.5
Ba_cy_Prsp_XX_015230588_Contig_633_Len1314_OG5_135451	Ba_fc_cbot_YP001786938.1_OG5_135451	24.5	436	296	11	20	430	10	437	2.4e-37	156.0
Ba_cy_Prsp_XX_015228953_Contig_1199_Len939_OG5_133326	Ba_pg_cbur_NP820140_OG5_133326	34.2	316	176	8	2	312	9	297	5.9e-46	184.1
Ba_cy_Prsp_XX_015228303_Contig_2743_Len309_OG5_175684	Ba_cy_syne_NP897859_OG5_175684	48.5	99	50	1	1	99	1	98	5.2e-20	96.3
Ba_cy_Prsp_XX_015230968_Contig_872_Len1122_OG5_136080	Ba_cy_syne_NP897823_OG5_136080	31.1	373	217	10	12	361	12	367	2.4e-44	178.3
Ba_cy_Prsp_XX_015228279_Contig_332_Len1683_OG5_149465	Ba_cy_syne_NP897038_OG5_149465	49.4	544	264	4	11	549	2	539	7.1e-143	506.9
Ba_cy_Prsp_XX_015227887_Contig_229_Len1908_OG5_137048	Ba_pa_wend_YP001975138_OG5_137048	34.3	408	223	14	93	477	41	426	2.1e-50	199.9
Ba_cy_Prsp_XX_041235385_Contig_290_Len1776_OG5_129402	Ba_th_tmar_NP228341_OG5_129402	38.5	548	301	14	46	583	42	563	4.6e-98	357.5
Ba_cy_Prsp_XX_015228560_Contig_1591_Len756_OG5_126777	Za_ec_mjan_NP248375_OG5_126777	48.6	243	119	3	11	248	39	280	1.2e-54	212.6
Ba_cy_Prsp_XX_015230103_Contig_1491_Len798_OG5_130330	Ba_pd_cjej_YP002343602_OG5_130330	40.9	232	128	6	14	242	3	228	2.3e-38	158.7
Ba_cy_Prsp_XX_015231123_Contig_3422_Len114_OG5_128944	Ba_pd_cjej_YP002344960_OG5_128944	73.0	37	10	0	1	37	1	37	5.9e-12	67.4
Ba_cy_Prsp_XX_015229684_Contig_463_Len1494_OG5_135009	Op_me_cele_WBGene00010562_OG5_135009	26.9	438	279	13	72	489	307	723	9e-23	107.1
Ba_cy_Prsp_XX_015229465_Contig_531_Len1407_OG5_127258	Za_cr_msed_YP001191543_OG5_127258	37.5	437	260	6	31	464	4	430	3.9e-78	291.6
Ba_cy_Prsp_XX_015229559_Contig_1485_Len801_OG5_127394	Ba_fb_spne_NP346042_OG5_127394	32.9	246	149	4	7	251	7	237	5.7e-32	136.7
Ba_cy_Prsp_XX_015230101_Contig_2741_Len312_OG5_130712	Ba_cy_syne_NP898360_OG5_130712	72.0	100	28	0	4	103	10	109	2.8e-35	146.4
Ba_cy_Prsp_XX_015229204_Contig_1250_Len915_OG5_160507	Ba_pb_rsol_NP523223_OG5_160507	40.0	280	164	2	11	286	13	292	7.6e-59	226.9
Ba_cy_Prsp_XX_015229808_Contig_802_Len1167_OG5_129403	Za_cr_cmaq_YP001540725_OG5_129403	31.0	390	239	14	12	388	7	379	5.2e-42	170.6
Ba_cy_Prsp_XX_015230790_Contig_112_Len2439_OG5_131956	Ba_pa_rpro_NP220799.1_OG5_131956	29.7	846	527	20	1	812	1	812	3e-94	345.9
Ba_cy_Prsp_XX_015228718_Contig_210_Len1971_OG5_144951	Pl_rh_cmer_CMA061C_OG5_144951	26.2	466	267	19	208	651	330	740	1.5e-35	150.6
Ba_cy_Prsp_XX_015229564_Contig_366_Len1626_OG5_127152	Ba_cy_syne_NP896142_OG5_127152	74.2	515	127	2	28	541	14	523	6.4e-224	775.4
Ba_cy_Prsp_XX_015229249_Contig_1747_Len681_OG5_128013	Ba_ac_mlep_YP002502881_OG5_128013	47.1	223	117	1	1	222	1	223	2.6e-48	191.4
Ba_cy_Prsp_XX_015230963_Contig_403_Len1581_OG5_129156	Ba_cy_syne_NP898352_OG5_129156	69.4	523	158	2	5	525	16	538	1.9e-206	718.0
Ba_cy_Prsp_XX_015230879_Contig_3276_Len201_OG5_130915	Ba_cy_syne_NP897535_OG5_130915	56.9	58	25	0	1	58	1	58	6.2e-12	68.2
Ba_cy_Prsp_XX_015228300_Contig_769_Len1185_OG5_130923	Za_eh_hwal_YP657334_OG5_130923	32.0	334	217	6	62	392	69	395	1.5e-41	169.1
Ba_cy_Prsp_XX_015231093_Contig_350_Len1665_OG5_137048	Ba_pl_rbal_NP864090_OG5_137048	33.1	408	217	21	35	414	48	427	2.2e-43	176.4
Ba_cy_Prsp_XX_015227966_Contig_1134_Len975_OG5_126662	Ba_ac_mtub_YP177868_OG5_126662	35.6	309	190	4	1	308	1	301	4.5e-49	194.5
Ba_cy_Prsp_XX_015228858_Contig_1286_Len897_OG5_126568	Ba_fc_cper_YP694762_OG5_126568	37.4	243	141	5	1	235	1	240	2.8e-37	155.2
Ba_cy_Prsp_XX_015229156_Contig_1235_Len921_OG5_136069	Op_fu_spom_NP594371_OG5_136069	34.6	191	120	4	65	252	121	309	5.3e-23	107.8
Ba_cy_Prsp_XX_015231001_Contig_1496_Len795_OG5_135079	Ba_fb_lmon_NP464148_OG5_135079	27.8	245	166	5	5	248	7	241	1e-19	96.7
Ba_cy_Prsp_XX_015228912_Contig_281_Len1794_OG5_126923	Op_me_isca_EEC20173_OG5_126923	26.3	441	248	17	4	391	18	434	1.9e-29	130.2
Ba_cy_Prsp_XX_015230280_Contig_89_Len2631_OG5_132143	Ba_cy_syne_NP897125_OG5_132143	66.0	794	242	4	3	793	2	770	0	1066.6
Ba_cy_Prsp_XX_015228247_Contig_518_Len1422_OG5_126870	Ba_cy_syne_NP896261_OG5_126870	70.6	473	132	3	1	473	3	468	5.6e-200	695.7
Ba_cy_Prsp_XX_015230079_Contig_608_Len1341_OG5_139268	Ba_de_drad_NP295391_OG5_139268	39.0	449	257	7	5	446	74	512	4.3e-82	304.7
Ba_cy_Prsp_XX_015227868_Contig_1556_Len768_OG5_134236	Ba_fb_bant_YP021831_OG5_134236	30.4	257	174	2	2	255	4	258	3.2e-34	144.8
Ba_cy_Prsp_XX_015229714_Contig_379_Len1608_OG5_132150	Ba_pa_atum_NP355220_OG5_132150	25.8	559	330	17	15	525	48	569	3e-34	146.0
Ba_cy_Prsp_XX_015228632_Contig_1366_Len852_OG5_128545	Ba_pg_ftul_YP170404_OG5_128545	35.6	281	167	7	6	282	15	285	2.4e-38	158.7
Ba_cy_Prsp_XX_015231039_Contig_1168_Len957_OG5_127077	Ba_ac_mtub_NP215825_OG5_127077	39.1	325	157	7	2	317	3	295	3.4e-49	194.9
Ba_cy_Prsp_XX_015228676_Contig_1102_Len996_OG5_126952	Ba_bc_ctep_NP662369_OG5_126952	34.5	304	157	12	7	296	3	278	4.2e-34	144.8
Ba_cy_Prsp_XX_015228850_Contig_62_Len3030_OG5_126897	Ba_pa_bsui_NP698700_OG5_126897	34.0	592	371	9	427	1005	4	588	4.3e-82	305.8
Ba_cy_Prsp_XX_015229344_Contig_409_Len1566_OG5_129156	Ba_cy_syne_NP897801_OG5_129156	49.9	487	231	4	1	479	2	483	2.8e-133	474.9
Ba_cy_Prsp_XX_015230730_Contig_2940_Len261_OG5_152367	Ba_cy_syne_NP897000_OG5_152367	55.1	78	33	1	1	78	1	76	3.4e-18	89.4
Ba_cy_Prsp_XX_015228747_Contig_284_Len1785_OG5_137048	Ba_pg_ypes_NP395421_OG5_137048	36.1	155	89	4	21	168	2	153	3.4e-18	92.8
Ba_cy_Prsp_XX_015229623_Contig_1605_Len753_OG5_132290	Ba_fb_spne_NP346502_OG5_132290	41.8	239	126	3	17	249	1	232	4.7e-46	184.1
Ba_cy_Prsp_XX_015228271_Contig_207_Len1977_OG5_149465	Ba_cy_syne_NP897038_OG5_149465	43.4	507	274	6	40	539	2	502	5.1e-108	391.3
Ba_cy_Prsp_XX_015230665_Contig_1975_Len582_OG5_126970	Ba_pa_atum_NP353358_OG5_126970	35.8	204	101	7	2	180	7	205	5.4e-26	117.1
Ba_cy_Prsp_XX_015228671_Contig_1558_Len768_OG5_136486	Ba_ac_mtub_NP217803_OG5_136486	33.6	229	147	3	26	254	34	257	1.1e-24	112.5
Ba_cy_Prsp_XX_015230954_Contig_1209_Len936_OG5_140405	Pl_gr_crei_135322_OG5_140405	51.4	323	140	5	2	310	60	379	7.1e-92	336.7
Ba_cy_Prsp_XX_015228788_Contig_670_Len1278_OG5_127023	Ba_ac_mtub_NP217298_OG5_127023	26.0	430	302	6	4	424	10	432	1e-32	140.6
Ba_cy_Prsp_XX_015231090_Contig_1492_Len798_OG5_133973	Ba_cy_syne_NP898005_OG5_133973	61.8	259	90	4	9	265	14	265	1.1e-90	332.4
Ba_cy_Prsp_XX_015229155_Contig_1756_Len678_OG5_128013	Ba_ac_mtub_NP215496_OG5_128013	39.8	226	128	2	6	225	5	228	3.9e-36	151.0
Ba_cy_Prsp_XX_041235737_Contig_1930_Len603_OG5_129907	Ba_ac_mtub_NP216368_OG5_129907	59.3	194	79	0	4	197	26	219	4.3e-58	223.8
Ba_cy_Prsp_XX_015228545_Contig_41_Len3558_OG5_127440	Ba_cy_syne_NP896436_OG5_127440	41.1	1224	650	15	1	1183	1	1194	1.3e-239	829.3
Ba_cy_Prsp_XX_015229670_Contig_1663_Len726_OG5_127267	Ba_cy_syne_NP897826_OG5_127267	43.5	237	128	3	8	241	2	235	9.1e-47	186.4
Ba_cy_Prsp_XX_015230097_Contig_848_Len1137_OG5_128590	Ba_cy_syne_NP898364_OG5_128590	68.6	376	118	0	3	378	15	390	1.4e-155	548.5
Ba_cy_Prsp_XX_015228203_Contig_1760_Len675_OG5_153461	Ba_pg_cbur_NP819518_OG5_153461	30.2	199	132	1	17	208	11	209	1.4e-17	89.4
Ba_cy_Prsp_XX_015229930_Contig_866_Len1125_OG5_133109	Ba_pa_rpro_NP220622.1_OG5_133109	31.0	284	152	13	14	269	3	270	1.6e-19	95.9
Ba_cy_Prsp_XX_015228894_Contig_190_Len2019_OG5_131269	Ba_aq_aaeo_NP214017_OG5_131269	44.6	424	207	5	209	628	69	468	1.4e-98	359.4
Ba_cy_Prsp_XX_015229732_Contig_1703_Len708_OG5_136094	Ba_pg_ftul_YP169600_OG5_136094	23.2	224	158	4	11	227	5	221	1.3e-16	86.3
Ba_cy_Prsp_XX_015229850_Contig_2723_Len318_OG5_126613	Pl_gr_crei_134747_OG5_126613	57.4	101	43	0	2	102	40	140	8.8e-29	124.8
Ba_cy_Prsp_XX_015228135_Contig_1101_Len996_OG5_164651	EE_ha_Ehux_005756176Contig22841Len699_OG5_164651	41.0	122	57	3	224	330	59	180	2.4e-11	68.6
Ba_cy_Prsp_XX_015230735_Contig_424_Len1539_OG5_158931	Ba_fb_spne_NP345296_OG5_158931	33.1	245	134	4	265	497	208	434	4.9e-26	118.6
Ba_cy_Prsp_XX_015227869_Contig_831_Len1146_OG5_129403	Ba_cy_syne_NP896315_OG5_129403	49.4	391	173	3	3	370	2	390	2.5e-105	380.9
Ba_cy_Prsp_XX_015228694_Contig_1090_Len1002_OG5_127793	Ba_de_drad_NP296155_OG5_127793	36.3	331	181	6	2	330	8	310	4.2e-48	190.7
Ba_cy_Prsp_XX_015227949_Contig_262_Len1830_OG5_128716	Ba_pa_bsui_NP700259_OG5_128716	46.0	261	135	3	342	602	2	256	2.9e-55	215.3
Ba_cy_Prsp_XX_015228863_Contig_1936_Len600_OG5_140259	Ba_cy_syne_NP897742_OG5_140259	63.7	182	66	0	13	194	18	199	6.7e-62	235.7
Ba_cy_Prsp_XX_015228028_Contig_1374_Len849_OG5_153172	EE_cr_Gthe_005826603Contig5472Len1560_OG5_153172	30.6	245	165	4	6	245	132	376	4.3e-32	137.9
Ba_cy_Prsp_XX_015229390_Contig_1642_Len735_OG5_128013	Ba_cy_syne_NP898335_OG5_128013	82.9	234	40	0	5	238	8	241	8.4e-109	392.5
Ba_cy_Prsp_XX_015230706_Contig_91_Len2628_OG5_126636	Ba_ac_mlep_YP002504238_OG5_126636	55.7	860	360	6	1	858	1	841	5.5e-267	919.8
Ba_cy_Prsp_XX_015228745_Contig_1165_Len960_OG5_128289	Sr_ci_Ptet_001441666Contig19482Len1053_OG5_128289	24.2	178	127	3	143	319	41	211	2.5e-12	72.4
Ba_cy_Prsp_XX_015228773_Contig_222_Len1923_OG5_137048	Ba_pa_wend_YP001975138_OG5_137048	35.2	389	204	14	105	471	60	422	4e-49	195.7
Ba_cy_Prsp_XX_015229159_Contig_42_Len3504_OG5_128914	Sr_rh_Rfil_Contig12001length1050_OG5_128914	34.6	217	135	3	947	1162	55	265	6.4e-29	129.4
Ba_cy_Prsp_XX_015229139_Contig_545_Len1392_OG5_131759	Ba_ch_deth_YP181271_OG5_131759	44.0	461	250	7	1	458	1	456	8.2e-105	380.2
Ba_cy_Prsp_XX_041235867_Contig_1566_Len765_OG5_128981	Sr_st_tpse_estExtthaps1uakg.Cchr80140_OG5_128981	53.5	230	100	5	32	254	3	232	6.8e-59	226.1
Ba_cy_Prsp_XX_015229671_Contig_1304_Len888_OG5_132043	Op_fu_gzea_FGST07540_OG5_132043	26.3	342	184	11	2	290	4	330	3.2e-20	97.8
Ba_cy_Prsp_XX_015229837_Contig_1518_Len786_OG5_137711	Ba_pd_wsuc_NP907693_OG5_137711	61.8	254	97	0	7	260	1	254	6.8e-88	323.2
Ba_cy_Prsp_XX_015228298_Contig_280_Len1794_OG5_131230	Ba_cy_syne_NP898258_OG5_131230	38.2	599	355	4	4	596	14	603	1.6e-121	436.0
Ba_cy_Prsp_XX_015229333_Contig_1287_Len897_OG5_132741	Ba_fb_saur_NP371036_OG5_132741	37.9	293	177	4	3	294	4	292	4.1e-57	221.1
Ba_cy_Prsp_XX_015229632_Contig_1156_Len966_OG5_127772	Op_me_tadh_egw1.6.1063.1_OG5_127772	27.4	285	184	7	9	277	12	289	1.5e-20	99.8
Ba_cy_Prsp_XX_015229548_Contig_857_Len1131_OG5_129516	Ba_cy_syne_NP897780_OG5_129516	42.1	378	195	8	5	369	10	376	2.2e-76	285.4
Ba_cy_Prsp_XX_015228197_Contig_1240_Len918_OG5_146602	EE_ha_Ehux_005794437Contig8714Len1323_OG5_146602	57.6	297	122	3	5	297	27	323	1.4e-100	365.5
Ba_cy_Prsp_XX_015229780_Contig_1704_Len708_OG5_127414	EE_ap_Ttra_Contig8694length726_OG5_127414	44.0	200	109	2	28	224	31	230	3e-39	161.4
Ba_cy_Prsp_XX_015228738_Contig_1600_Len753_OG5_172391	Ba_cy_syne_NP896171_OG5_172391	62.7	236	88	0	7	242	11	246	2.1e-78	291.6
Ba_cy_Prsp_XX_015228246_Contig_1129_Len978_OG5_133199	Ba_ch_deth_YP182314_OG5_133199	31.7	312	210	2	2	313	4	312	5.1e-43	173.7
Ba_cy_Prsp_XX_015229492_Contig_1201_Len939_OG5_130678	Sr_st_tpse_estExtGenewise1.Cchr120162_OG5_130678	26.3	281	182	10	35	310	128	388	1.2e-19	96.7
Ba_cy_Prsp_XX_015228661_Contig_652_Len1290_OG5_127802	Ba_pb_bmal_YP103580_OG5_127802	37.0	405	249	5	19	420	10	411	4.8e-59	228.0
Ba_cy_Prsp_XX_015230873_Contig_163_Len2142_OG5_131869	Pl_rh_Gsul_005708805Contig1206Len1899_OG5_131869	39.7	353	206	3	9	358	25	373	6.8e-72	270.8
Ba_cy_Prsp_XX_015229216_Contig_511_Len1428_OG5_138333	Za_ec_mmar_NP987341_OG5_138333	31.5	476	299	12	1	458	2	468	6.2e-63	241.1
Ba_cy_Prsp_XX_015229572_Contig_547_Len1392_OG5_127532	Op_fu_spom_NP001018848_OG5_127532	54.1	320	141	3	4	318	1	319	6.8e-91	334.0
Ba_cy_Prsp_XX_015228032_Contig_1027_Len1035_OG5_133113	Ba_pa_rtyp_YP066978_OG5_133113	30.2	199	127	3	119	313	1	191	5.4e-16	84.7
Ba_cy_Prsp_XX_041235267_Contig_1563_Len765_OG5_135702	Za_ko_ckor_YP001737028_OG5_135702	30.2	258	151	11	11	253	6	249	1.4e-18	92.8
Ba_cy_Prsp_XX_015227883_Contig_108_Len2472_OG5_126636	Ba_ch_deth_YP182121_OG5_126636	51.3	818	379	8	3	812	4	810	3.1e-235	814.3
Ba_cy_Prsp_XX_015229699_Contig_98_Len2571_OG5_168712	Pl_gr_otau_0000090002_OG5_168712	59.6	208	76	3	437	640	102	305	5.3e-73	275.4
Ba_cy_Prsp_XX_015230868_Contig_1093_Len1002_OG5_133515	Ba_cy_syne_NP896930_OG5_133515	35.0	286	182	3	23	308	8	289	1.3e-43	176.4
Ba_cy_Prsp_XX_015227997_Contig_1088_Len1002_OG5_130678	Za_eh_hwal_YP658400_OG5_130678	28.7	341	204	10	9	333	3	320	7.6e-36	150.6
Ba_cy_Prsp_XX_015229860_Contig_72_Len2823_OG5_135541	Ba_ch_deth_YP181154_OG5_135541	34.9	272	127	10	456	711	10	247	7.4e-28	125.6
Ba_cy_Prsp_XX_041235601_Contig_1320_Len879_OG5_126700	Ba_cy_syne_NP896639_OG5_126700	43.1	295	155	4	1	292	5	289	1.3e-58	226.1
Ba_cy_Prsp_XX_015231094_Contig_2208_Len492_OG5_126941	Ba_fb_lmon_NP466241_OG5_126941	41.9	148	85	1	1	148	7	153	1.3e-28	125.6
Ba_cy_Prsp_XX_015230973_Contig_1874_Len630_OG5_136158	Op_me_clup_ENSCAFP00000016410_OG5_136158	39.5	190	106	3	29	209	67	256	3.4e-34	144.4
Ba_cy_Prsp_XX_015229047_Contig_1709_Len702_OG5_127485	Ba_sp_tpal_NP219089_OG5_127485	27.3	231	163	2	4	232	10	237	5.2e-23	107.5
Ba_cy_Prsp_XX_015229765_Contig_811_Len1161_OG5_129035	Ex_fo_glam_GL5080311436_OG5_129035	33.1	145	85	3	19	157	27	165	8.6e-13	73.6
Ba_cy_Prsp_XX_015229978_Contig_435_Len1527_OG5_129569	Op_ic_Cowc_004344363Contig5679Len1125_OG5_129569	46.3	272	128	5	23	279	102	370	1.4e-57	223.4
Ba_cy_Prsp_XX_015231081_Contig_954_Len1077_OG5_147239	Pl_rh_cmer_CMV149C_OG5_147239	68.6	293	92	0	13	305	1	293	4.1e-120	430.6
Ba_cy_Prsp_XX_015228968_Contig_551_Len1389_OG5_127227	Za_cr_ssol_NP341729_OG5_127227	26.6	458	297	8	1	455	1	422	5.2e-43	174.9
Ba_cy_Prsp_XX_015230763_Contig_2187_Len501_OG5_143116	Pl_rh_cmer_CMV236C_OG5_143116	53.3	150	58	3	6	155	3	140	1.8e-38	158.3
Ba_cy_Prsp_XX_015230148_Contig_793_Len1173_OG5_132730	Ba_fb_spne_NP345540_OG5_132730	30.2	361	214	9	38	369	22	373	9.2e-41	167.2
Ba_cy_Prsp_XX_015228981_Contig_604_Len1344_OG5_132298	Ba_cy_syne_NP896416_OG5_132298	34.3	379	216	11	57	430	22	372	7.9e-44	177.6
Ba_cy_Prsp_XX_015229157_Contig_1121_Len984_OG5_140066	Ba_cy_syne_NP896776_OG5_140066	49.2	321	162	1	1	321	1	320	2.6e-92	338.2
Ba_cy_Prsp_XX_015231132_Contig_919_Len1095_OG5_130058	Sr_di_Smic_Contig23486length1317_OG5_130058	33.6	345	205	10	18	351	101	432	4.3e-40	164.9
Ba_cy_Prsp_XX_015231095_Contig_898_Len1110_OG5_127122	Ba_bc_ctep_NP661642_OG5_127122	39.4	371	211	7	3	364	4	369	1.5e-64	246.1
Ba_cy_Prsp_XX_015230095_Contig_884_Len1116_OG5_127668	Ba_cy_syne_NP897401_OG5_127668	39.1	381	220	6	2	371	19	398	2.6e-69	261.9
Ba_cy_Prsp_XX_015229482_Contig_261_Len1833_OG5_135009	Op_me_cele_WBGene00010562_OG5_135009	33.5	541	290	16	57	592	219	694	1.6e-61	236.1
Ba_cy_Prsp_XX_015228992_Contig_874_Len1119_OG5_128289	Op_me_amel_XP623766_OG5_128289	24.2	277	192	6	23	292	145	410	2.2e-15	82.8
Ba_cy_Prsp_XX_015230794_Contig_9_Len6843_OG5_162856	Ba_pb_rsol_NP523003_OG5_162856	24.8	1337	763	60	40	1266	59	1262	3.7e-65	250.8
Ba_cy_Prsp_XX_015229952_Contig_568_Len1377_OG5_130840	Ba_cy_syne_NP896160_OG5_130840	36.6	462	287	4	1	458	6	465	1.5e-90	332.8
Ba_cy_Prsp_XX_015231031_Contig_1547_Len774_OG5_132144	Za_ec_mmar_NP987537_OG5_132144	27.4	212	137	3	7	212	3	203	1.4e-21	102.8
Ba_cy_Prsp_XX_041235900_Contig_629_Len1317_OG5_126807	Ba_pd_cjej_YP002344401_OG5_126807	26.2	405	271	14	1	400	1	382	1.9e-29	129.8
Ba_cy_Prsp_XX_015228076_Contig_135_Len2253_OG5_132341	Ba_pd_wsuc_NP908207_OG5_132341	32.8	332	211	5	131	455	4	330	4.4e-39	162.5
Ba_cy_Prsp_XX_015228744_Contig_636_Len1305_OG5_130525	Za_eh_hwal_YP658994_OG5_130525	29.5	438	265	12	4	419	14	429	2.2e-35	149.4
Ba_cy_Prsp_XX_015230798_Contig_76_Len2760_OG5_175135	Op_me_aaeg_AAEL008628-PAm_OG5_175135	26.3	490	284	17	247	695	33	486	1.4e-31	137.9
Ba_cy_Prsp_XX_015228031_Contig_729_Len1221_OG5_132172	Ba_cy_syne_NP896115_OG5_132172	44.6	406	220	4	4	406	1	404	4.2e-97	354.4
Ba_cy_Prsp_XX_015229048_Contig_1594_Len756_OG5_144479	Ba_cy_syne_NP898528_OG5_144479	43.9	244	136	1	1	243	1	244	7.8e-57	219.9
Ba_cy_Prsp_XX_015229254_Contig_924_Len1092_OG5_133109	Ba_pa_wend_YP001975155_OG5_133109	28.1	324	200	10	4	318	2	301	4.6e-24	110.9
Ba_cy_Prsp_XX_015228398_Contig_2156_Len510_OG5_137357	Ba_cy_syne_NP897957_OG5_137357	46.1	178	86	1	1	168	1	178	8e-40	162.2
Ba_cy_Prsp_XX_015228746_Contig_243_Len1902_OG5_137048	Ba_pa_wend_YP001975138_OG5_137048	34.1	413	217	16	91	475	41	426	1.7e-47	190.3
Ba_cy_Prsp_XX_015230714_Contig_536_Len1404_OG5_127927	Ba_pl_rbal_NP868231_OG5_127927	38.3	470	281	5	5	467	304	771	9.9e-90	330.1
Ba_cy_Prsp_XX_015228686_Contig_199_Len1998_OG5_131146	Ba_cy_syne_NP896172_OG5_131146	71.3	675	181	2	1	662	1	675	4.6e-282	969.5
Ba_cy_Prsp_XX_015228733_Contig_428_Len1536_OG5_133149	Op_me_cbri_WBGene00032021_OG5_133149	25.1	299	179	11	232	494	242	531	1.3e-13	77.4
Ba_cy_Prsp_XX_015227891_Contig_1181_Len948_OG5_130963	Za_ec_mjan_NP247420_OG5_130963	38.5	327	167	10	5	309	38	352	3.4e-49	194.9
Ba_cy_Prsp_XX_015229631_Contig_1139_Len975_OG5_127772	Op_me_tadh_egw1.6.1063.1_OG5_127772	28.6	266	172	6	23	277	31	289	1.7e-19	96.3
Ba_cy_Prsp_XX_015228923_Contig_181_Len2046_OG5_129295	Ba_de_drad_NP296223_OG5_129295	51.5	689	322	4	1	681	1	685	7.2e-198	689.9
Ba_cy_Prsp_XX_015229365_Contig_980_Len1062_OG5_130678	Za_eh_halo_NP279221_OG5_130678	34.2	354	190	14	4	341	2	328	1.2e-42	173.3
Ba_cy_Prsp_XX_015228185_Contig_1679_Len717_OG5_127928	Ba_de_drad_NP051615_OG5_127928	37.6	234	117	4	4	237	5	209	2.2e-37	155.2
Ba_cy_Prsp_XX_015230257_Contig_1243_Len918_OG5_126937	Za_th_nmar_YP001581646_OG5_126937	33.1	263	166	7	19	279	7	261	3.5e-35	148.3
Ba_cy_Prsp_XX_015227912_Contig_685_Len1260_OG5_132730	Ba_bc_ctep_NP660941_OG5_132730	30.3	238	133	8	189	415	156	371	1.3e-21	103.6
Ba_cy_Prsp_XX_015229577_Contig_1681_Len717_OG5_149618	Sr_ci_Ptet_001454184Contig16889Len1182_OG5_149618	25.4	205	152	1	19	222	137	341	3e-18	91.7
Ba_cy_Prsp_XX_083874471_Contig_912_Len1098_OG5_146651	Ba_cy_syne_NP897307_OG5_146651	42.0	255	119	9	121	365	109	344	5.6e-40	164.5
Ba_cy_Prsp_XX_041235337_Contig_1036_Len1032_OG5_137874	Ba_fb_bant_YP022117_OG5_137874	27.1	299	208	5	6	304	1	289	1.9e-26	119.4
Ba_cy_Prsp_XX_015231086_Contig_1380_Len849_OG5_136075	Ba_th_tmar_NP228219_OG5_136075	32.7	208	111	8	73	273	65	250	2.9e-18	91.3
Ba_cy_Prsp_XX_015228897_Contig_713_Len1239_OG5_135541	Ba_de_drad_NP294915_OG5_135541	30.9	437	246	17	15	411	7	427	4.7e-35	148.3
Ba_cy_Prsp_XX_015228263_Contig_1182_Len948_OG5_126648	Ba_ch_deth_YP180965_OG5_126648	40.0	315	171	8	11	313	14	322	1e-48	192.6
Ba_cy_Prsp_XX_015230685_Contig_1208_Len936_OG5_138562	Ba_pg_ecol_AP003251_OG5_138562	57.9	297	122	3	1	295	53	348	9.9e-94	342.8
Ba_cy_Prsp_XX_015227858_Contig_460_Len1500_OG5_129432	Op_fu_egos_AGR132W_OG5_129432	27.2	463	296	11	52	494	57	498	1.3e-42	172.9
Ba_cy_Prsp_XX_015229128_Contig_766_Len1188_OG5_126697	Ba_cy_syne_NP897264_OG5_126697	45.9	386	206	2	9	393	7	390	2.4e-100	365.2
Ba_cy_Prsp_XX_015228979_Contig_501_Len1437_OG5_129985	Ba_cy_syne_NP896414_OG5_129985	75.7	477	115	1	2	478	4	479	6.7e-219	759.2
Ba_cy_Prsp_XX_015228804_Contig_967_Len1068_OG5_131514	Ba_bc_ctep_NP660940_OG5_131514	31.4	347	211	10	8	334	2	341	1.6e-39	162.9
Ba_cy_Prsp_XX_015227919_Contig_1117_Len984_OG5_143180	Ba_de_drad_NP294156_OG5_143180	28.6	213	138	3	83	282	19	230	3e-16	85.5
Ba_cy_Prsp_XX_015230513_Contig_1880_Len627_OG5_150381	Pl_gr_crei_205879_OG5_150381	42.6	202	112	1	11	208	2	203	4.3e-37	154.1
Ba_cy_Prsp_XX_015228628_Contig_1687_Len714_OG5_128100	Ba_pa_atum_NP355722_OG5_128100	38.5	234	138	4	3	231	22	254	3.3e-41	167.9
Ba_cy_Prsp_XX_015229338_Contig_239_Len1902_OG5_137048	Ba_pa_wend_YP001975138_OG5_137048	34.1	405	212	16	94	470	41	418	1.5e-48	193.7
Ba_cy_Prsp_XX_015228295_Contig_354_Len1650_OG5_129402	Ba_th_tmar_NP228956_OG5_129402	32.5	502	310	10	50	547	23	499	3.2e-77	288.1
Ba_cy_Prsp_XX_041235433_Contig_1711_Len702_OG5_127507	Op_fu_ncra_NCU07774T0_OG5_127507	54.6	227	101	2	2	226	83	309	1.4e-66	251.5
Ba_cy_Prsp_XX_015229197_Contig_2684_Len330_OG5_181659	Pl_gr_vcar_XP_002953764_OG5_181659	47.1	104	51	3	3	102	16	119	4.3e-20	96.7
Ba_cy_Prsp_XX_015229625_Contig_1770_Len672_OG5_131162	Za_eh_hwal_YP658996_OG5_131162	34.7	225	129	5	12	223	3	222	1.8e-25	115.5
Ba_cy_Prsp_XX_015231119_Contig_2148_Len516_OG5_126722	Ba_ch_deth_YP181235_OG5_126722	45.0	160	85	2	11	168	9	167	3.4e-32	137.5
Ba_cy_Prsp_XX_015229164_Contig_755_Len1203_OG5_128146	Ba_cy_syne_NP896335_OG5_128146	58.6	314	129	1	64	377	8	320	1.6e-102	371.7
Ba_cy_Prsp_XX_041235479_Contig_475_Len1473_OG5_127293	Pl_gr_ppat_egw1.33.252.1_OG5_127293	52.7	509	211	11	1	488	18	517	2.3e-129	461.8
Ba_cy_Prsp_XX_015228261_Contig_86_Len2655_OG5_127591	Za_ea_aful_NP071282_OG5_127591	29.8	413	226	14	7	403	20	384	2.6e-41	169.5
Ba_cy_Prsp_XX_015228700_Contig_1262_Len909_OG5_140007	Pl_gr_ppat_estExtgwpgw1.C900003_OG5_140007	34.1	302	178	7	11	301	27	318	9.9e-49	192.6
Ba_cy_Prsp_XX_015230330_Contig_1846_Len639_OG5_129378	Ba_aq_aaeo_NP214196_OG5_129378	26.6	199	136	3	4	198	20	212	5e-17	87.4
Ba_cy_Prsp_XX_015230134_Contig_1932_Len603_OG5_126676	Am_ar_edis_EDI325550_OG5_126676	51.0	196	90	3	1	196	1	190	3.4e-53	206.8
Ba_cy_Prsp_XX_015230655_Contig_668_Len1281_OG5_126783	Sr_pe_Perk_002771374Contig4725Len1368_OG5_126783	28.1	420	256	12	4	415	37	418	3.2e-39	162.2
Ba_cy_Prsp_XX_015229986_Contig_1007_Len1050_OG5_126648	Ba_pg_ftul_YP169940_OG5_126648	51.4	356	161	7	1	347	1	353	3.3e-96	350.5
Ba_cy_Prsp_XX_015228552_Contig_1912_Len612_OG5_129909	Am_my_ddis_DDBG0285903_OG5_129909	27.1	210	123	7	17	203	51	253	4.1e-16	84.3
Ba_cy_Prsp_XX_015229317_Contig_142_Len2229_OG5_128886	Sr_rh_Rfil_Contig890length2925_OG5_128886	30.2	586	338	17	39	589	22	571	1.3e-54	214.2
Ba_cy_Prsp_XX_015228444_Contig_146_Len2208_OG5_144403	Pl_gr_rcom_43901.m000020_OG5_144403	37.2	199	107	5	538	734	9	191	7.9e-25	115.2
Ba_cy_Prsp_XX_015229259_Contig_59_Len3078_OG5_126684	Ba_fb_bant_YP018823_OG5_126684	26.1	566	378	13	217	762	255	800	2.3e-49	196.4
Ba_cy_Prsp_XX_015228892_Contig_882_Len1116_OG5_131269	Ba_pb_rsol_NP520946_OG5_131269	34.4	302	160	13	4	280	181	469	4.4e-30	131.0
Ba_cy_Prsp_XX_015230296_Contig_457_Len1503_OG5_133321	Ba_pd_gsul_NP952235_OG5_133321	49.7	499	244	6	1	498	1	493	2e-141	501.9
Ba_cy_Prsp_XX_015230541_Contig_598_Len1353_OG5_127183	Ba_cy_syne_NP897098_OG5_127183	56.1	424	184	2	25	446	14	437	3.3e-130	464.5
Ba_cy_Prsp_XX_015228723_Contig_1080_Len1008_OG5_127170	Ba_cy_syne_NP898019_OG5_127170	63.0	327	121	0	1	327	1	327	4.4e-116	417.2
Ba_cy_Prsp_XX_015228741_Contig_1013_Len1044_OG5_128014	Ba_th_tmar_NP228313_OG5_128014	35.3	343	198	5	27	346	4	345	1e-46	186.8
Ba_cy_Prsp_XX_015230205_Contig_1041_Len1029_OG5_130129	Ba_pb_rsol_NP518608_OG5_130129	62.1	340	128	1	4	342	5	344	1.1e-123	441.8
Ba_cy_Prsp_XX_015230064_Contig_251_Len1884_OG5_128914	Sr_rh_Rfil_Contig15566length900_OG5_128914	30.9	307	196	7	321	625	3	295	3.6e-34	146.0
Ba_cy_Prsp_XX_015230048_Contig_638_Len1305_OG5_147313	Pl_rh_cmer_CMV237C_OG5_147313	50.4	268	129	2	167	434	13	276	2.3e-77	288.9
Ba_cy_Prsp_XX_015229346_Contig_1232_Len924_OG5_137874	Ba_pg_ecol_AP000990_OG5_137874	26.4	284	205	4	7	289	4	284	2.5e-25	115.5
Ba_cy_Prsp_XX_015229521_Contig_2176_Len504_OG5_140491	Pl_gr_crei_184984_OG5_140491	39.1	161	93	2	8	167	53	209	2.2e-29	127.5
Ba_cy_Prsp_XX_015228056_Contig_57_Len3153_OG5_137773	Sr_st_Pinf_002904888Contig3623Len1722_OG5_137773	28.3	580	331	20	438	952	11	570	2e-45	184.1
Ba_cy_Prsp_XX_015229409_Contig_749_Len1206_OG5_133183	Ba_cy_syne_NP896844_OG5_133183	53.4	354	158	4	51	401	37	386	7.2e-105	380.2
Ba_cy_Prsp_XX_015228873_Contig_534_Len1404_OG5_130737	Ba_fb_saur_NP372226_OG5_130737	51.9	391	177	5	82	463	1	389	1.4e-104	379.4
Ba_cy_Prsp_XX_015229534_Contig_307_Len1722_OG5_131036	Ba_cy_syne_NP898456_OG5_131036	40.4	570	326	8	7	573	13	571	3.8e-118	424.1
Ba_cy_Prsp_XX_015229295_Contig_1902_Len618_OG5_127934	Ba_ch_deth_YP181122_OG5_127934	50.3	149	65	4	4	150	3	144	1.2e-29	128.6
Ba_cy_Prsp_XX_015230803_Contig_1111_Len990_OG5_133199	Ba_pl_rbal_NP865724_OG5_133199	38.4	323	173	7	20	324	25	339	7e-56	216.5
Ba_cy_Prsp_XX_015227979_Contig_3385_Len177_OG5_130915	Ba_cy_syne_NP897535_OG5_130915	65.5	58	20	0	1	58	1	58	8.9e-15	77.4
Ba_cy_Prsp_XX_015229741_Contig_806_Len1164_OG5_126783	Za_ko_ckor_YP001737068_OG5_126783	37.6	391	239	3	1	387	1	390	1.2e-69	263.1
Ba_cy_Prsp_XX_015230712_Contig_3265_Len204_OG5_160394	Ba_cy_syne_NP898297_OG5_160394	51.6	62	30	0	1	62	1	62	5e-11	65.9
Ba_cy_Prsp_XX_015228929_Contig_218_Len1935_OG5_137048	Ba_pa_wend_YP001975138_OG5_137048	32.3	455	219	22	65	473	4	415	1.3e-47	190.7
Ba_cy_Prsp_XX_015229243_Contig_796_Len1170_OG5_133140	Ba_cy_syne_NP897416_OG5_133140	31.7	401	247	7	6	387	2	394	3.6e-53	208.4
Ba_cy_Prsp_XX_041235550_Contig_1467_Len813_OG5_140506	Pl_gr_micr_ACO66896_OG5_140506	34.1	217	132	6	46	259	6	214	8.1e-28	123.6
Ba_cy_Prsp_XX_015229258_Contig_1231_Len924_OG5_130575	Pl_gr_crei_122924_OG5_130575	47.8	312	145	8	1	306	11	310	4.5e-73	273.5
Ba_cy_Prsp_XX_015227976_Contig_271_Len1809_OG5_152211	Ba_fc_cper_YP694655_OG5_152211	34.0	212	128	4	190	399	181	382	9.9e-26	117.9
Ba_cy_Prsp_XX_015229280_Contig_1856_Len633_OG5_129907	Ba_pa_bsui_NP698360_OG5_129907	52.4	206	96	1	6	209	3	208	2.4e-59	228.0
Ba_cy_Prsp_XX_015230841_Contig_2696_Len327_OG5_132922	Ba_fb_lmon_NP463739_OG5_132922	40.2	107	62	1	1	107	1	105	5.2e-18	89.7
Ba_cy_Prsp_XX_015230506_Contig_952_Len1077_OG5_130830	Am_di_Acas_Contig6645length1128_OG5_130830	56.6	219	78	1	50	251	1	219	2e-66	252.3
Ba_cy_Prsp_XX_041235274_Contig_1590_Len756_OG5_128013	Ba_cy_syne_NP898325_OG5_128013	72.7	242	65	1	2	242	3	244	9.6e-100	362.5
Ba_cy_Prsp_XX_015228962_Contig_988_Len1059_OG5_128464	Ba_th_tmar_NP229579_OG5_128464	46.5	346	177	5	7	352	2	339	6.9e-88	323.6
Ba_cy_Prsp_XX_041235847_Contig_256_Len1863_OG5_131049	Ba_cy_syne_NP896163_OG5_131049	60.8	574	215	3	1	567	1	571	7.7e-207	719.5
Ba_cy_Prsp_XX_015229718_Contig_1944_Len597_OG5_132580	Ba_cy_syne_NP897021_OG5_132580	66.1	192	65	0	7	198	1	192	9.3e-74	275.8
Ba_cy_Prsp_XX_015228027_Contig_1580_Len759_OG5_141296	Sr_st_tpse_estExtfgenesh1pg.Cchr70094_OG5_141296	40.9	230	126	5	1	226	38	261	1.1e-39	162.9
Ba_cy_Prsp_XX_015228121_Contig_1925_Len603_OG5_140259	Ba_cy_syne_NP897742_OG5_140259	70.4	199	57	1	1	199	1	197	1.8e-78	290.8
Ba_cy_Prsp_XX_015229324_Contig_686_Len1260_OG5_150424	EE_ha_Ehux_005757743Contig8793Len1320_OG5_150424	33.9	419	261	6	1	416	34	439	2.8e-59	228.8
Ba_cy_Prsp_XX_015230033_Contig_1459_Len816_OG5_130962	Za_eh_hwal_YP657945_OG5_130962	46.2	251	133	1	23	271	11	261	1.8e-59	228.8
Ba_cy_Prsp_XX_015230465_Contig_1544_Len774_OG5_128100	Ba_cy_syne_NP898564_OG5_128100	51.8	253	120	1	1	253	1	251	2.6e-68	258.1
Ba_cy_Prsp_XX_015229318_Contig_1053_Len1023_OG5_144327	Ba_pb_bmal_YP105952_OG5_144327	27.5	356	192	16	8	338	21	335	2.1e-25	115.9
Ba_cy_Prsp_XX_015229493_Contig_543_Len1398_OG5_128196	Za_ko_ckor_YP001736961_OG5_128196	29.5	417	253	10	37	447	16	397	1.3e-41	170.2
Ba_cy_Prsp_XX_015227940_Contig_2792_Len294_OG5_170911	Pl_gr_osat_NP001051071_OG5_170911	40.2	87	52	0	6	92	78	164	3.5e-13	73.6
Ba_cy_Prsp_XX_015228656_Contig_1534_Len777_OG5_130466	Pl_rh_Gsul_005704151Contig4117Len939_OG5_130466	63.0	257	94	1	1	257	52	307	4.9e-91	333.6
Ba_cy_Prsp_XX_015228995_Contig_676_Len1272_OG5_127023	Ba_pa_wend_YP001975358_OG5_127023	27.5	404	285	5	18	419	9	406	2.2e-43	176.0
Ba_cy_Prsp_XX_015228309_Contig_1635_Len738_OG5_127726	Ba_ac_mlep_YP002502813_OG5_127726	28.1	260	163	6	5	245	14	268	1.7e-19	95.9
Ba_cy_Prsp_XX_015228987_Contig_1066_Len1017_OG5_126628	Ba_bc_ctep_NP662365_OG5_126628	55.6	333	144	3	2	334	4	332	2.2e-99	361.7
Ba_cy_Prsp_XX_015228803_Contig_725_Len1227_OG5_126806	Ba_pd_gsul_NP954347_OG5_126806	28.9	398	262	11	11	398	12	398	1.6e-35	149.8
Ba_cy_Prsp_XX_015230745_Contig_447_Len1509_OG5_130127	Ba_cy_syne_NP898551_OG5_130127	71.7	205	51	2	2	200	4	207	1.1e-81	302.8
Ba_cy_Prsp_XX_015229739_Contig_1047_Len1026_OG5_134300	Op_ic_Sarc_Contig6726length843_OG5_134300	35.2	236	142	5	108	339	5	233	2.6e-31	135.6
Ba_cy_Prsp_XX_015228375_Contig_241_Len1902_OG5_137048	Ba_pa_wend_YP001975138_OG5_137048	33.0	464	238	20	38	473	6	424	5.7e-48	191.8
Ba_cy_Prsp_XX_041235525_Contig_601_Len1347_OG5_126796	Ba_cy_syne_NP897770_OG5_126796	40.9	450	237	9	9	448	11	441	2e-87	322.4
Ba_cy_Prsp_XX_015230474_Contig_538_Len1401_OG5_130311	Op_me_cele_WBGene00011698_OG5_130311	22.2	315	221	5	145	442	180	487	4.7e-15	82.0
Ba_cy_Prsp_XX_015229038_Contig_1317_Len882_OG5_138562	Ba_cy_syne_NP898007_OG5_138562	26.0	204	138	3	97	288	102	304	4.3e-14	78.2
Ba_cy_Prsp_XX_015230476_Contig_592_Len1359_OG5_130311	Pl_gr_osat_NP001051345_OG5_130311	26.0	296	193	5	149	421	181	473	1.5e-21	103.6
Ba_cy_Prsp_XX_015231122_Contig_2020_Len570_OG5_126762	Ba_aq_aaeo_NP213050_OG5_126762	35.0	206	107	3	7	188	3	205	5.7e-28	123.6
Ba_cy_Prsp_XX_015229729_Contig_705_Len1245_OG5_132451	Za_ec_mjan_NP247095_OG5_132451	34.9	421	254	10	7	410	5	422	7.5e-65	247.3
Ba_cy_Prsp_XX_015229843_Contig_554_Len1389_OG5_132214	Ba_pb_bmal_YP105936_OG5_132214	32.0	475	280	16	8	455	22	480	2.2e-47	188.7
Ba_cy_Prsp_XX_015229610_Contig_810_Len1161_OG5_127109	Ba_cy_syne_NP898355_OG5_127109	71.2	386	107	2	1	386	6	387	5.9e-163	572.4
Ba_cy_Prsp_XX_015229768_Contig_221_Len1929_OG5_137048	Ba_pa_wend_YP001975138_OG5_137048	34.8	402	197	18	105	480	60	422	5.4e-46	185.3
Ba_cy_Prsp_XX_015230551_Contig_2101_Len537_OG5_127887	Sr_st_tpse_egw1.1.789.1_OG5_127887	50.0	154	67	4	33	177	2	154	5e-34	143.7
Ba_cy_Prsp_XX_015228908_Contig_257_Len1860_OG5_137048	Ba_pa_wend_YP001975138_OG5_137048	35.1	404	217	15	93	473	41	422	2.7e-50	199.5
Ba_cy_Prsp_XX_015230579_Contig_1741_Len684_OG5_128013	Ba_ch_deth_YP181946_OG5_128013	37.1	221	139	0	1	221	1	221	3.7e-34	144.4
Ba_cy_Prsp_XX_015229408_Contig_245_Len1896_OG5_127786	Op_fu_ebie_EBI22718_OG5_127786	39.9	273	153	2	163	434	136	398	5e-52	205.3
Ba_cy_Prsp_XX_015230929_Contig_1854_Len636_OG5_126913	Za_eh_halo_NP279623_OG5_126913	47.0	198	105	0	11	208	14	211	9.4e-48	189.5
Ba_cy_Prsp_XX_015229662_Contig_512_Len1428_OG5_126785	Ex_he_Ngru_Contig5390length1518_OG5_126785	29.0	479	290	13	5	451	14	474	8.9e-46	184.1
Ba_cy_Prsp_XX_015228427_Contig_1512_Len789_OG5_131675	Pl_gr_atha_NP564850_OG5_131675	51.3	261	120	2	5	258	84	344	4.9e-70	263.8
Ba_cy_Prsp_XX_015229673_Contig_1428_Len828_OG5_135025	Ba_ch_deth_YP181153_OG5_135025	50.2	247	115	5	27	272	24	263	1.9e-64	245.4
Ba_cy_Prsp_XX_015227988_Contig_2247_Len477_OG5_144980	Ba_cy_syne_NP896345_OG5_144980	50.0	148	68	2	3	148	5	148	1.5e-34	145.2
Ba_cy_Prsp_XX_015230262_Contig_1318_Len882_OG5_126671	Ba_ac_mlep_YP002503176_OG5_126671	48.4	289	138	5	5	291	2	281	3.1e-63	240.7
Ba_cy_Prsp_XX_015229866_Contig_555_Len1389_OG5_126979	Op_fu_aory_AO090005000972_OG5_126979	30.6	470	247	15	2	424	79	516	3.1e-51	202.2
Ba_cy_Prsp_XX_015229413_Contig_87_Len2643_OG5_139965	Ba_fc_cbot_YP001787516.1_OG5_139965	40.2	405	210	11	450	853	1	374	1.3e-69	264.2
Ba_cy_Prsp_XX_015229147_Contig_1385_Len846_OG5_139192	Op_me_nvec_estExtgwp.C3180056_OG5_139192	31.4	287	171	12	8	273	23	304	7.9e-26	117.1
Ba_cy_Prsp_XX_015229956_Contig_2687_Len330_OG5_126613	Op_me_cpip_CPIJ003709_OG5_126613	29.3	99	70	0	11	109	37	135	1.2e-12	71.2
Ba_cy_Prsp_XX_015229771_Contig_1690_Len714_OG5_127211	Ba_pl_rbal_NP865135_OG5_127211	34.0	238	148	2	6	234	58	295	7.3e-33	140.2
Ba_cy_Prsp_XX_015228075_Contig_1685_Len714_OG5_129962	Ba_pl_rbal_NP867570_OG5_129962	40.4	230	130	4	1	229	71	294	7.8e-43	173.3
Ba_cy_Prsp_XX_015229796_Contig_1480_Len804_OG5_131750	Ba_ac_mtub_NP216555_OG5_131750	37.5	269	163	3	2	265	10	278	5e-46	184.1
Ba_cy_Prsp_XX_015229313_Contig_870_Len1122_OG5_127289	Za_eh_halo_NP281089_OG5_127289	47.0	321	157	5	49	368	38	346	7.1e-75	280.4
Ba_cy_Prsp_XX_015227983_Contig_1454_Len816_OG5_126801	Ba_cy_syne_NP896755_OG5_126801	41.8	268	148	2	7	270	1	264	3.5e-47	188.0
Ba_cy_Prsp_XX_015229586_Contig_483_Len1458_OG5_132214	Ba_pb_bmal_YP105936_OG5_132214	35.5	498	264	14	7	483	27	488	1.1e-60	233.0
Ba_cy_Prsp_XX_015227954_Contig_346_Len1668_OG5_128358	Ba_cy_syne_NP897953_OG5_128358	61.5	522	199	2	20	539	39	560	4.2e-204	710.3
Ba_cy_Prsp_XX_015229942_Contig_1552_Len771_OG5_134566	Ba_cy_syne_NP896107_OG5_134566	64.9	205	71	1	3	207	14	217	3e-72	271.2
Ba_cy_Prsp_XX_015230958_Contig_1962_Len588_OG5_127554	Ba_cy_syne_NP897793_OG5_127554	47.8	184	93	2	3	184	2	184	9.9e-42	168.7
Ba_cy_Prsp_XX_015230181_Contig_962_Len1071_OG5_129430	Ba_pg_sent_NP569389_OG5_129430	38.5	371	162	16	45	352	89	456	3.4e-50	198.4
Ba_cy_Prsp_XX_015228450_Contig_118_Len2382_OG5_126636	Pl_rh_cmer_CMV107C_OG5_126636	57.0	456	184	7	334	779	358	811	3.4e-138	491.9
Ba_cy_Prsp_XX_015228758_Contig_360_Len1638_OG5_135009	Ex_pa_tvag_TVAG166820_OG5_135009	27.1	391	256	11	82	459	251	625	2.2e-30	132.5
Ba_cy_Prsp_XX_015230336_Contig_816_Len1158_OG5_130963	Za_th_nmar_YP001581926_OG5_130963	39.5	377	212	6	6	379	16	379	1.3e-71	269.6
Ba_cy_Prsp_XX_015229456_Contig_2757_Len306_OG5_135464	Ba_cy_syne_NP898239_OG5_135464	61.8	89	33	1	13	100	17	105	2.2e-24	110.2
Ba_cy_Prsp_XX_015229407_Contig_942_Len1083_OG5_172392	Ba_cy_syne_NP898321_OG5_172392	33.0	312	184	9	1	302	1	297	2.3e-44	178.3
Ba_cy_Prsp_XX_015228985_Contig_1268_Len906_OG5_131886	Ba_cy_syne_NP896123_OG5_131886	50.7	292	142	2	7	297	3	293	1.9e-73	275.4
Ba_cy_Prsp_XX_015228142_Contig_269_Len1821_OG5_137048	Ba_pg_ypes_NP395421_OG5_137048	37.2	148	83	4	21	161	2	146	9e-19	94.7
Ba_cy_Prsp_XX_015228586_Contig_572_Len1374_OG5_126626	Ba_bc_ctep_NP661063_OG5_126626	61.7	447	169	1	3	449	2	446	2.6e-159	561.2
Ba_cy_Prsp_XX_015228024_Contig_326_Len1692_OG5_128013	Ba_cy_syne_NP898325_OG5_128013	30.3	201	117	5	4	189	5	197	1.3e-14	80.9
Ba_cy_Prsp_XX_015230981_Contig_443_Len1515_OG5_135098	Pl_rh_Gsul_005705620Contig1221Len1890_OG5_135098	42.1	394	205	12	130	501	233	625	1.3e-72	272.7
Ba_cy_Prsp_XX_015230701_Contig_127_Len2322_OG5_126855	Ba_cy_syne_NP898328_OG5_126855	42.0	790	403	10	9	766	2	768	3.6e-161	568.2
Ba_cy_Prsp_XX_015229430_Contig_1618_Len747_OG5_126568	Ba_pb_rsol_NP520095_OG5_126568	25.8	217	150	2	31	236	19	235	1.3e-19	96.3
Ba_cy_Prsp_XX_015231068_Contig_491_Len1455_OG5_126863	Ba_cy_syne_NP897711_OG5_126863	63.9	490	168	3	1	484	1	487	3.2e-176	617.5
Ba_cy_Prsp_XX_015230598_Contig_1413_Len834_OG5_134385	Ba_fb_lmon_NP465198_OG5_134385	62.1	277	100	1	1	277	1	272	1.7e-100	364.4
Ba_cy_Prsp_XX_041235736_Contig_306_Len1722_OG5_160403	Ba_de_drad_NP_285657_OG5_160403	34.6	208	114	4	357	564	106	291	1.9e-21	103.6
Ba_cy_Prsp_XX_015227969_Contig_1720_Len696_OG5_155247	Ba_pl_rbal_NP865688_OG5_155247	53.0	232	107	1	1	230	9	240	9e-60	229.6
Ba_cy_Prsp_XX_015230178_Contig_896_Len1110_OG5_126946	Ba_cy_syne_NP896339_OG5_126946	62.8	363	133	2	6	367	2	363	2.8e-132	471.1
Ba_cy_Prsp_XX_015230857_Contig_413_Len1563_OG5_141322	Pl_gr_atha_NP172918_OG5_141322	28.3	547	321	21	20	518	35	558	5.5e-47	187.6
Ba_cy_Prsp_XX_015231082_Contig_1745_Len684_OG5_140446	Sr_ch_Vbra_Contig14990length876_OG5_140446	54.4	228	99	3	4	226	63	290	7e-65	246.5
Ba_cy_Prsp_XX_015230221_Contig_862_Len1128_OG5_129567	Ba_fc_cbot_YP001786754.1_OG5_129567	27.6	323	204	6	32	353	19	312	5.7e-40	164.5
Ba_cy_Prsp_XX_015229415_Contig_212_Len1962_OG5_137048	Ba_pa_wend_YP001975138_OG5_137048	33.1	417	217	17	93	482	41	422	3.8e-47	189.1
Ba_cy_Prsp_XX_015229800_Contig_981_Len1062_OG5_132080	Pl_rh_cmer_CMV056C_OG5_132080	51.1	317	147	2	7	323	2	310	7.9e-90	329.3
Ba_cy_Prsp_XX_015231019_Contig_578_Len1371_OG5_126653	Op_me_cint_ENSCINP00000014418_OG5_126653	32.7	312	198	6	44	352	21	323	1.1e-45	183.7
Ba_cy_Prsp_XX_015229759_Contig_927_Len1092_OG5_129399	Ba_fb_lmon_NP464341_OG5_129399	29.2	346	187	14	18	363	11	298	1e-25	117.1
Ba_cy_Prsp_XX_015230529_Contig_727_Len1224_OG5_130276	Ba_cy_syne_NP897267_OG5_130276	75.9	390	94	0	17	406	8	397	3.1e-172	604.0
Ba_cy_Prsp_XX_015230928_Contig_917_Len1095_OG5_130798	Ba_pd_gsul_NP952963_OG5_130798	33.1	369	221	12	1	359	2	354	7.6e-45	180.6
Ba_cy_Prsp_XX_015229809_Contig_973_Len1065_OG5_132341	Za_ec_mjan_NP248059_OG5_132341	34.0	353	211	3	2	353	3	334	5.4e-56	217.6
Ba_cy_Prsp_XX_015229778_Contig_532_Len1407_OG5_126691	Op_ch_mbre_fgenesh2pg.scaffold12000102_OG5_126691	27.3	477	297	15	4	462	110	554	3.4e-37	155.6
Ba_cy_Prsp_XX_015229345_Contig_263_Len1830_OG5_128850	Ba_aq_aaeo_NP213953_OG5_128850	25.7	637	403	25	20	603	3	622	3.2e-48	192.6
Ba_cy_Prsp_XX_015230021_Contig_1644_Len735_OG5_133730	Ba_pd_gsul_NP953761_OG5_133730	49.8	225	98	7	11	230	4	218	3.2e-55	214.5
Ba_cy_Prsp_XX_015229676_Contig_220_Len1929_OG5_126588	Am_ar_ehis_EHI001950_OG5_126588	46.6	611	293	12	4	593	20	618	1.3e-145	516.2
Ba_cy_Prsp_XX_083874437_Contig_1237_Len921_OG5_134240	Pl_gr_rcom_30592.m000019_OG5_134240	27.0	307	191	12	2	290	41	332	4.3e-17	88.2
Ba_cy_Prsp_XX_015230732_Contig_2367_Len435_OG5_126941	Ba_pl_rbal_NP868564_OG5_126941	45.8	144	76	1	1	142	39	182	1.5e-33	141.7
Ba_cy_Prsp_XX_015230898_Contig_223_Len1917_OG5_129638	Op_me_nvec_estExtgwp.C2130049_OG5_129638	31.8	537	321	16	16	530	38	551	2e-62	239.2
Ba_cy_Prsp_XX_015230216_Contig_1835_Len642_OG5_127507	Sr_ci_Otri_EJY87019Contig21069Len633_OG5_127507	34.5	200	118	5	3	197	18	209	1e-23	109.0
Ba_cy_Prsp_XX_015229449_Contig_2464_Len396_OG5_164496	Pl_gr_ppat_gw1.27.87.1_OG5_164496	50.0	70	35	0	5	74	1	70	9.1e-15	78.6
Ba_cy_Prsp_XX_015230652_Contig_640_Len1302_OG5_129430	Ba_pg_yent_YP001005967.1_OG5_129430	28.2	436	235	23	13	382	4	427	3.7e-30	132.1
Ba_cy_Prsp_XX_015229110_Contig_1437_Len825_OG5_128441	Ba_ch_deth_YP181162_OG5_128441	36.6	273	138	10	7	270	1	247	4.1e-35	147.9
Ba_cy_Prsp_XX_015230769_Contig_94_Len2607_OG5_127177	Za_cr_cmaq_YP001540116_OG5_127177	33.4	866	522	19	16	860	12	843	1e-140	500.4
Ba_cy_Prsp_XX_015229376_Contig_960_Len1071_OG5_158690	Ba_fb_bant_YP018375_OG5_158690	45.2	241	123	4	4	238	3	240	1.3e-52	205.7
Ba_cy_Prsp_XX_015228616_Contig_710_Len1239_OG5_140055	Ba_cy_syne_NP898238_OG5_140055	70.2	406	120	1	1	406	1	405	1.3e-173	607.8
Ba_cy_Prsp_XX_015229561_Contig_661_Len1284_OG5_126806	Ba_cy_syne_NP896292_OG5_126806	56.3	428	176	2	1	417	1	428	6.9e-130	463.4
Ba_cy_Prsp_XX_015230640_Contig_650_Len1296_OG5_130923	Ba_aq_aaeo_NP213424_OG5_130923	65.8	398	135	1	16	413	6	402	2e-151	534.3
Ba_cy_Prsp_XX_015229784_Contig_812_Len1161_OG5_126815	Pl_gr_otau_gw1.01.00.311.1_OG5_126815	44.7	311	150	4	54	354	1	299	1.3e-66	252.3
Ba_cy_Prsp_XX_015228252_Contig_2462_Len396_OG5_130371	Ba_cy_syne_NP898490_OG5_130371	40.0	120	71	1	6	125	9	127	5.3e-23	105.9
Ba_cy_Prsp_XX_015230282_Contig_381_Len1608_OG5_126923	Ba_th_tmar_NP229451_OG5_126923	21.8	477	330	14	10	466	3	456	4.5e-30	132.1
Ba_cy_Prsp_XX_015230848_Contig_436_Len1527_OG5_136482	Za_ec_mjan_NP248387_OG5_136482	30.3	188	126	3	317	504	13	195	1.7e-18	93.6
Ba_cy_Prsp_XX_015229609_Contig_276_Len1806_OG5_150368	Ba_pb_rsol_NP518693_OG5_150368	44.7	470	252	6	7	471	2	468	2.2e-97	355.9
Ba_cy_Prsp_XX_015229271_Contig_1626_Len744_OG5_164687	Pl_rh_Gsul_005706363Contig3002Len1203_OG5_164687	31.4	229	148	6	22	247	159	381	1.9e-23	109.0
Ba_cy_Prsp_XX_015229187_Contig_1154_Len966_OG5_126648	Op_fu_aory_AO090003001095_OG5_126648	25.7	338	204	12	2	301	7	335	1.4e-24	112.5
Ba_cy_Prsp_XX_015230893_Contig_1024_Len1041_OG5_137563	Pl_gr_crei_121619_OG5_137563	41.2	335	169	9	4	335	1	310	7.6e-61	233.0
Ba_cy_Prsp_XX_015229392_Contig_1149_Len969_OG5_131244	Ba_pl_rbal_NP867437_OG5_131244	26.0	289	187	8	11	286	55	329	3.7e-19	95.1
Ba_cy_Prsp_XX_015228556_Contig_1124_Len981_OG5_129567	Ba_pg_yent_YP001007292.1_OG5_129567	29.3	276	193	2	25	300	15	288	6.8e-37	154.1
Ba_cy_Prsp_XX_015227865_Contig_692_Len1254_OG5_126889	Ba_cy_syne_NP897728_OG5_126889	37.3	413	236	6	2	409	5	399	7.8e-62	237.3
Ba_cy_Prsp_XX_015229119_Contig_2012_Len570_OG5_130948	Ba_cy_syne_NP898430_OG5_130948	54.2	168	77	0	1	168	1	168	6.2e-49	192.6
Ba_cy_Prsp_XX_015230620_Contig_2034_Len564_OG5_136640	Pl_gr_micr_ACO65330_OG5_136640	38.3	167	89	5	22	187	10	163	1.4e-21	101.7
Ba_cy_Prsp_XX_015229530_Contig_402_Len1581_OG5_127006	Ba_cy_syne_NP896628_OG5_127006	67.6	528	169	2	1	526	1	528	5.5e-206	716.5
Ba_cy_Prsp_XX_015230878_Contig_2374_Len432_OG5_130574	Ba_bc_ctep_NP662773_OG5_130574	52.5	141	67	0	1	141	1	141	9.8e-39	158.3
Ba_cy_Prsp_XX_015229412_Contig_1604_Len753_OG5_132739	Sr_ch_Vbra_Contig10092length1329_OG5_132739	37.3	241	151	0	8	248	94	334	5.9e-49	193.7
Ba_cy_Prsp_XX_015229961_Contig_133_Len2268_OG5_127579	Ba_cy_syne_NP897587_OG5_127579	56.2	749	320	3	7	754	15	756	3.5e-270	930.2
Ba_cy_Prsp_XX_083874343_Contig_1393_Len840_OG5_129532	Pl_gr_rcom_34921.m000032_OG5_129532	37.1	205	120	4	7	203	47	250	2.8e-31	135.2
Ba_cy_Prsp_XX_015228901_Contig_2257_Len474_OG5_132017	Pl_rh_Gsul_005704735Contig5357Len642_OG5_132017	47.1	155	79	2	2	155	52	204	7.7e-37	152.1
Ba_cy_Prsp_XX_015229247_Contig_1763_Len675_OG5_132290	Ba_fb_spne_NP346502_OG5_132290	40.0	015228545_Contig_41_Len3558	Za_eh_hwal_YP657044_OG5_127360	31.7	1235	731	23	2	1185	1	1173	1.1e-170	599.7
Ba_cy_Prsp_XX_015228737_Contig_404_Len1572_OG5_130549	Ex_pa_tvag_TVAG404010_OG5_130549	32.2	394	229	12	9	385	9	381	2.4e-39	162.9
Ba_cy_Prsp_XX_015230396_Contig_103_Len2529_OG5_127109	Za_eb_msmi_YP001273228_OG5_127109	29.4	405	252	8	1	374	3	404	1.9e-44	179.9
Ba_cy_Prsp_XX_015230887_Contig_1360_Len858_OG5_164651	EE_ha_Ehux_005785706Contig24848Len630_OG5_164651	34.4	218	119	3	16	233	16	209	4.8e-21	100.5
Ba_cy_Prsp_XX_015230587_Contig_1220_Len930_OG5_133152	Ba_cy_syne_NP896885_OG5_133152	39.7	300	163	9	1	294	24	311	2.3e-45	181.4
Ba_cy_Prsp_XX_015229024_Contig_1291_Len894_OG5_141690	Pl_gr_crei_206091_OG5_141690	41.2	199	112	4	102	297	73	269	1.4e-33	142.9
Ba_cy_Prsp_XX_015230572_Contig_908_Len1101_OG5_158690	Ba_fb_bant_YP018375_OG5_158690	43.3	240	127	3	4	236	3	240	5.6e-54	210.3
Ba_cy_Prsp_XX_015228940_Contig_631_Len1314_OG5_158436	Sr_ch_Vbra_Contig7593length1638_OG5_158436	41.7	444	229	10	3	423	38	474	2.6e-92	338.6
Ba_cy_Prsp_XX_015231087_Contig_1719_Len699_OG5_127122	Za_eh_halo_NP280134_OG5_127122	29.1	223	152	3	6	228	2	218	1e-23	109.8
Ba_cy_Prsp_XX_015229405_Contig_63_Len3024_OG5_130145	Ba_cy_syne_NP898138_OG5_130145	54.4	1006	402	14	20	1007	37	1003	0	1034.2
Ba_cy_Prsp_XX_015229165_Contig_732_Len1218_OG5_126906	Ba_bc_ctep_NP661282_OG5_126906	36.6	407	247	6	2	403	249	649	1e-66	253.4
Ba_cy_Prsp_XX_015230129_Contig_959_Len1074_OG5_160691	Pl_gr_ppat_estExtfgenesh1pg.C3470023_OG5_160691	55.3	351	149	5	5	348	75	424	8.9e-107	386.3
Ba_cy_Prsp_XX_015229745_Contig_654_Len1290_OG5_126677	Ba_fc_cper_YP694487_OG5_126677	48.6	432	211	5	1	428	1	425	1.7e-115	414.8
Ba_cy_Prsp_XX_015229889_Contig_470_Len1485_OG5_131329	Pl_rh_Gsul_005705716Contig1393Len1782_OG5_131329	36.9	518	285	13	2	489	56	561	2.3e-97	355.5
Ba_cy_Prsp_XX_015230484_Contig_595_Len1356_OG5_126785	Sr_st_tpse_estExtfgenesh1pm.Cchr200002_OG5_126785	47.1	469	224	9	2	450	52	516	5.7e-111	400.6
Ba_cy_Prsp_XX_015227854_Contig_1112_Len987_OG5_157648	Pl_rh_cmer_CMV155C_OG5_157648	47.2	305	145	4	23	327	12	300	2.1e-76	284.6
Ba_cy_Prsp_XX_015230303_Contig_84_Len2685_OG5_126636	Ba_pg_cbur_NP819146_OG5_126636	53.0	881	382	8	7	881	4	858	1.9e-259	894.8
Ba_cy_Prsp_XX_015228380_Contig_955_Len1074_OG5_127109	Ba_de_drad_NP285355_OG5_127109	41.2	357	201	5	1	357	10	357	1.4e-70	265.4
Ba_cy_Prsp_XX_015230344_Contig_467_Len1488_OG5_127330	Sr_ch_Vbra_Contig6411length1812_OG5_127330	50.0	506	225	7	9	495	86	582	2e-144	511.9
Ba_cy_Prsp_XX_015230281_Contig_274_Len1809_OG5_126923	Op_me_sman_Smp038620_OG5_126923	28.1	349	180	13	8	330	32	335	4.8e-20	99.0
Ba_cy_Prsp_XX_015230687_Contig_317_Len1713_OG5_137048	Ba_pd_gsul_NP952009_OG5_137048	28.2	400	226	13	50	439	17	365	1.1e-31	137.5
Ba_cy_Prsp_XX_015230180_Contig_1553_Len771_OG5_133122	Ba_cy_syne_NP896340_OG5_133122	39.3	244	128	5	17	255	23	251	1.3e-35	149.4
Ba_cy_Prsp_XX_015229418_Contig_456_Len1503_OG5_129156	Ba_cy_syne_NP897575_OG5_129156	40.8	488	273	7	2	477	18	501	2.9e-95	348.6
Ba_cy_Prsp_XX_015228772_Contig_1037_Len1032_OG5_127400	Za_eh_halo_NP279697_OG5_127400	32.0	266	164	5	68	333	32	280	3.3e-34	145.2
Ba_cy_Prsp_XX_015230943_Contig_1133_Len978_OG5_131037	Pl_gr_vcar_XP002949175_OG5_131037	38.3	360	173	8	3	316	2	358	5.1e-59	226.9
Ba_cy_Prsp_XX_015230238_Contig_1431_Len828_OG5_133987	Ba_cy_syne_NP896577_OG5_133987	57.1	254	107	2	3	254	4	257	2.7e-71	268.1
Ba_cy_Prsp_XX_051017290_Contig_1177_Len951_OG5_132159	Pl_gr_atha_NP198460_OG5_132159	34.4	317	188	6	8	313	163	470	2.1e-51	202.2
Ba_cy_Prsp_XX_015229099_Contig_788_Len1176_OG5_126815	Ba_fc_cper_YP696908_OG5_126815	38.2	364	178	13	30	384	129	454	1.7e-53	208.8
Ba_cy_Prsp_XX_015229114_Contig_2586_Len357_OG5_129936	Ba_cy_syne_NP897915_OG5_129936	72.9	118	32	0	1	118	37	154	2.9e-46	183.7
Ba_cy_Prsp_XX_015228209_Contig_808_Len1161_OG5_149916	Pl_gr_rcom_30226.m001998_OG5_149916	29.9	361	231	9	3	349	23	375	3.7e-32	137.9
Ba_cy_Prsp_XX_015228572_Contig_881_Len1116_OG5_131453	Op_me_clup_ENSCAFP00000002371_OG5_131453	29.6	159	109	2	163	319	105	262	1.8e-15	82.4
Ba_cy_Prsp_XX_015230034_Contig_2471_Len393_OG5_163473	Op_ic_Sarc_Contig14544length291_OG5_163473	38.3	81	49	1	50	129	10	90	1.4e-12	71.2
Ba_cy_Prsp_XX_015228268_Contig_886_Len1113_OG5_132843	Ba_cy_syne_NP896883_OG5_132843	41.2	359	193	6	1	352	1	348	3.6e-74	278.1
Ba_cy_Prsp_XX_015230410_Contig_3_Len9474_OG5_136984	Ba_fb_bant_YP017700_OG5_136984	35.6	598	328	18	186	776	28	575	1.3e-92	342.4
Ba_cy_Prsp_XX_015228623_Contig_1571_Len762_OG5_141824	Ba_cy_syne_NP897100_OG5_141824	50.4	242	116	3	10	250	1	239	1.9e-58	225.3
Ba_cy_Prsp_XX_015231077_Contig_186_Len2037_OG5_129852	Ba_ac_mtub_NP215600_OG5_129852	33.9	622	345	23	2	606	9	581	2.1e-78	292.4
Ba_cy_Prsp_XX_015229109_Contig_1153_Len966_OG5_127395	Am_my_ddis_hemC_OG5_127395	48.9	325	156	4	3	318	2	325	2.1e-81	301.2
Ba_cy_Prsp_XX_015229949_Contig_1298_Len891_OG5_144400	Za_eh_hwal_YP658100_OG5_144400	27.8	288	202	6	8	291	11	296	3e-26	117.9
Ba_cy_Prsp_XX_015228208_Contig_541_Len1398_OG5_126747	Ba_pg_ecol_AP003442_OG5_126747	48.5	441	227	0	22	462	8	448	4.7e-116	417.5
Ba_cy_Prsp_XX_015228588_Contig_721_Len1230_OG5_145087	Ba_cy_syne_NP898465_OG5_145087	59.4	397	158	1	16	409	72	468	1.8e-135	481.9
Ba_cy_Prsp_XX_015230539_Contig_187_Len2031_OG5_128196	Ba_cy_syne_NP897018_OG5_128196	39.5	697	382	12	6	672	20	706	3.5e-128	458.4
Ba_cy_Prsp_XX_015228698_Contig_1249_Len915_OG5_127332	Op_me_cele_WBGene00000762_OG5_127332	31.6	304	186	8	6	304	58	344	1.9e-39	161.8
Ba_cy_Prsp_XX_015229039_Contig_1436_Len825_OG5_126906	Ba_pd_gsul_NP953459_OG5_126906	35.1	222	130	4	18	230	3	219	2.2e-28	125.6
Ba_cy_Prsp_XX_015230019_Contig_1150_Len969_OG5_134352	Pl_gr_ppat_estExtGenewise1.C120208_OG5_134352	32.8	320	204	5	4	318	13	326	1.1e-39	163.3
Ba_cy_Prsp_XX_015228529_Contig_2844_Len282_OG5_127905	Ba_aq_aaeo_NP213022_OG5_127905	35.9	92	59	0	1	92	1	92	1.8e-12	70.5
Ba_cy_Prsp_XX_015228516_Contig_214_Len1947_OG5_132296	Ba_ac_mtub_NP216859_OG5_132296	33.6	521	314	12	3	505	2	508	6.9e-65	248.1
Ba_cy_Prsp_XX_015228360_Contig_1714_Len699_OG5_131023	Za_eh_halo_NP280345_OG5_131023	31.8	233	146	5	2	231	8	230	1e-23	109.8
Ba_cy_Prsp_XX_015228347_Contig_324_Len1698_OG5_136849	Pl_gr_vcar_XP002945980_OG5_136849	34.5	423	261	7	1	413	93	509	6.6e-70	263.8
Ba_cy_Prsp_XX_015228399_Contig_859_Len1128_OG5_144267	Ba_cy_syne_NP897958_OG5_144267	43.7	375	198	8	4	374	3	368	4.3e-78	290.4
Ba_cy_Prsp_XX_015228375_Contig_234_Len1902_OG5_137048	Ba_pa_wend_YP001975138_OG5_137048	33.0	464	238	20	38	473	6	424	5.7e-48	191.8
Ba_cy_Prsp_XX_015227852_Contig_2690_Len327_OG5_127463	Ba_fb_saur_NP371464_OG5_127463	35.6	104	67	0	2	105	4	107	1.1e-15	82.0
Ba_cy_Prsp_XX_015230693_Contig_735_Len1215_OG5_126815	Pl_rh_cmer_CML185C_OG5_126815	44.7	385	199	5	34	404	99	483	3.1e-90	330.9
Ba_cy_Prsp_XX_015230032_Contig_895_Len1110_OG5_132448	Za_cr_ihos_YP001435319_OG5_132448	34.4	183	113	2	185	362	135	315	7.2e-27	120.9
Ba_cy_Prsp_XX_015228302_Contig_311_Len1716_OG5_133733	Ba_pd_gsul_NP952533_OG5_133733	26.5	419	281	11	152	562	27	426	1e-25	117.1
Ba_cy_Prsp_XX_015230980_Contig_3010_Len249_OG5_137245	Pl_gr_ppat_gw1.34.195.1_OG5_137245	71.4	77	22	0	6	82	1	77	4.3e-25	112.8
Ba_cy_Prsp_XX_015228022_Contig_70_Len2871_OG5_128579	Ba_cy_syne_NP896181_OG5_128579	67.4	960	278	5	2	956	1	930	0	1291.2
Ba_cy_Prsp_XX_041235652_Contig_951_Len1077_OG5_127656	Ba_cy_syne_NP898423_OG5_127656	38.8	358	202	5	6	358	7	352	1.6e-63	242.7
Ba_cy_Prsp_XX_015230925_Contig_259_Len1854_OG5_156642	Pl_gr_rcom_29681.m001304_OG5_156642	46.1	532	264	13	91	607	264	787	1.4e-112	406.4
Ba_cy_Prsp_XX_041235713_Contig_368_Len1623_OG5_128913	Ba_fb_bant_YP017808_OG5_128913	48.0	275	122	5	266	538	3	258	2.3e-66	252.7
Ba_cy_Prsp_XX_015230573_Contig_305_Len1725_OG5_149618	Sr_ci_Ptet_001454184Contig16889Len1182_OG5_149618	32.6	236	159	0	326	561	113	348	2.6e-36	152.9
Ba_cy_Prsp_XX_015230575_Contig_2253_Len477_OG5_129779	Pl_gr_vcar_XP002951490_OG5_129779	47.7	149	77	1	7	155	1	148	8.6e-30	129.4
Ba_cy_Prsp_XX_015230092_Contig_198_Len2001_OG5_158931	Ba_fb_bant_YP017195_OG5_158931	32.5	243	145	5	404	645	186	410	7.6e-27	121.7
Ba_cy_Prsp_XX_015228879_Contig_130_Len2289_OG5_128389	Ba_cy_syne_NP898413_OG5_128389	55.3	756	316	10	12	757	30	773	5.8e-239	825.9
Ba_cy_Prsp_XX_015230964_Contig_185_Len2040_OG5_128850	Ba_cy_syne_NP898351_OG5_128850	59.6	680	255	4	1	678	1	662	6.6e-236	816.2
Ba_cy_Prsp_XX_015229438_Contig_1184_Len948_OG5_126568	Ba_pl_rbal_NP863810_OG5_126568	37.4	313	187	5	6	315	2	308	7.7e-54	210.3
Ba_cy_Prsp_XX_015228137_Contig_616_Len1332_OG5_131267	Op_me_tadh_fgeneshTA2pg.Cscaffold16000044_OG5_131267	43.1	425	232	4	13	431	4	424	6e-95	346.7
Ba_cy_Prsp_XX_015230524_Contig_1050_Len1026_OG5_128014	Ba_pa_atum_NP357337_OG5_128014	38.2	322	177	3	20	341	3	302	8.6e-59	226.9
Ba_cy_Prsp_XX_015230672_Contig_31_Len4080_OG5_127113	Ba_pl_rbal_NP865526_OG5_127113	42.2	507	243	14	3	502	6	469	4e-99	362.8
Ba_cy_Prsp_XX_015230480_Contig_2318_Len453_OG5_155481	Op_me_tadh_fgeneshTA2pg.Cscaffold4000555_OG5_155481	41.1	141	70	5	21	149	11	150	3.3e-23	107.5
Ba_cy_Prsp_XX_015230521_Contig_1505_Len792_OG5_133113	Ba_cy_syne_NP896653_OG5_133113	49.0	257	129	1	6	260	10	266	9.3e-69	259.6
Ba_cy_Prsp_XX_015228238_Contig_1193_Len942_OG5_140007	Za_eh_hwal_YP657325_OG5_140007	28.7	261	177	4	32	290	53	306	3.9e-24	110.9